Date,Time,Latitude,Longitude,Logger ID,Deployment,Altitude,R-Err,C-Err,Total C-Err,No satellites used,No satellites available,Duplicates,Notes
02/12/2010,17:28:00,-54.24483,-36.492664,SFL00000423,AFSMai. 18,0,8.366079,93.57,93.57,7,7,0,
02/12/2010,17:33:00,-54.24494,-36.492028,SFL00000423,AFSMai. 18,0,5.101287,0.05,93.57,5,5,0,
02/12/2010,17:38:00,-54.244753,-36.492574,SFL00000423,AFSMai. 18,0,12.489018,-0.05,93.52,6,6,0,
02/12/2010,17:43:00,-54.244801,-36.492259,SFL00000423,AFSMai. 18,0,1.327853,0.05,93.52,5,5,0,
02/12/2010,17:48:00,-54.237653,-36.486578,SFL00000423,AFSMai. 18,0,0.947001,1.04,93.52,4,4,0,
02/12/2010,17:53:00,-54.244673,-36.492885,SFL00000423,AFSMai. 18,0,12.113883,-0.05,93.47,6,6,0,
02/12/2010,17:59:00,-54.245257,-36.493389,SFL00000423,AFSMai. 18,0,0.467378,-0.02,93.47,4,4,0,
02/12/2010,18:04:00,-54.245,-36.492253,SFL00000423,AFSMai. 18,0,8.045055,0.03,93.5,6,6,0,
02/12/2010,18:09:00,-54.244998,-36.492091,SFL00000423,AFSMai. 18,0,8.199708,0,93.5,5,5,0,
02/12/2010,18:14:00,-54.244824,-36.492414,SFL00000423,AFSMai. 18,0,10.182177,-0.05,93.45,7,7,0,
02/12/2010,18:19:00,-54.24417,-36.492705,SFL00000423,AFSMai. 18,0,0.446779,0.05,93.45,4,4,0,
02/12/2010,18:24:00,-54.244806,-36.492608,SFL00000423,AFSMai. 18,0,15.99156,-0.03,93.42,7,7,0,
02/12/2010,18:29:00,-54.244858,-36.492434,SFL00000423,AFSMai. 18,0,5.108906,-0.03,93.39,7,7,0,
02/12/2010,19:32:00,-54.244651,-36.492903,SFL00000423,AFSMai. 18,0,9.195828,-0.14,93.25,7,7,0,
02/12/2010,20:32:00,-54.244371,-36.492203,SFL00000423,AFSMai. 18,0,6.929562,-0.06,93.19,7,7,0,
02/12/2010,21:32:00,-54.244936,-36.492304,SFL00000423,AFSMai. 18,0,1.673693,-0.17,93.02,6,6,0,
02/12/2010,22:32:00,-54.244716,-36.49235,SFL00000423,AFSMai. 18,0,20.351629,-0.11,92.91,7,7,0,
02/12/2010,23:32:00,-54.244462,-36.492411,SFL00000423,AFSMai. 18,0,9.933362,-0.16,92.91,5,5,0,
03/12/2010,00:32:00,-54.244779,-36.492314,SFL00000423,AFSMai. 18,0,8.218434,-0.24,92.67,7,7,0,
03/12/2010,01:32:00,-54.244788,-36.4925,SFL00000423,AFSMai. 18,0,3.302098,-0.11,92.56,8,8,0,
03/12/2010,02:32:00,-54.244809,-36.492506,SFL00000423,AFSMai. 18,0,7.964467,-0.07,92.49,8,8,0,
03/12/2010,03:32:00,-54.244749,-36.492391,SFL00000423,AFSMai. 18,0,8.947668,-0.14,92.35,6,7,0,
03/12/2010,04:32:00,-54.244467,-36.492634,SFL00000423,AFSMai. 18,0,8.994989,-0.09,92.26,7,8,0,
03/12/2010,05:32:00,-54.244636,-36.492674,SFL00000423,AFSMai. 18,0,4.908265,-0.09,92.17,7,8,0,
03/12/2010,06:32:00,-54.244718,-36.492624,SFL00000423,AFSMai. 18,0,5.766598,-0.16,92.01,8,8,0,
03/12/2010,07:32:00,-54.244832,-36.492539,SFL00000423,AFSMai. 18,0,6.310553,-0.11,91.9,7,7,0,
03/12/2010,08:32:00,-54.244769,-36.492534,SFL00000423,AFSMai. 18,0,6.737781,-0.1,91.8,6,6,0,
03/12/2010,09:32:00,-54.24472,-36.492291,SFL00000423,AFSMai. 18,0,2.897578,-0.14,91.66,6,6,0,
03/12/2010,10:32:00,-54.244484,-36.492305,SFL00000423,AFSMai. 18,0,3.810746,-0.15,91.51,7,7,0,
03/12/2010,12:36:00,-54.245258,-36.491975,SFL00000423,AFSMai. 18,0,0.486183,-0.26,91.51,4,5,0,
03/12/2010,13:36:00,-54.244562,-36.49232,SFL00000423,AFSMai. 18,0,7.36481,-0.4,91.11,7,8,0,
03/12/2010,14:36:00,-54.244477,-36.49176,SFL00000423,AFSMai. 18,0,3.950292,-0.11,91.11,5,5,0,
03/12/2010,15:36:00,-54.245594,-36.492006,SFL00000423,AFSMai. 18,0,1.345323,-0.29,91.11,5,5,0,
03/12/2010,16:36:00,-54.244752,-36.492443,SFL00000423,AFSMai. 18,0,8.557345,-0.48,90.63,8,8,0,
03/12/2010,17:36:00,-54.24472,-36.492414,SFL00000423,AFSMai. 18,0,8.511293,-0.13,90.5,7,7,0,
03/12/2010,18:36:00,-54.244087,-36.492126,SFL00000423,AFSMai. 18,0,4.618625,-0.08,90.5,5,5,0,
03/12/2010,19:36:00,-54.248226,-36.481396,SFL00000423,AFSMai. 18,0,2.221265,-0.49,90.5,4,4,0,
03/12/2010,20:36:00,-54.244782,-36.492086,SFL00000423,AFSMai. 18,0,4.347441,-0.42,90.5,5,5,0,
03/12/2010,21:36:00,-54.244735,-36.492677,SFL00000423,AFSMai. 18,0,14.737538,-0.58,89.92,7,7,0,
03/12/2010,22:36:00,-54.244809,-36.492125,SFL00000423,AFSMai. 18,0,20.821259,-0.1,89.82,7,7,0,
03/12/2010,23:36:00,-54.244857,-36.492439,SFL00000423,AFSMai. 18,0,12.572902,-0.11,89.71,6,6,0,
04/12/2010,00:36:00,-54.244705,-36.493169,SFL00000423,AFSMai. 18,0,1.352386,-0.16,89.55,6,6,0,
04/12/2010,01:36:00,-54.244596,-36.490672,SFL00000423,AFSMai. 18,0,0.915359,0.04,89.55,4,4,0,
04/12/2010,02:36:00,-54.244489,-36.492271,SFL00000423,AFSMai. 18,0,11.634647,-0.13,89.42,6,7,0,
04/12/2010,03:36:00,-54.24493,-36.492285,SFL00000423,AFSMai. 18,0,2.282569,-0.1,89.42,4,4,0,
04/12/2010,04:38:00,-54.24461,-36.492243,SFL00000423,AFSMai. 18,0,2.663106,-0.23,89.42,4,4,0,
04/12/2010,06:42:00,-54.244819,-36.492667,SFL00000423,AFSMai. 18,0,4.66659,-0.48,88.94,8,8,0,
04/12/2010,07:42:00,-54.244851,-36.492132,SFL00000423,AFSMai. 18,0,2.759163,-0.09,88.85,6,6,0,
04/12/2010,08:42:00,-54.244658,-36.492629,SFL00000423,AFSMai. 18,0,6.731146,-0.09,88.76,7,7,0,
04/12/2010,09:42:00,-54.244347,-36.491516,SFL00000423,AFSMai. 18,0,7.42482,-0.07,88.76,5,5,0,
04/12/2010,11:46:00,-54.245774,-36.492972,SFL00000423,AFSMai. 18,0,2.545533,-0.48,88.76,5,5,0,
04/12/2010,12:46:00,-54.244907,-36.492728,SFL00000423,AFSMai. 18,0,7.272483,-0.59,88.17,6,6,0,
04/12/2010,13:46:00,-54.244772,-36.492223,SFL00000423,AFSMai. 18,0,5.426376,-0.11,88.17,5,5,0,
04/12/2010,14:46:00,-54.244706,-36.491765,SFL00000423,AFSMai. 18,0,7.384909,-0.22,87.95,7,8,0,
04/12/2010,15:46:00,-54.244714,-36.492357,SFL00000423,AFSMai. 18,0,11.619849,-0.16,87.79,6,6,0,
04/12/2010,16:46:00,-54.244665,-36.492458,SFL00000423,AFSMai. 18,0,2.300511,-0.16,87.63,6,6,0,
04/12/2010,17:46:00,-54.244678,-36.492514,SFL00000423,AFSMai. 18,0,2.359088,-0.18,87.45,6,6,0,
04/12/2010,18:46:00,-54.244727,-36.493042,SFL00000423,AFSMai. 18,0,10.633112,-0.16,87.45,5,5,0,
04/12/2010,19:46:00,-54.244607,-36.492409,SFL00000423,AFSMai. 18,0,10.616065,-0.29,87.16,6,6,0,
04/12/2010,20:46:00,-54.244927,-36.491785,SFL00000423,AFSMai. 18,0,15.814518,-0.2,86.96,6,6,0,
04/12/2010,21:46:00,-54.244609,-36.492631,SFL00000423,AFSMai. 18,0,12.202992,-0.05,86.91,8,8,0,
04/12/2010,22:46:00,-54.244973,-36.492132,SFL00000423,AFSMai. 18,0,18.12648,-0.15,86.76,6,6,0,
05/12/2010,02:58:00,-54.245047,-36.49265,SFL00000423,AFSMai. 18,0,1.254335,-0.51,86.76,4,4,0,
05/12/2010,03:58:00,-54.244768,-36.492657,SFL00000423,AFSMai. 18,0,0.357122,-0.67,86.76,4,5,0,
05/12/2010,04:58:00,-54.244676,-36.492379,SFL00000423,AFSMai. 18,0,6.862978,-0.76,86,8,8,0,
05/12/2010,05:58:00,-54.244476,-36.491687,SFL00000423,AFSMai. 18,0,6.265098,-0.06,85.94,6,6,0,
05/12/2010,06:58:00,-54.244552,-36.493033,SFL00000423,AFSMai. 18,0,5.399393,-0.22,85.94,5,5,0,
05/12/2010,07:58:00,-54.242926,-36.491189,SFL00000423,AFSMai. 18,0,0.34796,-0.16,85.94,4,4,0,
05/12/2010,08:58:00,-54.244054,-36.492261,SFL00000423,AFSMai. 18,0,3.20288,-0.4,85.94,5,5,0,
05/12/2010,09:58:00,-54.244494,-36.49218,SFL00000423,AFSMai. 18,0,2.083748,-0.54,85.94,5,5,0,
05/12/2010,10:58:00,-54.245009,-36.492751,SFL00000423,AFSMai. 18,0,0.466827,-0.69,85.94,4,4,0,
05/12/2010,13:02:00,-54.244455,-36.49182,SFL00000423,AFSMai. 18,0,1.322652,-0.89,85.94,5,6,0,
05/12/2010,14:02:00,-54.244998,-36.492139,SFL00000423,AFSMai. 18,0,3.451175,-1.03,85.94,5,6,0,
05/12/2010,15:02:00,-54.244522,-36.492257,SFL00000423,AFSMai. 18,0,4.397423,-1.1,84.84,7,7,0,
05/12/2010,16:02:00,-54.244799,-36.492349,SFL00000423,AFSMai. 18,0,8.956786,-0.1,84.84,5,5,0,
05/12/2010,17:02:00,-54.245278,-36.492465,SFL00000423,AFSMai. 18,0,6.089153,-0.21,84.84,5,5,0,
05/12/2010,18:02:00,-54.244742,-36.492384,SFL00000423,AFSMai. 18,0,18.840773,-0.26,84.84,5,5,0,
05/12/2010,19:02:00,-54.244562,-36.492711,SFL00000423,AFSMai. 18,0,0.27029,-0.39,84.84,4,4,0,
05/12/2010,20:02:00,-54.243686,-36.494109,SFL00000423,AFSMai. 18,0,7.443931,-0.4,84.84,5,5,0,
05/12/2010,21:02:00,-54.245305,-36.492165,SFL00000423,AFSMai. 18,0,0.249094,-0.64,84.84,4,4,0,
05/12/2010,22:02:00,-54.2447,-36.492665,SFL00000423,AFSMai. 18,0,12.249605,-0.75,84.09,6,6,0,
05/12/2010,23:02:00,-54.244924,-36.492249,SFL00000423,AFSMai. 18,0,14.024477,-0.12,84.09,5,5,0,
06/12/2010,00:02:00,-54.244608,-36.492312,SFL00000423,AFSMai. 18,0,5.821518,-0.23,83.86,6,6,0,
06/12/2010,01:02:00,-54.244752,-36.492507,SFL00000423,AFSMai. 18,0,4.636655,-0.11,83.75,8,8,0,
06/12/2010,02:02:00,-54.244682,-36.492344,SFL00000423,AFSMai. 18,0,1.520969,-0.12,83.75,4,4,0,
06/12/2010,03:02:00,-54.244743,-36.49235,SFL00000423,AFSMai. 18,0,15.023352,-0.22,83.53,7,8,0,
06/12/2010,04:02:00,-54.244128,-36.4933,SFL00000423,AFSMai. 18,0,1.150552,-0.07,83.53,4,5,0,
06/12/2010,05:02:00,-54.244749,-36.492406,SFL00000423,AFSMai. 18,0,9.575554,-0.24,83.29,8,8,0,
06/12/2010,06:02:00,-54.244717,-36.492341,SFL00000423,AFSMai. 18,0,10.190089,-0.09,83.2,7,7,0,
06/12/2010,07:02:00,-54.244912,-36.492438,SFL00000423,AFSMai. 18,0,0.788333,-0.13,83.2,5,5,0,
06/12/2010,08:02:00,-54.244986,-36.492565,SFL00000423,AFSMai. 18,0,1.770254,-0.3,83.2,5,5,0,
06/12/2010,09:02:00,-54.24497,-36.4924,SFL00000423,AFSMai. 18,0,2.410115,-0.38,83.2,5,5,0,
06/12/2010,10:02:00,-54.244823,-36.492371,SFL00000423,AFSMai. 18,0,3.48531,-0.47,82.73,6,6,0,
06/12/2010,11:03:00,-54.2448,-36.492103,SFL00000423,AFSMai. 18,0,5.793963,-0.15,82.73,5,5,0,
06/12/2010,12:03:00,-54.244401,-36.491756,SFL00000423,AFSMai. 18,0,13.645767,-0.24,82.49,6,6,0,
06/12/2010,13:03:00,-54.244835,-36.492581,SFL00000423,AFSMai. 18,0,3.267104,-0.18,82.49,5,6,0,
06/12/2010,14:03:00,-54.244751,-36.492533,SFL00000423,AFSMai. 18,0,4.767885,-0.37,82.12,7,8,0,
06/12/2010,15:03:00,-54.244939,-36.49239,SFL00000423,AFSMai. 18,0,6.099229,-0.13,81.99,6,6,0,
06/12/2010,17:07:00,-54.244669,-36.492484,SFL00000423,AFSMai. 18,0,4.162753,-0.3,81.69,8,8,0,
06/12/2010,18:07:00,-54.245368,-36.492577,SFL00000423,AFSMai. 18,0,6.497793,-0.16,81.69,5,5,0,
06/12/2010,19:09:00,-54.245563,-36.491544,SFL00000423,AFSMai. 18,0,2.165296,-0.36,81.69,4,4,0,
06/12/2010,20:09:00,-54.244451,-36.492283,SFL00000423,AFSMai. 18,0,3.703609,-0.43,81.69,5,5,0,
06/12/2010,21:09:00,-54.244807,-36.492414,SFL00000423,AFSMai. 18,0,6.776276,-0.58,81.11,8,8,0,
06/12/2010,22:09:00,-54.245316,-36.492414,SFL00000423,AFSMai. 18,0,1.560843,-0.09,81.11,4,4,0,
06/12/2010,23:09:00,-54.244698,-36.492252,SFL00000423,AFSMai. 18,0,15.120981,-0.19,80.92,6,6,0,
07/12/2010,00:09:00,-54.244631,-36.491678,SFL00000423,AFSMai. 18,0,6.88941,0,80.92,5,5,0,
07/12/2010,01:09:00,-54.244768,-36.492487,SFL00000423,AFSMai. 18,0,8.607974,-0.22,80.7,8,8,0,
07/12/2010,02:09:00,-54.244444,-36.492516,SFL00000423,AFSMai. 18,0,5.960007,-0.05,80.65,8,8,0,
07/12/2010,03:09:00,-54.244867,-36.492618,SFL00000423,AFSMai. 18,0,0.659143,-0.17,80.65,4,4,0,
07/12/2010,08:25:00,-54.241969,-36.498818,SFL00000423,AFSMai. 18,0,1.251044,-1.3,80.65,4,4,0,
07/12/2010,10:25:00,-54.244675,-36.492249,SFL00000423,AFSMai. 18,0,4.759832,-1.01,79.64,6,6,0,
07/12/2010,11:25:00,-54.245634,-36.493107,SFL00000423,AFSMai. 18,0,6.918079,-0.24,79.64,5,5,0,
07/12/2010,12:25:00,-54.244309,-36.492562,SFL00000423,AFSMai. 18,0,0.226967,-0.34,79.64,4,4,0,
07/12/2010,13:25:00,-54.244727,-36.492176,SFL00000423,AFSMai. 18,0,8.178524,-0.48,79.16,7,7,0,
07/12/2010,14:25:00,-54.244917,-36.492292,SFL00000423,AFSMai. 18,0,4.863226,-0.14,79.02,7,7,0,
07/12/2010,15:25:00,-54.244601,-36.49235,SFL00000423,AFSMai. 18,0,9.487077,-0.18,78.84,7,7,0,
07/12/2010,16:24:02,-54.244767,-36.492228,SFL00000423,AFSMai. 18,0,0.928015,-0.41,78.84,4,4,0,
07/12/2010,16:31:00,-54.244726,-36.492474,SFL00000423,AFSMai. 18,0,11.620465,-0.76,78.08,7,7,0,
07/12/2010,16:36:00,-54.24475,-36.492357,SFL00000423,AFSMai. 18,0,12.757953,-0.03,78.05,6,6,0,
07/12/2010,16:41:00,-54.244656,-36.492491,SFL00000423,AFSMai. 18,0,8.569802,0,78.05,8,8,0,
07/12/2010,16:46:00,-54.244596,-36.492281,SFL00000423,AFSMai. 18,0,6.260788,-0.04,78.01,6,6,0,
07/12/2010,16:51:00,-54.244617,-36.492449,SFL00000423,AFSMai. 18,0,6.193658,0,78.01,7,7,0,
07/12/2010,16:56:00,-54.244709,-36.492271,SFL00000423,AFSMai. 18,0,7.595407,0.02,78.03,7,7,0,
07/12/2010,17:01:00,-54.244694,-36.49252,SFL00000423,AFSMai. 18,0,7.111922,-0.01,78.02,6,6,0,
07/12/2010,17:06:00,-54.24471,-36.492419,SFL00000423,AFSMai. 18,0,7.01553,-0.03,77.99,7,7,0,
07/12/2010,17:11:00,-54.244592,-36.492199,SFL00000423,AFSMai. 18,0,7.524037,0,77.99,6,6,0,
07/12/2010,17:16:00,-54.244501,-36.492545,SFL00000423,AFSMai. 18,0,9.187298,0.01,78,6,6,0,
07/12/2010,17:21:00,-54.244764,-36.492287,SFL00000423,AFSMai. 18,0,5.934654,-0.02,77.98,6,6,0,
07/12/2010,17:26:00,-54.244677,-36.492307,SFL00000423,AFSMai. 18,0,14.232771,0.01,77.99,7,7,0,
07/12/2010,17:31:00,-54.244658,-36.492703,SFL00000423,AFSMai. 18,0,8.029667,-0.05,77.94,6,6,0,
07/12/2010,17:36:00,-54.244624,-36.491748,SFL00000423,AFSMai. 18,0,4.428491,0.04,77.98,6,6,0,
07/12/2010,17:41:00,-54.244825,-36.492576,SFL00000423,AFSMai. 18,0,19.500758,-0.08,77.9,6,6,0,
07/12/2010,17:46:00,-54.244963,-36.492467,SFL00000423,AFSMai. 18,0,11.8694,0,77.9,8,8,0,
07/12/2010,17:51:00,-54.244494,-36.492187,SFL00000423,AFSMai. 18,0,7.082917,0.02,77.92,7,7,0,
07/12/2010,17:56:00,-54.244596,-36.492585,SFL00000423,AFSMai. 18,0,8.584831,-0.05,77.87,7,7,0,
07/12/2010,18:01:00,-54.244838,-36.492601,SFL00000423,AFSMai. 18,0,8.763217,-0.01,77.86,7,7,0,
07/12/2010,18:06:00,-54.244827,-36.492496,SFL00000423,AFSMai. 18,0,9.710956,0.01,77.87,8,8,0,
07/12/2010,18:11:00,-54.244643,-36.492297,SFL00000423,AFSMai. 18,0,8.481424,0.01,77.88,7,7,0,
07/12/2010,18:16:00,-54.244797,-36.49253,SFL00000423,AFSMai. 18,0,2.854796,-0.03,77.85,7,7,0,
07/12/2010,18:21:00,-54.24463,-36.492482,SFL00000423,AFSMai. 18,0,10.779678,-0.04,77.81,6,6,0,
07/12/2010,18:26:00,-54.244686,-36.493142,SFL00000423,AFSMai. 18,0,1.425827,-0.04,77.77,6,6,0,
07/12/2010,20:34:00,-54.244491,-36.492284,SFL00000423,AFSMai. 18,0,0.21755,-0.28,77.77,4,4,0,
07/12/2010,21:34:00,-54.244799,-36.492445,SFL00000423,AFSMai. 18,0,9.278397,-0.36,77.41,7,7,0,
07/12/2010,22:34:00,-54.244698,-36.492721,SFL00000423,AFSMai. 18,0,0.828474,-0.12,77.41,4,4,0,
07/12/2010,23:34:00,-54.244824,-36.491895,SFL00000423,AFSMai. 18,0,0.637062,-0.16,77.41,4,4,0,
08/12/2010,00:34:00,-54.244764,-36.492534,SFL00000423,AFSMai. 18,0,4.204218,-0.37,77.41,5,5,0,
08/12/2010,01:34:00,-54.244957,-36.492967,SFL00000423,AFSMai. 18,0,5.743464,-0.44,77.41,5,5,0,
08/12/2010,02:36:00,-54.244956,-36.492515,SFL00000423,AFSMai. 18,0,1.908641,-0.6,77.41,5,5,0,
08/12/2010,08:57:00,-54.244924,-36.492435,SFL00000423,AFSMai. 18,0,3.16166,-1.38,76.03,6,6,0,
08/12/2010,09:57:00,-54.244801,-36.492236,SFL00000423,AFSMai. 18,0,3.893084,-0.12,76.03,5,5,0,
08/12/2010,12:01:00,-54.237246,-36.472849,SFL00000423,AFSMai. 18,0,4.515604,1.2,76.03,4,4,0,
08/12/2010,13:01:00,-54.245087,-36.492392,SFL00000423,AFSMai. 18,0,10.25163,-0.58,76.03,5,6,0,
08/12/2010,14:01:00,-54.244845,-36.49225,SFL00000423,AFSMai. 18,0,1.065091,-0.73,75.3,6,7,0,
08/12/2010,15:01:00,-54.244451,-36.493269,SFL00000423,AFSMai. 18,0,5.907967,-0.25,75.3,5,5,0,
08/12/2010,17:05:00,-54.244688,-36.492483,SFL00000423,AFSMai. 18,0,8.743723,-0.45,74.85,7,7,0,
08/12/2010,18:05:00,-54.241312,-36.499316,SFL00000423,AFSMai. 18,0,0.581441,-0.61,74.85,4,4,0,
08/12/2010,19:05:00,-54.244524,-36.492664,SFL00000423,AFSMai. 18,0,7.251846,-0.32,74.53,7,7,0,
08/12/2010,20:05:00,-54.244492,-36.49257,SFL00000423,AFSMai. 18,0,0.408622,-0.16,74.53,4,4,0,
08/12/2010,21:05:00,-54.244816,-36.49249,SFL00000423,AFSMai. 18,0,12.247428,-0.29,74.24,6,6,0,
08/12/2010,22:05:00,-54.252905,-36.506204,SFL00000423,AFSMai. 18,0,1.034184,-1.2,74.24,4,4,0,
08/12/2010,23:05:00,-54.244572,-36.49214,SFL00000423,AFSMai. 18,0,9.905974,-0.22,74.02,6,6,0,
09/12/2010,00:05:00,-54.244885,-36.492924,SFL00000423,AFSMai. 18,0,9.060483,-0.2,74.02,5,5,0,
09/12/2010,01:05:00,-54.244746,-36.492366,SFL00000423,AFSMai. 18,0,0.305724,-0.28,74.02,4,4,0,
09/12/2010,04:13:00,-54.244791,-36.492556,SFL00000423,AFSMai. 18,0,9.746623,-0.67,73.35,7,8,0,
09/12/2010,06:17:00,-54.244863,-36.492482,SFL00000423,AFSMai. 18,0,3.803465,-0.2,73.15,6,6,0,
09/12/2010,07:17:00,-54.244735,-36.492471,SFL00000423,AFSMai. 18,0,5.44298,-0.11,73.04,6,6,0,
09/12/2010,08:17:00,-54.244834,-36.492238,SFL00000423,AFSMai. 18,0,6.593264,-0.11,73.04,5,5,0,
09/12/2010,09:17:00,-54.244737,-36.4928,SFL00000423,AFSMai. 18,0,8.479773,-0.22,73.04,5,5,0,
09/12/2010,10:17:00,-54.244669,-36.492311,SFL00000423,AFSMai. 18,0,7.857246,-0.38,72.66,6,6,0,
09/12/2010,11:17:00,-54.244926,-36.492092,SFL00000423,AFSMai. 18,0,6.076751,-0.14,72.66,5,5,0,
09/12/2010,12:17:00,-54.244439,-36.492735,SFL00000423,AFSMai. 18,0,2.544046,-0.31,72.66,5,6,0,
09/12/2010,13:17:00,-54.24471,-36.492565,SFL00000423,AFSMai. 18,0,9.482615,-0.4,72.26,6,7,0,
09/12/2010,14:17:00,-54.244942,-36.492752,SFL00000423,AFSMai. 18,0,4.501761,-0.17,72.26,5,5,0,
09/12/2010,15:17:00,-54.244817,-36.492115,SFL00000423,AFSMai. 18,0,13.147869,-0.24,72.02,6,6,0,
09/12/2010,16:17:00,-54.244784,-36.492547,SFL00000423,AFSMai. 18,0,5.351488,-0.17,71.85,7,7,0,
09/12/2010,17:17:00,-54.244578,-36.492451,SFL00000423,AFSMai. 18,0,2.744219,-0.16,71.69,6,6,0,
09/12/2010,19:21:00,-54.244443,-36.492524,SFL00000423,AFSMai. 18,0,9.422221,-0.28,71.41,7,7,0,
09/12/2010,20:21:00,-54.245085,-36.492355,SFL00000423,AFSMai. 18,0,1.362504,-0.17,71.41,5,5,0,
09/12/2010,21:21:00,-54.244879,-36.492619,SFL00000423,AFSMai. 18,0,10.137142,-0.22,71.41,5,5,0,
09/12/2010,22:23:00,-54.244687,-36.492439,SFL00000423,AFSMai. 18,0,7.000971,-0.35,71.06,7,7,0,
09/12/2010,23:25:00,-54.244143,-36.492708,SFL00000423,AFSMai. 18,0,0.37762,-0.18,71.06,4,4,0,
10/12/2010,00:25:00,-54.244639,-36.492079,SFL00000423,AFSMai. 18,0,9.8083,-0.21,70.85,6,6,0,
10/12/2010,01:25:00,-54.244847,-36.492484,SFL00000423,AFSMai. 18,0,5.352551,-0.13,70.72,8,8,0,
10/12/2010,02:25:00,-54.244801,-36.492356,SFL00000423,AFSMai. 18,0,5.123028,-0.13,70.59,7,7,0,
10/12/2010,03:25:00,-54.244779,-36.492502,SFL00000423,AFSMai. 18,0,5.017781,-0.12,70.47,7,8,0,
10/12/2010,04:25:00,-54.244784,-36.492341,SFL00000423,AFSMai. 18,0,3.174316,-0.11,70.47,5,5,0,
10/12/2010,05:25:00,-54.244939,-36.492526,SFL00000423,AFSMai. 18,0,7.093843,-0.22,70.25,7,7,0,
10/12/2010,06:25:00,-54.244867,-36.4925,SFL00000423,AFSMai. 18,0,4.766561,-0.1,70.15,7,7,0,
10/12/2010,07:26:00,-54.24463,-36.492768,SFL00000423,AFSMai. 18,0,7.207359,-0.16,69.99,6,6,0,
10/12/2010,08:26:00,-54.244845,-36.492482,SFL00000423,AFSMai. 18,0,5.986123,-0.1,69.89,6,6,0,
10/12/2010,09:26:00,-54.244689,-36.492414,SFL00000423,AFSMai. 18,0,19.267985,-0.1,69.79,6,6,0,
10/12/2010,10:26:00,-54.244497,-36.492289,SFL00000423,AFSMai. 18,0,3.254643,-0.14,69.79,5,5,0,
10/12/2010,12:03:00,-54.242649,-36.487062,SFL00000423,AFSMai. 18,0,0.217612,0.13,69.79,4,4,0,
10/12/2010,12:08:00,-54.244864,-36.492535,SFL00000423,AFSMai. 18,0,1.234979,-0.29,69.79,4,5,0,
10/12/2010,12:13:00,-54.244462,-36.49382,SFL00000423,AFSMai. 18,0,0.679767,-0.42,69.79,4,4,0,
10/12/2010,12:18:00,-54.244765,-36.492784,SFL00000423,AFSMai. 18,0,1.753981,-0.34,69.79,5,5,0,
10/12/2010,12:23:00,-54.244559,-36.492493,SFL00000423,AFSMai. 18,0,9.026532,-0.34,69.45,7,8,0,
10/12/2010,12:28:00,-54.244835,-36.492358,SFL00000423,AFSMai. 18,0,5.059665,0.02,69.47,7,8,0,
10/12/2010,12:33:00,-54.244677,-36.492593,SFL00000423,AFSMai. 18,0,4.855381,-0.03,69.44,6,7,0,
10/12/2010,12:38:00,-54.244676,-36.492289,SFL00000423,AFSMai. 18,0,5.013385,0.04,69.48,6,7,0,
10/12/2010,12:55:10,-54.23048,-36.485908,SFL00000423,AFSMai. 18,0,3.497771,0.67,70.15,6,7,0,
10/12/2010,13:00:00,-54.228632,-36.48356,SFL00000423,AFSMai. 18,0,5.364418,-0.49,69.66,6,7,0,
10/12/2010,13:24:02,-54.220814,-36.475268,SFL00000423,AFSMai. 18,0,9.014783,0.47,70.13,6,7,0,
10/12/2010,13:30:17,-54.218268,-36.471375,SFL00000423,AFSMai. 18,0,13.071346,-0.27,69.86,7,8,0,
10/12/2010,13:35:03,-54.21669,-36.465969,SFL00000423,AFSMai. 18,0,3.559158,0.12,69.98,6,7,0,
10/12/2010,13:41:01,-54.213916,-36.459321,SFL00000423,AFSMai. 18,0,13.052676,-0.02,69.96,7,8,0,
10/12/2010,13:49:04,-54.211774,-36.426849,SFL00000423,AFSMai. 18,0,0.250416,1.37,69.96,4,4,0,
10/12/2010,13:57:05,-54.206701,-36.435264,SFL00000423,AFSMai. 18,0,9.978227,-0.75,69.21,7,7,0,
10/12/2010,14:03:06,-54.204707,-36.430879,SFL00000423,AFSMai. 18,0,0.9244,-0.1,69.21,4,4,0,
10/12/2010,14:11:06,-54.203027,-36.417031,SFL00000423,AFSMai. 18,0,5.347284,0.08,69.29,6,6,0,
10/12/2010,15:03:19,-54.187751,-36.317095,SFL00000423,AFSMai. 18,0,0.14962,0.11,69.29,4,4,0,
10/12/2010,16:05:16,-54.162963,-36.202714,SFL00000423,AFSMai. 18,0,6.11007,0.47,69.76,6,6,0,
10/12/2010,16:12:05,-54.159268,-36.191804,SFL00000423,AFSMai. 18,0,10.370149,-0.38,69.38,7,7,0,
10/12/2010,16:17:10,-54.156849,-36.181672,SFL00000423,AFSMai. 18,0,11.214733,-0.38,69,6,6,0,
10/12/2010,16:35:03,-54.14917,-36.14724,SFL00000423,AFSMai. 18,0,11.77054,0.32,69,5,5,0,
10/12/2010,16:51:06,-54.143495,-36.127138,SFL00000423,AFSMai. 18,0,9.5833,0.17,69.17,8,8,0,
10/12/2010,17:51:00,-54.126849,-36.060385,SFL00000423,AFSMai. 18,0,0.171342,-0.13,69.17,4,4,0,
10/12/2010,17:57:03,-54.125013,-36.055398,SFL00000423,AFSMai. 18,0,6.431881,0.14,69.31,7,7,0,
10/12/2010,18:05:03,-54.123668,-36.050971,SFL00000423,AFSMai. 18,0,8.27002,0.01,69.32,7,7,0,
10/12/2010,18:29:32,-54.121574,-36.037703,SFL00000423,AFSMai. 18,0,16.002494,-0.52,68.8,7,7,0,
10/12/2010,18:43:00,-54.114827,-36.020879,SFL00000423,AFSMai. 18,0,10.072006,0.34,69.14,6,6,0,
10/12/2010,18:57:02,-54.10897,-36.007691,SFL00000423,AFSMai. 18,0,9.746662,-0.01,69.13,8,8,0,
10/12/2010,19:13:05,-54.099353,-35.99003,SFL00000423,AFSMai. 18,0,14.394995,0.09,69.22,7,7,0,
10/12/2010,19:19:15,-54.098165,-35.985692,SFL00000423,AFSMai. 18,0,5.724618,-0.39,69.22,5,5,0,
10/12/2010,19:24:04,-54.097504,-35.983283,SFL00000423,AFSMai. 18,0,1.906495,0,69.22,4,4,0,
10/12/2010,19:49:14,-54.085429,-35.960381,SFL00000423,AFSMai. 18,0,13.038867,-0.5,68.72,6,6,0,
10/12/2010,20:30:01,-54.069244,-35.902207,SFL00000423,AFSMai. 18,0,1.395783,0.42,68.72,4,4,0,
10/12/2010,20:46:07,-54.065325,-35.882645,SFL00000423,AFSMai. 18,0,4.009672,0.53,69.25,7,7,0,
10/12/2010,21:03:20,-54.0611,-35.864226,SFL00000423,AFSMai. 18,0,1.859724,-0.19,69.25,5,5,0,
10/12/2010,21:19:00,-54.058478,-35.851904,SFL00000423,AFSMai. 18,0,8.137209,0.14,69.25,5,5,0,
10/12/2010,21:44:25,-54.05583,-35.829088,SFL00000423,AFSMai. 18,0,7.142649,-0.74,68.51,6,6,0,
10/12/2010,21:53:00,-54.056296,-35.823347,SFL00000423,AFSMai. 18,0,14.056941,0.13,68.64,7,7,0,
10/12/2010,21:58:00,-54.056477,-35.820052,SFL00000423,AFSMai. 18,0,13.07444,0.22,68.86,6,6,0,
10/12/2010,22:06:00,-54.056499,-35.816157,SFL00000423,AFSMai. 18,0,9.308535,-0.26,68.6,7,7,0,
10/12/2010,22:48:11,-54.043976,-35.767836,SFL00000423,AFSMai. 18,0,0.924837,0,68.6,4,4,0,
10/12/2010,22:53:02,-54.045268,-35.76511,SFL00000423,AFSMai. 18,0,4.171997,0.66,69.26,6,6,0,
10/12/2010,23:02:00,-54.045761,-35.761394,SFL00000423,AFSMai. 18,0,12.217359,-0.13,69.26,5,5,0,
10/12/2010,23:10:03,-54.046198,-35.758632,SFL00000423,AFSMai. 18,0,4.857709,-0.66,68.6,6,6,0,
10/12/2010,23:45:21,-54.040916,-35.722977,SFL00000423,AFSMai. 18,0,1.527592,0.65,68.6,5,5,0,
11/12/2010,00:09:23,-54.032922,-35.689524,SFL00000423,AFSMai. 18,0,3.677828,0.18,68.6,5,5,0,
11/12/2010,01:11:13,-54.016153,-35.605405,SFL00000423,AFSMai. 18,0,0.236353,-0.41,68.6,4,4,0,
11/12/2010,02:14:12,-54.000226,-35.51232,SFL00000423,AFSMai. 18,0,0.360023,-0.4,68.6,4,4,0,
11/12/2010,03:04:08,-53.986951,-35.430799,SFL00000423,AFSMai. 18,0,2.734114,0.07,68.6,5,6,0,
11/12/2010,03:46:07,-53.976854,-35.369357,SFL00000423,AFSMai. 18,0,0.251766,-0.24,68.6,4,4,0,
11/12/2010,03:54:03,-53.976395,-35.358616,SFL00000423,AFSMai. 18,0,8.458891,-0.13,68.6,5,6,0,
11/12/2010,04:12:09,-53.972603,-35.338081,SFL00000423,AFSMai. 18,0,7.379418,-0.54,68.06,8,8,0,
11/12/2010,04:21:02,-53.97156,-35.329453,SFL00000423,AFSMai. 18,0,3.140273,0.45,68.06,5,5,0,
11/12/2010,04:36:06,-53.971299,-35.314036,SFL00000423,AFSMai. 18,0,10.614411,0.63,68.69,8,8,0,
11/12/2010,05:39:25,-53.972033,-35.260781,SFL00000423,AFSMai. 18,0,1.475585,-0.24,68.45,6,6,0,
11/12/2010,06:12:07,-53.969815,-35.24055,SFL00000423,AFSMai. 18,0,6.506878,-0.68,67.77,7,7,0,
11/12/2010,06:20:01,-53.969126,-35.232491,SFL00000423,AFSMai. 18,0,6.62087,0.51,68.28,8,8,0,
11/12/2010,06:26:12,-53.96866,-35.229195,SFL00000423,AFSMai. 18,0,10.050369,-0.47,68.28,5,5,0,
11/12/2010,06:41:00,-53.967425,-35.216455,SFL00000423,AFSMai. 18,0,8.148288,0.22,68.5,8,8,0,
11/12/2010,06:56:01,-53.966454,-35.207286,SFL00000423,AFSMai. 18,0,5.397539,-0.77,67.73,8,8,0,
11/12/2010,07:12:01,-53.965544,-35.199061,SFL00000423,AFSMai. 18,0,0.207458,0.77,67.73,4,4,0,
11/12/2010,07:28:01,-53.963245,-35.187141,SFL00000423,AFSMai. 18,0,5.133043,0.32,68.05,7,7,0,
11/12/2010,07:34:01,-53.961916,-35.181923,SFL00000423,AFSMai. 18,0,4.755474,-0.37,67.68,6,6,0,
11/12/2010,07:40:06,-53.961744,-35.177498,SFL00000423,AFSMai. 18,0,8.506541,-0.03,67.65,8,8,0,
11/12/2010,08:33:03,-53.957644,-35.132899,SFL00000423,AFSMai. 18,0,7.720104,0.67,68.32,7,7,0,
11/12/2010,09:00:21,-53.953926,-35.113466,SFL00000423,AFSMai. 18,0,13.763361,-0.55,67.77,6,6,0,
11/12/2010,09:18:04,-53.950004,-35.101477,SFL00000423,AFSMai. 18,0,9.088373,0.18,67.77,5,5,0,
11/12/2010,10:10:38,-53.94015,-35.053692,SFL00000423,AFSMai. 18,0,10.024447,0.07,67.84,6,6,0,
11/12/2010,10:54:03,-53.928912,-35.023062,SFL00000423,AFSMai. 18,0,15.037524,-0.33,67.84,5,5,0,
11/12/2010,11:17:15,-53.922554,-35.006039,SFL00000423,AFSMai. 18,0,6.891708,0.19,67.84,5,6,0,
11/12/2010,11:24:07,-53.919548,-35.006884,SFL00000423,AFSMai. 18,0,1.843366,-0.1,67.84,5,6,0,
11/12/2010,11:33:16,-53.916732,-35.00161,SFL00000423,AFSMai. 18,0,12.905877,0.38,68.22,7,8,0,
11/12/2010,12:17:07,-53.900887,-34.961418,SFL00000423,AFSMai. 18,0,1.562724,-0.07,68.22,5,6,0,
11/12/2010,12:32:02,-53.896074,-34.957998,SFL00000423,AFSMai. 18,0,10.533171,-0.34,67.88,7,8,0,
11/12/2010,12:48:19,-57.135364,-32.504965,SFL00000423,AFSMai. 18,0,12.585323,9.79,67.88,4,5,0,
11/12/2010,12:53:00,-53.890396,-34.945743,SFL00000423,AFSMai. 18,0,11.602756,0,67.88,5,6,0,
11/12/2010,13:17:10,-53.878976,-34.929535,SFL00000423,AFSMai. 18,0,0.916387,-0.22,67.88,4,5,0,
11/12/2010,13:22:14,-53.877201,-34.926547,SFL00000423,AFSMai. 18,0,6.760802,-0.31,67.57,7,8,0,
11/12/2010,13:27:07,-53.875621,-34.924184,SFL00000423,AFSMai. 18,0,5.369673,0.13,67.7,6,7,0,
11/12/2010,14:02:12,-53.865241,-34.919305,SFL00000423,AFSMai. 18,0,3.822368,0.17,67.87,7,7,0,
11/12/2010,14:18:01,-53.858122,-34.910679,SFL00000423,AFSMai. 18,0,8.213751,0.17,67.87,5,6,0,
11/12/2010,14:50:01,-53.840609,-34.892318,SFL00000423,AFSMai. 18,0,7.510479,0.07,67.94,6,6,0,
11/12/2010,15:32:02,-53.817611,-34.866075,SFL00000423,AFSMai. 18,0,27.016918,-0.57,67.94,5,5,0,
11/12/2010,15:38:01,-53.81354,-34.863741,SFL00000423,AFSMai. 18,0,6.429696,-0.31,67.63,8,8,0,
11/12/2010,15:43:01,-53.812064,-34.86233,SFL00000423,AFSMai. 18,0,2.276718,-0.4,67.23,6,6,0,
11/12/2010,15:48:18,-53.810725,-34.860328,SFL00000423,AFSMai. 18,0,4.691208,0.63,67.86,7,7,0,
11/12/2010,15:54:08,-53.809992,-34.858437,SFL00000423,AFSMai. 18,0,7.088216,-0.51,67.35,8,8,0,
11/12/2010,16:18:03,-53.808003,-34.851887,SFL00000423,AFSMai. 18,0,6.077665,-0.03,67.32,8,8,0,
11/12/2010,16:34:06,-53.808203,-34.844885,SFL00000423,AFSMai. 18,0,0.287176,-0.32,67.32,4,4,0,
11/12/2010,16:39:04,-53.807999,-34.85107,SFL00000423,AFSMai. 18,0,19.174082,-0.27,67.05,7,7,0,
11/12/2010,16:44:04,-53.808126,-34.851568,SFL00000423,AFSMai. 18,0,6.456686,0.74,67.79,7,7,0,
11/12/2010,16:49:02,-53.808161,-34.852478,SFL00000423,AFSMai. 18,0,9.590676,-0.4,67.39,7,7,0,
11/12/2010,16:57:14,-53.807407,-34.857561,SFL00000423,AFSMai. 18,0,6.730173,0.39,67.78,6,6,0,
11/12/2010,17:14:00,-53.800531,-34.861533,SFL00000423,AFSMai. 18,0,10.672289,-0.42,67.36,7,7,0,
11/12/2010,17:44:03,-53.797981,-34.871813,SFL00000423,AFSMai. 18,0,1.577674,-0.3,67.06,6,6,0,
11/12/2010,18:02:01,-53.799947,-34.871127,SFL00000423,AFSMai. 18,0,16.07421,-0.01,67.05,7,7,0,
11/12/2010,18:10:02,-53.801478,-34.873271,SFL00000423,AFSMai. 18,0,4.441549,0.26,67.31,7,7,0,
11/12/2010,18:15:02,-53.802259,-34.873572,SFL00000423,AFSMai. 18,0,16.905532,-0.55,66.76,8,8,0,
11/12/2010,18:20:01,-53.803105,-34.874994,SFL00000423,AFSMai. 18,0,11.170195,0,66.76,7,7,0,
11/12/2010,18:28:08,-53.803334,-34.877365,SFL00000423,AFSMai. 18,0,12.611282,0.88,67.64,8,8,0,
11/12/2010,18:35:02,-53.803819,-34.879723,SFL00000423,AFSMai. 18,0,10.16568,-0.66,66.98,8,8,0,
11/12/2010,19:00:42,-53.80233,-34.889781,SFL00000423,AFSMai. 18,0,3.826973,0.25,67.23,7,7,0,
11/12/2010,19:14:01,-53.800682,-34.890092,SFL00000423,AFSMai. 18,0,21.988784,-0.27,66.96,6,6,0,
11/12/2010,19:21:01,-53.800768,-34.891349,SFL00000423,AFSMai. 18,0,7.714959,0.26,67.22,8,8,0,
11/12/2010,19:27:00,-53.801596,-34.891697,SFL00000423,AFSMai. 18,0,3.332909,-0.28,67.22,5,5,0,
11/12/2010,19:34:01,-53.802949,-34.891403,SFL00000423,AFSMai. 18,0,12.085983,-0.17,67.05,8,8,0,
11/12/2010,19:39:00,-53.803797,-34.891412,SFL00000423,AFSMai. 18,0,7.019769,0.11,67.16,6,6,0,
11/12/2010,19:45:00,-53.805043,-34.891507,SFL00000423,AFSMai. 18,0,7.308699,0,67.16,6,6,0,
11/12/2010,19:52:01,-53.806389,-34.891165,SFL00000423,AFSMai. 18,0,12.12043,-0.02,67.14,8,8,0,
11/12/2010,20:10:03,-53.806349,-34.896397,SFL00000423,AFSMai. 18,0,10.145235,-0.53,66.61,7,7,0,
11/12/2010,20:29:21,-53.804939,-34.896165,SFL00000423,AFSMai. 18,0,11.140335,0.37,66.98,6,6,0,
11/12/2010,20:35:59,-53.805297,-34.896488,SFL00000423,AFSMai. 18,0,1.223075,-0.16,66.98,5,5,0,
11/12/2010,20:42:01,-53.806318,-34.897413,SFL00000423,AFSMai. 18,0,0.107886,-0.01,66.98,4,4,0,
11/12/2010,20:57:00,-53.809067,-34.898696,SFL00000423,AFSMai. 18,0,9.826153,-0.04,66.94,6,6,0,
11/12/2010,21:02:02,-53.809909,-34.89937,SFL00000423,AFSMai. 18,0,5.081131,-0.42,66.52,6,6,0,
11/12/2010,21:07:01,-53.811047,-34.89894,SFL00000423,AFSMai. 18,0,3.663387,0.51,67.03,7,7,0,
11/12/2010,21:13:02,-53.812813,-34.89862,SFL00000423,AFSMai. 18,0,5.099836,0.4,67.03,5,5,0,
11/12/2010,21:27:01,-53.815255,-34.898638,SFL00000423,AFSMai. 18,0,2.614083,0.35,67.03,5,5,0,
11/12/2010,21:35:07,-53.838597,-34.875802,SFL00000423,AFSMai. 18,0,0.863923,-1.7,67.03,4,4,0,
11/12/2010,21:43:01,-53.814768,-34.909029,SFL00000423,AFSMai. 18,0,15.793184,-0.41,66.62,6,6,0,
11/12/2010,22:00:02,-53.812419,-34.922305,SFL00000423,AFSMai. 18,0,8.347374,0.35,66.62,5,5,0,
11/12/2010,22:08:02,-53.813274,-34.927037,SFL00000423,AFSMai. 18,0,0.980789,0.22,66.62,4,4,0,
11/12/2010,22:15:16,-53.812024,-34.933856,SFL00000423,AFSMai. 18,0,0.197026,0.23,66.62,4,4,0,
11/12/2010,22:32:09,-53.811202,-34.949344,SFL00000423,AFSMai. 18,0,9.154524,0.7,67.32,6,6,0,
11/12/2010,22:46:12,-53.806384,-34.960862,SFL00000423,AFSMai. 18,0,7.010196,-0.91,67.32,5,5,0,
11/12/2010,23:03:20,-53.806923,-34.976804,SFL00000423,AFSMai. 18,0,5.262722,-0.38,66.94,6,6,0,
11/12/2010,23:18:07,-53.811686,-34.99439,SFL00000423,AFSMai. 18,0,4.446067,-0.58,66.94,5,5,0,
11/12/2010,23:26:06,-53.811905,-35.002055,SFL00000423,AFSMai. 18,0,0.338636,-0.07,66.94,4,4,0,
11/12/2010,23:44:17,-53.810167,-35.022455,SFL00000423,AFSMai. 18,0,9.083687,-0.29,66.94,5,5,0,
12/12/2010,01:11:00,-53.804588,-35.130741,SFL00000423,AFSMai. 18,0,10.736794,-0.36,66.58,7,8,0,
12/12/2010,01:47:04,-53.803144,-35.167971,SFL00000423,AFSMai. 18,0,7.689434,-0.16,66.42,6,7,0,
12/12/2010,02:14:04,-53.811426,-35.195839,SFL00000423,AFSMai. 18,0,0.789904,0.07,66.42,5,6,0,
12/12/2010,02:19:22,-53.811057,-35.194832,SFL00000423,AFSMai. 18,0,6.094828,-0.16,66.26,6,7,0,
12/12/2010,02:35:12,-53.809588,-35.191706,SFL00000423,AFSMai. 18,0,1.467285,0.6,66.26,4,4,0,
12/12/2010,02:40:34,-53.809194,-35.193262,SFL00000423,AFSMai. 18,0,12.289068,-0.18,66.08,7,8,0,
12/12/2010,02:56:59,-53.807766,-35.192392,SFL00000423,AFSMai. 18,0,8.043008,0.7,66.08,5,6,0,
12/12/2010,03:10:04,-53.806054,-35.191313,SFL00000423,AFSMai. 18,0,3.092024,0.59,66.08,5,6,0,
12/12/2010,03:18:02,-53.805123,-35.191335,SFL00000423,AFSMai. 18,0,7.146687,-0.08,66,6,7,0,
12/12/2010,03:24:46,-53.803979,-35.191073,SFL00000423,AFSMai. 18,0,3.519429,0.01,66,5,6,0,
12/12/2010,03:30:44,-53.803279,-35.191274,SFL00000423,AFSMai. 18,0,14.613358,0.77,66.77,7,8,0,
12/12/2010,03:35:45,-53.79511,-35.189932,SFL00000423,AFSMai. 18,0,0.948285,-1.6,66.77,4,5,0,
12/12/2010,03:42:40,-53.801295,-35.191459,SFL00000423,AFSMai. 18,0,7.738184,-0.25,66.52,6,7,0,
12/12/2010,03:47:07,-53.800601,-35.190564,SFL00000423,AFSMai. 18,0,10.542062,-0.13,66.39,6,7,0,
12/12/2010,03:55:15,-53.799816,-35.191108,SFL00000423,AFSMai. 18,0,2.075834,0.5,66.39,4,4,0,
12/12/2010,04:04:17,-53.797887,-35.191552,SFL00000423,AFSMai. 18,0,9.192903,0.22,66.61,7,8,0,
12/12/2010,04:10:30,-53.796925,-35.19104,SFL00000423,AFSMai. 18,0,8.145714,-0.62,65.99,7,8,0,
12/12/2010,04:16:05,-53.796153,-35.192128,SFL00000423,AFSMai. 18,0,14.91126,0.25,66.24,8,8,0,
12/12/2010,04:26:14,-53.794554,-35.192639,SFL00000423,AFSMai. 18,0,5.206591,0.44,66.68,6,7,0,
12/12/2010,04:33:56,-53.793221,-35.194133,SFL00000423,AFSMai. 18,0,9.618281,-0.74,65.94,7,8,0,
12/12/2010,04:38:50,-53.792326,-35.19473,SFL00000423,AFSMai. 18,0,2.692266,0.11,66.05,7,8,0,
12/12/2010,04:43:00,-53.791338,-35.196164,SFL00000423,AFSMai. 18,0,0.559411,0.73,66.05,4,5,0,
12/12/2010,04:48:01,-53.79052,-35.198462,SFL00000423,AFSMai. 18,0,9.177489,0.64,66.69,8,8,0,
12/12/2010,04:53:00,-53.789701,-35.200378,SFL00000423,AFSMai. 18,0,3.29088,-0.49,66.2,7,8,0,
12/12/2010,04:58:01,-53.788894,-35.20232,SFL00000423,AFSMai. 18,0,7.095483,0.46,66.66,8,8,0,
12/12/2010,05:03:00,-53.788093,-35.204382,SFL00000423,AFSMai. 18,0,6.289021,-0.75,65.91,8,8,0,
12/12/2010,05:09:00,-53.786767,-35.207007,SFL00000423,AFSMai. 18,0,6.939145,-0.01,65.9,7,7,0,
12/12/2010,05:15:01,-53.785433,-35.209891,SFL00000423,AFSMai. 18,0,0.417968,0.6,65.9,4,4,0,
12/12/2010,05:31:00,-53.782827,-35.217482,SFL00000423,AFSMai. 18,0,1.078908,0.6,65.9,4,4,0,
12/12/2010,05:38:00,-53.780885,-35.221891,SFL00000423,AFSMai. 18,0,13.602089,0.6,66.5,7,7,0,
12/12/2010,05:43:01,-53.780014,-35.224828,SFL00000423,AFSMai. 18,0,7.536687,0.01,66.51,7,7,0,
12/12/2010,05:49:00,-53.778894,-35.228627,SFL00000423,AFSMai. 18,0,15.576603,-0.41,66.1,6,6,0,
12/12/2010,06:03:00,-53.777174,-35.237383,SFL00000423,AFSMai. 18,0,10.526554,-0.06,66.04,7,7,0,
12/12/2010,06:56:04,-53.772115,-35.271065,SFL00000423,AFSMai. 18,0,22.221696,0.09,66.13,6,6,0,
12/12/2010,07:10:01,-53.77178,-35.280207,SFL00000423,AFSMai. 18,0,10.460732,0.46,66.13,5,5,0,
12/12/2010,07:45:03,-53.76999,-35.303474,SFL00000423,AFSMai. 18,0,15.866311,0.19,66.32,7,7,0,
12/12/2010,09:05:12,-53.770322,-35.354435,SFL00000423,AFSMai. 18,0,11.144364,-0.51,65.81,8,8,0,
12/12/2010,09:20:00,-53.770206,-35.364419,SFL00000423,AFSMai. 18,0,13.905901,0.59,66.4,6,6,0,
12/12/2010,10:12:24,-53.769806,-35.408815,SFL00000423,AFSMai. 18,0,1.307387,-0.79,66.4,4,4,0,
12/12/2010,10:26:11,-53.77175,-35.421825,SFL00000423,AFSMai. 18,0,4.565217,-0.6,66.4,5,5,0,
12/12/2010,10:32:09,-53.77066,-35.425941,SFL00000423,AFSMai. 18,0,10.804251,-0.54,66.4,5,5,0,
12/12/2010,10:39:01,-53.772171,-35.431407,SFL00000423,AFSMai. 18,0,4.20841,-0.58,65.82,6,6,0,
12/12/2010,10:46:02,-53.772894,-35.440404,SFL00000423,AFSMai. 18,0,0.954339,-0.13,65.82,4,4,0,
12/12/2010,10:51:29,-53.773652,-35.448476,SFL00000423,AFSMai. 18,0,3.413441,-0.38,65.82,5,5,0,
12/12/2010,10:56:07,-53.774274,-35.455827,SFL00000423,AFSMai. 18,0,2.599858,0.08,65.9,6,6,0,
12/12/2010,11:03:18,-53.775527,-35.468145,SFL00000423,AFSMai. 18,0,13.332788,-0.14,65.76,7,8,0,
12/12/2010,11:12:27,-53.778338,-35.480864,SFL00000423,AFSMai. 18,0,11.959577,-0.41,65.35,7,8,0,
12/12/2010,11:19:18,-53.780669,-35.490239,SFL00000423,AFSMai. 18,0,5.054472,0,65.35,6,6,0,
12/12/2010,11:26:02,-53.782538,-35.49753,SFL00000423,AFSMai. 18,0,3.858751,0.12,65.47,6,7,0,
12/12/2010,11:33:06,-53.785055,-35.506116,SFL00000423,AFSMai. 18,0,1.92104,0.28,65.75,6,7,0,
12/12/2010,11:40:00,-53.787713,-35.511793,SFL00000423,AFSMai. 18,0,0.727606,-0.42,65.75,5,6,0,
12/12/2010,11:49:24,-53.791515,-35.522119,SFL00000423,AFSMai. 18,0,0.481693,0.49,65.75,4,5,0,
12/12/2010,11:57:11,-53.792735,-35.532067,SFL00000423,AFSMai. 18,0,7.838655,0.33,66.08,6,7,0,
12/12/2010,12:02:47,-53.795639,-35.532081,SFL00000423,AFSMai. 18,0,0.117209,-0.3,66.08,4,4,0,
12/12/2010,12:26:26,-53.802939,-35.550593,SFL00000423,AFSMai. 18,0,8.585752,-0.42,65.66,6,7,0,
12/12/2010,12:34:12,-53.803941,-35.558201,SFL00000423,AFSMai. 18,0,4.292728,-0.15,65.66,5,6,0,
12/12/2010,12:39:22,-53.80472,-35.564308,SFL00000423,AFSMai. 18,0,4.511046,-0.14,65.52,7,8,0,
12/12/2010,12:44:11,-53.806252,-35.568035,SFL00000423,AFSMai. 18,0,8.258125,-0.26,65.26,7,8,0,
12/12/2010,12:50:57,-53.808447,-35.572563,SFL00000423,AFSMai. 18,0,7.336988,0.53,65.79,7,8,0,
12/12/2010,12:55:43,-53.808716,-35.576301,SFL00000423,AFSMai. 18,0,6.554039,-0.28,65.51,7,8,0,
12/12/2010,13:12:25,-53.814542,-35.588642,SFL00000423,AFSMai. 18,0,3.046834,0.25,65.76,7,8,0,
12/12/2010,15:29:24,-53.845696,-35.630233,SFL00000423,AFSMai. 18,0,0.276017,-0.76,65.76,4,4,0,
12/12/2010,15:58:51,-53.841494,-35.632567,SFL00000423,AFSMai. 18,0,6.870483,-0.38,65.38,8,8,0,
12/12/2010,16:11:13,-53.840227,-35.633812,SFL00000423,AFSMai. 18,0,7.510469,-0.23,65.15,8,8,0,
12/12/2010,16:46:01,-53.835518,-35.637484,SFL00000423,AFSMai. 18,0,3.109244,0.17,65.32,8,8,0,
12/12/2010,17:04:04,-53.832922,-35.638951,SFL00000423,AFSMai. 18,0,5.545971,-0.25,65.07,6,6,0,
12/12/2010,17:09:13,-53.832444,-35.639509,SFL00000423,AFSMai. 18,0,5.102499,0.33,65.4,7,7,0,
12/12/2010,17:14:34,-53.833006,-35.64167,SFL00000423,AFSMai. 18,0,6.927794,-0.48,64.92,7,7,0,
12/12/2010,17:19:04,-53.832554,-35.643342,SFL00000423,AFSMai. 18,0,9.701925,0.62,65.54,6,6,0,
12/12/2010,17:24:02,-53.832643,-35.646109,SFL00000423,AFSMai. 18,0,3.533369,0.07,65.61,7,7,0,
12/12/2010,17:38:36,-53.835028,-35.653748,SFL00000423,AFSMai. 18,0,5.761003,0,65.61,8,8,0,
12/12/2010,17:58:39,-53.838105,-35.655137,SFL00000423,AFSMai. 18,0,3.334349,-0.16,65.61,5,5,0,
12/12/2010,18:09:16,-53.836112,-35.653135,SFL00000423,AFSMai. 18,0,0.979971,-0.48,65.61,5,5,0,
12/12/2010,18:14:03,-53.833627,-35.651238,SFL00000423,AFSMai. 18,0,7.975142,-0.13,65.48,7,7,0,
12/12/2010,18:20:03,-53.830221,-35.650312,SFL00000423,AFSMai. 18,0,13.475598,-0.55,64.93,7,7,0,
12/12/2010,18:25:31,-53.827703,-35.648263,SFL00000423,AFSMai. 18,0,3.218693,0.47,64.93,5,5,0,
12/12/2010,18:32:43,-53.824836,-35.647075,SFL00000423,AFSMai. 18,0,9.736621,0.73,65.66,6,6,0,
12/12/2010,19:09:13,-53.816248,-35.665396,SFL00000423,AFSMai. 18,0,10.05297,-0.7,64.96,8,8,0,
12/12/2010,19:17:33,-53.81752,-35.666531,SFL00000423,AFSMai. 18,0,7.154435,0.35,65.31,6,6,0,
12/12/2010,19:24:01,-53.818762,-35.665018,SFL00000423,AFSMai. 18,0,9.423262,0.15,65.46,8,8,0,
12/12/2010,19:36:22,-53.818682,-35.672183,SFL00000423,AFSMai. 18,0,9.591479,0.13,65.59,6,6,0,
12/12/2010,19:41:48,-53.818138,-35.676931,SFL00000423,AFSMai. 18,0,4.825043,-0.01,65.58,6,6,0,
12/12/2010,20:22:39,-53.813441,-35.690279,SFL00000423,AFSMai. 18,0,0.116152,-0.06,65.58,4,4,0,
12/12/2010,20:36:10,-53.812175,-35.691713,SFL00000423,AFSMai. 18,0,0.826027,-0.16,65.58,4,4,0,
12/12/2010,20:56:06,-53.808613,-35.696539,SFL00000423,AFSMai. 18,0,4.261543,-0.85,65.58,5,5,0,
12/12/2010,21:20:08,-53.807125,-35.700379,SFL00000423,AFSMai. 18,0,3.636481,-0.14,65.58,5,5,0,
12/12/2010,21:25:00,-53.806991,-35.700405,SFL00000423,AFSMai. 18,0,8.929489,-0.4,65.18,7,7,0,
12/12/2010,22:15:01,-53.807468,-35.71166,SFL00000423,AFSMai. 18,0,0.678721,-0.67,65.18,4,4,0,
12/12/2010,22:21:00,-53.807458,-35.71062,SFL00000423,AFSMai. 18,0,12.090799,-0.08,65.1,7,7,0,
12/12/2010,22:26:00,-53.806917,-35.711771,SFL00000423,AFSMai. 18,0,14.420787,-0.22,65.1,5,5,0,
12/12/2010,22:34:02,-53.805322,-35.71122,SFL00000423,AFSMai. 18,0,0.561927,-0.03,65.1,4,4,0,
12/12/2010,22:39:11,-53.804986,-35.712713,SFL00000423,AFSMai. 18,0,20.255637,-0.03,65.07,8,8,0,
12/12/2010,22:44:00,-53.804282,-35.713767,SFL00000423,AFSMai. 18,0,8.036168,-0.63,64.44,6,6,0,
12/12/2010,22:49:00,-53.803432,-35.714225,SFL00000423,AFSMai. 18,0,13.659758,0.37,64.81,6,6,0,
12/12/2010,23:03:02,-53.804718,-35.71876,SFL00000423,AFSMai. 18,0,0.34473,0.06,64.81,4,4,0,
12/12/2010,23:21:39,-53.807636,-35.726522,SFL00000423,AFSMai. 18,0,16.353465,-0.33,64.48,6,6,0,
12/12/2010,23:27:07,-53.808168,-35.724128,SFL00000423,AFSMai. 18,0,8.906236,0.53,65.01,8,8,0,
12/12/2010,23:34:04,-53.811578,-35.725094,SFL00000423,AFSMai. 18,0,2.901716,0.23,65.01,5,5,0,
13/12/2010,00:32:11,-53.816947,-35.743313,SFL00000423,AFSMai. 18,0,0.276083,-0.71,65.01,4,4,0,
13/12/2010,01:17:04,-53.821617,-35.760885,SFL00000423,AFSMai. 18,0,11.62858,-0.03,65.01,5,5,0,
13/12/2010,01:35:02,-53.822338,-35.762505,SFL00000423,AFSMai. 18,0,5.417058,-0.29,64.72,6,6,0,
13/12/2010,02:12:00,-53.820068,-35.762392,SFL00000423,AFSMai. 18,0,4.375132,-0.36,64.72,5,6,0,
13/12/2010,02:21:31,-53.823469,-35.761097,SFL00000423,AFSMai. 18,0,1.139369,0.33,64.72,5,6,0,
13/12/2010,02:29:35,-53.826187,-35.766494,SFL00000423,AFSMai. 18,0,0.328335,0.26,64.72,4,5,0,
13/12/2010,03:03:05,-53.828994,-35.78999,SFL00000423,AFSMai. 18,0,7.37498,-0.17,64.55,6,6,0,
13/12/2010,03:22:24,-53.832397,-35.805197,SFL00000423,AFSMai. 18,0,4.69624,0.25,64.55,5,6,0,
13/12/2010,03:28:08,-53.834756,-35.80877,SFL00000423,AFSMai. 18,0,8.545999,-0.39,64.16,7,8,0,
13/12/2010,03:33:52,-53.836619,-35.812549,SFL00000423,AFSMai. 18,0,6.392007,0.36,64.52,7,7,0,
13/12/2010,03:39:31,-53.838507,-35.817197,SFL00000423,AFSMai. 18,0,8.189654,-0.04,64.48,6,6,0,
13/12/2010,04:04:20,-53.840269,-35.823904,SFL00000423,AFSMai. 18,0,13.205417,0.39,64.87,7,8,0,
13/12/2010,04:09:08,-53.841084,-35.823434,SFL00000423,AFSMai. 18,0,0.223647,-0.39,64.87,4,4,0,
13/12/2010,04:14:34,-53.840482,-35.822806,SFL00000423,AFSMai. 18,0,5.377196,-0.38,64.87,5,6,0,
13/12/2010,04:19:39,-53.841336,-35.825428,SFL00000423,AFSMai. 18,0,8.044483,-0.88,63.99,7,7,0,
13/12/2010,04:26:04,-53.84357,-35.828661,SFL00000423,AFSMai. 18,0,10.314562,0.1,64.09,7,7,0,
13/12/2010,04:36:11,-53.845417,-35.833385,SFL00000423,AFSMai. 18,0,12.185582,0.35,64.44,8,8,0,
13/12/2010,04:41:04,-53.845967,-35.834232,SFL00000423,AFSMai. 18,0,0.634494,-0.2,64.44,4,4,0,
13/12/2010,04:46:03,-53.846192,-35.835101,SFL00000423,AFSMai. 18,0,11.021943,-0.35,64.09,7,7,0,
13/12/2010,04:52:37,-53.847474,-35.837804,SFL00000423,AFSMai. 18,0,0.402308,0.77,64.09,4,4,0,
13/12/2010,04:57:14,-53.84741,-35.837472,SFL00000423,AFSMai. 18,0,7.70402,0.21,64.3,7,7,0,
13/12/2010,05:02:00,-53.847949,-35.837741,SFL00000423,AFSMai. 18,0,1.737408,0.52,64.82,7,7,0,
13/12/2010,05:11:03,-53.849038,-35.840167,SFL00000423,AFSMai. 18,0,4.173684,-0.03,64.82,5,5,0,
13/12/2010,05:37:02,-53.850306,-35.841995,SFL00000423,AFSMai. 18,0,3.953641,-0.84,63.98,6,6,0,
13/12/2010,05:46:03,-53.851378,-35.843817,SFL00000423,AFSMai. 18,0,11.483804,0.12,64.1,6,6,0,
13/12/2010,06:49:11,-53.857163,-35.849078,SFL00000423,AFSMai. 18,0,1.052918,0.3,64.1,4,4,0,
13/12/2010,07:03:12,-53.858435,-35.851036,SFL00000423,AFSMai. 18,0,1.487994,-0.21,64.1,4,4,0,
13/12/2010,07:08:01,-53.859211,-35.852548,SFL00000423,AFSMai. 18,0,10.072217,0.11,64.21,6,6,0,
13/12/2010,08:07:00,-53.865641,-35.85671,SFL00000423,AFSMai. 18,0,5.409142,0.2,64.21,5,5,0,
13/12/2010,08:43:10,-53.869384,-35.865503,SFL00000423,AFSMai. 18,0,0.49875,-0.68,64.21,4,4,0,
13/12/2010,08:48:43,-53.871923,-35.868505,SFL00000423,AFSMai. 18,0,5.711726,0.1,64.31,6,6,0,
13/12/2010,08:55:10,-53.873581,-35.868384,SFL00000423,AFSMai. 18,0,11.832087,-0.52,64.31,5,5,0,
13/12/2010,09:03:34,-56.196619,-31.929514,SFL00000423,AFSMai. 18,0,18.503846,-6.1,64.31,4,4,0,
13/12/2010,09:17:00,-53.88231,-35.87518,SFL00000423,AFSMai. 18,0,10.797948,0.1,64.41,7,7,0,
13/12/2010,09:35:07,-53.887707,-35.87142,SFL00000423,AFSMai. 18,0,11.643878,-0.17,64.41,5,5,0,
13/12/2010,09:47:00,-53.885197,-35.867036,SFL00000423,AFSMai. 18,0,9.772782,-0.03,64.38,8,8,0,
13/12/2010,10:24:36,-53.878404,-35.850684,SFL00000423,AFSMai. 18,0,14.450781,-0.09,64.29,8,8,0,
13/12/2010,10:29:00,-53.878871,-35.851171,SFL00000423,AFSMai. 18,0,4.263192,-0.13,64.29,5,6,0,
13/12/2010,10:36:00,-53.878993,-35.851278,SFL00000423,AFSMai. 18,0,0.933752,-0.36,64.29,5,5,0,
13/12/2010,10:52:00,-53.88019,-35.851011,SFL00000423,AFSMai. 18,0,1.316968,-0.16,64.29,5,5,0,
13/12/2010,11:02:12,-53.877136,-35.848203,SFL00000423,AFSMai. 18,0,8.82174,-0.04,64.29,5,5,0,
13/12/2010,11:08:06,-53.877059,-35.847837,SFL00000423,AFSMai. 18,0,11.479532,-0.26,64.29,5,5,0,
13/12/2010,11:13:01,-53.877356,-35.847531,SFL00000423,AFSMai. 18,0,5.198701,-0.57,64.29,5,5,0,
13/12/2010,11:19:00,-53.877692,-35.847733,SFL00000423,AFSMai. 18,0,1.33531,-0.29,64.29,4,4,0,
13/12/2010,11:26:11,-53.878828,-35.848906,SFL00000423,AFSMai. 18,0,9.647582,-0.17,64.12,7,7,0,
13/12/2010,11:35:00,-53.878057,-35.849664,SFL00000423,AFSMai. 18,0,1.28216,-0.23,63.89,6,7,0,
13/12/2010,11:44:01,-53.87932,-35.851929,SFL00000423,AFSMai. 18,0,0.719721,-0.02,63.89,4,5,0,
13/12/2010,11:51:01,-53.878327,-35.853147,SFL00000423,AFSMai. 18,0,5.720881,-0.61,63.28,7,8,0,
13/12/2010,11:57:02,-53.878743,-35.850498,SFL00000423,AFSMai. 18,0,10.683522,0.77,64.05,7,8,0,
13/12/2010,12:29:15,-53.881079,-35.853658,SFL00000423,AFSMai. 18,0,1.798539,-0.79,63.26,7,8,0,
13/12/2010,12:48:20,-53.881017,-35.850567,SFL00000423,AFSMai. 18,0,11.33419,0.81,64.07,6,7,0,
13/12/2010,13:19:28,-53.880613,-35.84302,SFL00000423,AFSMai. 18,0,3.90959,0.03,64.1,6,7,0,
13/12/2010,13:45:39,-53.881895,-35.833225,SFL00000423,AFSMai. 18,0,2.139704,-0.23,63.87,6,7,0,
13/12/2010,13:59:07,-53.878095,-35.829357,SFL00000423,AFSMai. 18,0,0.417681,-0.12,63.87,4,5,0,
13/12/2010,14:04:47,-53.877155,-35.826985,SFL00000423,AFSMai. 18,0,4.908583,-0.17,63.87,5,6,0,
13/12/2010,14:12:01,-53.877641,-35.830009,SFL00000423,AFSMai. 18,0,9.883881,-0.75,63.12,7,7,0,
13/12/2010,14:38:23,-53.879176,-35.836413,SFL00000423,AFSMai. 18,0,4.65731,0.84,63.12,5,5,0,
13/12/2010,15:12:45,-53.875991,-35.838731,SFL00000423,AFSMai. 18,0,9.047068,0.76,63.88,8,8,0,
13/12/2010,15:33:58,-53.878263,-35.825824,SFL00000423,AFSMai. 18,0,1.364643,-0.28,63.6,6,6,0,
13/12/2010,16:06:52,-53.878108,-35.816921,SFL00000423,AFSMai. 18,0,6.228104,-0.15,63.45,6,6,0,
13/12/2010,16:12:59,-53.879046,-35.817523,SFL00000423,AFSMai. 18,0,10.610525,-0.26,63.19,8,8,0,
13/12/2010,16:22:09,-53.877496,-35.816668,SFL00000423,AFSMai. 18,0,5.783843,-0.28,62.91,8,8,0,
13/12/2010,16:28:11,-53.878961,-35.816114,SFL00000423,AFSMai. 18,0,7.563225,0.53,63.44,8,8,0,
13/12/2010,16:33:03,-53.879313,-35.816862,SFL00000423,AFSMai. 18,0,13.198691,-0.29,63.15,6,6,0,
13/12/2010,16:49:00,-53.87938,-35.819916,SFL00000423,AFSMai. 18,0,8.049416,-0.14,63.01,8,8,0,
13/12/2010,17:14:22,-53.888965,-35.823279,SFL00000423,AFSMai. 18,0,3.849348,0.27,63.28,6,6,0,
13/12/2010,18:08:18,-53.917766,-35.841902,SFL00000423,AFSMai. 18,0,6.20013,0.25,63.28,5,5,0,
13/12/2010,18:27:01,-53.930685,-35.847553,SFL00000423,AFSMai. 18,0,5.379182,0.34,63.62,6,6,0,
13/12/2010,18:33:11,-53.935588,-35.849818,SFL00000423,AFSMai. 18,0,7.4669,-0.77,62.85,8,8,0,
13/12/2010,18:42:50,-53.942625,-35.855239,SFL00000423,AFSMai. 18,0,13.115569,0.49,63.34,7,7,0,
13/12/2010,19:01:20,-53.955411,-35.866377,SFL00000423,AFSMai. 18,0,14.112893,-0.4,62.94,8,8,0,
13/12/2010,19:14:33,-53.964007,-35.876182,SFL00000423,AFSMai. 18,0,12.07753,-0.16,62.78,8,8,0,
13/12/2010,19:44:27,-53.980795,-35.893807,SFL00000423,AFSMai. 18,0,7.369407,-0.1,62.68,6,6,0,
13/12/2010,20:18:15,-53.999484,-35.917877,SFL00000423,AFSMai. 18,0,8.296016,0.28,62.96,6,6,0,
13/12/2010,20:41:26,-54.014396,-35.930356,SFL00000423,AFSMai. 18,0,0.138405,0.11,62.96,4,4,0,
13/12/2010,20:47:52,-54.01837,-35.934542,SFL00000423,AFSMai. 18,0,10.980422,0.21,63.17,6,6,0,
13/12/2010,20:52:54,-54.020711,-35.938365,SFL00000423,AFSMai. 18,0,7.652245,-0.52,62.65,6,6,0,
13/12/2010,21:20:45,-54.02818,-35.939205,SFL00000423,AFSMai. 18,0,9.020397,0.74,63.39,7,7,0,
13/12/2010,21:25:22,-54.032124,-35.942279,SFL00000423,AFSMai. 18,0,9.287733,0.02,63.39,5,5,0,
13/12/2010,21:30:51,-54.035475,-35.944858,SFL00000423,AFSMai. 18,0,7.373824,-0.04,63.35,6,6,0,
13/12/2010,21:37:07,-54.039628,-35.948036,SFL00000423,AFSMai. 18,0,10.055324,-0.49,62.86,6,6,0,
13/12/2010,21:45:54,-54.045443,-35.953547,SFL00000423,AFSMai. 18,0,21.331202,-0.42,62.86,5,5,0,
13/12/2010,21:53:29,-54.050917,-35.957861,SFL00000423,AFSMai. 18,0,10.703,0.09,62.95,6,6,0,
13/12/2010,21:59:48,-54.055158,-35.96216,SFL00000423,AFSMai. 18,0,15.00232,-0.53,62.42,7,7,0,
13/12/2010,22:06:52,-54.059955,-35.966684,SFL00000423,AFSMai. 18,0,26.970268,0.88,63.3,7,7,0,
13/12/2010,22:39:41,-54.083583,-35.981527,SFL00000423,AFSMai. 18,0,3.01412,-0.02,63.3,5,5,0,
13/12/2010,22:51:38,-54.092989,-35.98975,SFL00000423,AFSMai. 18,0,0.414391,-0.74,63.3,4,4,0,
13/12/2010,23:15:04,-54.111792,-36.012993,SFL00000423,AFSMai. 18,0,3.972633,-0.75,63.3,5,5,0,
13/12/2010,23:35:10,-54.122309,-36.034175,SFL00000423,AFSMai. 18,0,7.146432,-0.67,62.63,7,7,0,
13/12/2010,23:44:17,-54.127862,-36.046401,SFL00000423,AFSMai. 18,0,4.168931,0.27,62.63,5,5,0,
13/12/2010,23:53:37,-54.131072,-36.053055,SFL00000423,AFSMai. 18,0,0.511998,0.43,62.63,4,4,0,
14/12/2010,00:12:33,-54.141328,-36.074077,SFL00000423,AFSMai. 18,0,8.277971,-0.28,62.35,8,8,0,
14/12/2010,00:17:03,-54.14144,-36.075267,SFL00000423,AFSMai. 18,0,1.614959,1.04,62.35,5,5,0,
14/12/2010,00:47:31,-54.149504,-36.095892,SFL00000423,AFSMai. 18,0,0.391913,0.43,62.35,4,4,0,
14/12/2010,00:56:47,-54.151095,-36.100641,SFL00000423,AFSMai. 18,0,6.246898,0.2,62.55,7,7,0,
14/12/2010,01:08:35,-54.157873,-36.112041,SFL00000423,AFSMai. 18,0,6.928552,-0.27,62.28,6,6,0,
14/12/2010,01:26:16,-54.166665,-36.131664,SFL00000423,AFSMai. 18,0,2.005979,0.75,62.28,5,5,0,
14/12/2010,01:36:45,-54.171094,-36.138191,SFL00000423,AFSMai. 18,0,7.550822,0.6,62.88,7,8,0,
14/12/2010,01:50:04,-54.17608,-36.148414,SFL00000423,AFSMai. 18,0,5.61447,-0.32,62.88,5,5,0,
14/12/2010,02:07:30,-54.18566,-36.172741,SFL00000423,AFSMai. 18,0,18.629662,-0.32,62.56,6,7,0,
14/12/2010,02:18:57,-54.191167,-36.189734,SFL00000423,AFSMai. 18,0,5.484775,0.23,62.79,6,7,0,
14/12/2010,02:25:43,-54.193963,-36.198567,SFL00000423,AFSMai. 18,0,15.739087,0.09,62.88,6,7,0,
14/12/2010,02:31:48,-54.196623,-36.207292,SFL00000423,AFSMai. 18,0,2.900318,-0.79,62.88,5,6,0,
14/12/2010,02:40:24,-54.199326,-36.21989,SFL00000423,AFSMai. 18,0,6.851096,-0.16,62.88,5,6,0,
14/12/2010,02:48:39,-54.202449,-36.232042,SFL00000423,AFSMai. 18,0,10.224618,-0.39,62.49,6,7,0,
14/12/2010,02:53:28,-54.203975,-36.238929,SFL00000423,AFSMai. 18,0,0.693099,-0.16,62.49,4,4,0,
14/12/2010,02:58:24,-54.205422,-36.245861,SFL00000423,AFSMai. 18,0,11.101512,-0.01,62.48,7,8,0,
14/12/2010,03:03:35,-54.207057,-36.253019,SFL00000423,AFSMai. 18,0,10.456994,0.27,62.75,7,8,0,
14/12/2010,03:11:01,-54.209173,-36.263371,SFL00000423,AFSMai. 18,0,9.495777,-0.04,62.75,5,5,0,
14/12/2010,03:16:20,-54.210201,-36.270863,SFL00000423,AFSMai. 18,0,0.823429,-0.69,62.75,4,5,0,
14/12/2010,03:24:15,-54.212899,-36.282146,SFL00000423,AFSMai. 18,0,2.340449,-0.05,62.75,5,5,0,
14/12/2010,03:29:57,-54.21405,-36.290519,SFL00000423,AFSMai. 18,0,8.305735,-0.68,62.07,8,8,0,
14/12/2010,03:34:35,-54.215362,-36.296737,SFL00000423,AFSMai. 18,0,4.048549,0.72,62.79,7,8,0,
14/12/2010,03:40:11,-54.216714,-36.304561,SFL00000423,AFSMai. 18,0,11.55287,-0.61,62.18,7,8,0,
14/12/2010,03:45:01,-54.217053,-36.31289,SFL00000423,AFSMai. 18,0,8.054945,-0.02,62.18,5,5,0,
14/12/2010,04:47:05,-54.228612,-36.442749,SFL00000423,AFSMai. 18,0,14.969674,0.38,62.56,6,6,0,
14/12/2010,05:02:06,-54.233636,-36.47172,SFL00000423,AFSMai. 18,0,0.495972,-0.48,62.56,4,4,0,
14/12/2010,05:20:42,-54.244315,-36.492257,SFL00000423,AFSMai. 18,0,6.450782,-0.37,62.19,6,6,0,
14/12/2010,05:25:00,-54.244804,-36.492939,SFL00000423,AFSMai. 18,0,17.820401,0.08,62.27,7,7,0,
14/12/2010,05:30:00,-54.244563,-36.492172,SFL00000423,AFSMai. 18,0,7.755738,0.06,62.33,7,7,0,
14/12/2010,05:35:00,-54.245054,-36.49251,SFL00000423,AFSMai. 18,0,12.922581,-0.06,62.27,7,7,0,
14/12/2010,05:40:00,-54.244831,-36.492583,SFL00000423,AFSMai. 18,0,9.13722,-0.01,62.26,7,7,0,
14/12/2010,05:45:00,-54.244843,-36.492253,SFL00000423,AFSMai. 18,0,1.866862,-0.03,62.26,5,5,0,
14/12/2010,05:50:00,-54.245049,-36.492694,SFL00000423,AFSMai. 18,0,4.801574,-0.02,62.24,7,7,0,
14/12/2010,05:55:00,-54.244674,-36.492429,SFL00000423,AFSMai. 18,0,7.176558,0.02,62.26,6,6,0,
14/12/2010,06:00:00,-54.24484,-36.492157,SFL00000423,AFSMai. 18,0,12.882375,0.06,62.32,7,7,0,
14/12/2010,06:05:00,-54.244794,-36.492465,SFL00000423,AFSMai. 18,0,4.031594,-0.11,62.21,6,6,0,
14/12/2010,06:10:00,-54.244746,-36.492568,SFL00000423,AFSMai. 18,0,6.051882,0,62.21,6,6,0,
14/12/2010,06:15:00,-54.24496,-36.492758,SFL00000423,AFSMai. 18,0,2.764206,-0.02,62.19,6,6,0,
14/12/2010,06:20:00,-54.244665,-36.492523,SFL00000423,AFSMai. 18,0,15.333788,-0.01,62.18,7,7,0,
14/12/2010,06:25:00,-54.244869,-36.492477,SFL00000423,AFSMai. 18,0,1.917925,0.01,62.18,5,5,0,
14/12/2010,06:30:00,-54.244904,-36.492579,SFL00000423,AFSMai. 18,0,4.983461,0,62.18,6,6,0,
14/12/2010,06:35:00,-54.244758,-36.492659,SFL00000423,AFSMai. 18,0,9.856443,0.01,62.19,6,6,0,
14/12/2010,06:40:00,-54.244876,-36.492801,SFL00000423,AFSMai. 18,0,9.592839,-0.03,62.16,6,6,0,
14/12/2010,06:45:00,-54.244981,-36.492643,SFL00000423,AFSMai. 18,0,7.88551,0.02,62.18,6,6,0,
14/12/2010,06:50:00,-54.244896,-36.492812,SFL00000423,AFSMai. 18,0,2.920388,-0.04,62.14,6,6,0,
14/12/2010,06:55:00,-54.244725,-36.492644,SFL00000423,AFSMai. 18,0,0.62747,0.03,62.14,4,4,0,
14/12/2010,07:00:00,-54.23635,-36.489221,SFL00000423,AFSMai. 18,0,2.356846,1.3,62.14,4,4,0,
14/12/2010,07:06:00,-54.233845,-36.48859,SFL00000423,AFSMai. 18,0,0.627899,1.69,62.14,4,4,0,
14/12/2010,07:12:00,-54.244838,-36.492328,SFL00000423,AFSMai. 18,0,1.637209,-0.05,62.14,4,4,0,
14/12/2010,07:17:00,-54.244738,-36.49262,SFL00000423,AFSMai. 18,0,12.768538,-0.04,62.1,7,7,0,
14/12/2010,08:22:00,-54.25124,-36.486392,SFL00000423,AFSMai. 18,0,0.363008,0.28,62.1,4,4,0,
14/12/2010,09:22:00,-54.244901,-36.492513,SFL00000423,AFSMai. 18,0,9.318322,-0.15,62.1,5,5,0,
14/12/2010,10:22:00,-54.245057,-36.492649,SFL00000423,AFSMai. 18,0,4.13713,-0.27,62.1,5,5,0,
14/12/2010,12:29:00,-54.244687,-36.492019,SFL00000423,AFSMai. 18,0,0.416681,-0.44,62.1,4,4,0,
14/12/2010,13:29:00,-54.244576,-36.492416,SFL00000423,AFSMai. 18,0,10.866989,-0.51,61.59,7,8,0,
14/12/2010,14:29:00,-54.244408,-36.489868,SFL00000423,AFSMai. 18,0,15.625081,0.1,61.59,5,5,0,
14/12/2010,15:29:00,-54.244775,-36.492457,SFL00000423,AFSMai. 18,0,10.277547,-0.24,61.35,6,6,0,
14/12/2010,16:30:00,-54.244528,-36.491238,SFL00000423,AFSMai. 18,0,0.22051,-0.08,61.35,4,4,0,
