Date,Time,Latitude,Longitude,Altitude,Residual Error,Clock Error,Cumulative Clock Error,No Satellites Used,No Satellites Provided
06/12/2006,15:39:01,-54.009031,-38.04976,16,7.40491,0.01,2,5,5
06/12/2006,15:54:00,-54.008278,-38.050858,16,16.83057,-0.09,1.91,7,7
06/12/2006,16:24:00,-54.008619,-38.050894,16,9.50991,-0.99,0.92,6,6
06/12/2006,16:39:00,-54.008496,-38.050749,16,14.45591,1.09,2.01,7,7
06/12/2006,16:54:00,-54.008421,-38.050726,16,21.820871,0.08,2.09,8,8
06/12/2006,17:09:00,-54.008198,-38.051143,16,9.508041,-1.07,1.02,6,6
06/12/2006,17:24:00,-54.008224,-38.051117,16,13.859014,1.08,2.1,8,8
06/12/2006,17:39:00,-54.008517,-38.050933,16,12.791266,-0.95,1.15,7,7
06/12/2006,17:54:00,-54.008438,-38.050547,16,14.019035,-0.04,1.11,7,7
06/12/2006,18:09:00,-54.008183,-38.051308,16,24.531484,1.11,2.22,6,6
06/12/2006,18:26:00,-54.008351,-38.051064,16,17.651684,-0.93,1.29,6,6
06/12/2006,19:02:00,-54.008518,-38.051048,16,11.125831,-0.03,1.26,6,6
06/12/2006,19:19:00,-54.00885,-38.051279,16,0.255327,-0.04,1.26,4,4
06/12/2006,19:36:00,-54.008446,-38.051615,16,11.490298,0.02,1.28,6,6
06/12/2006,19:51:00,-54.009181,-38.050321,16,0.379443,-0.08,1.28,4,4
06/12/2006,20:06:00,-54.008218,-38.050771,16,0.202292,0.16,1.28,4,4
06/12/2006,20:38:00,-54.008342,-38.051704,16,12.757863,-0.68,0.6,7,8
06/12/2006,20:53:00,-54.008534,-38.051269,16,15.732818,1.12,1.72,6,6
06/12/2006,21:08:00,-54.008637,-38.052132,16,12.517501,0.04,1.76,6,6
06/12/2006,21:23:00,-54.008466,-38.051578,16,11.20328,-0.99,0.77,7,7
06/12/2006,21:38:00,-54.008143,-38.051981,16,11.873176,1.05,1.82,6,6
06/12/2006,21:53:00,-54.008409,-38.04973,16,28.558354,0.24,1.82,5,5
06/12/2006,22:08:00,-54.008809,-38.053727,16,10.061877,-1.16,1.82,5,5
06/12/2006,22:23:00,-54.008407,-38.051429,16,0.332419,0.32,1.82,4,4
06/12/2006,22:38:00,-54.008027,-38.052289,16,17.662104,-0.71,1.11,6,7
06/12/2006,22:53:00,-54.005683,-38.051393,16,3.676168,0.22,1.33,6,6
06/12/2006,23:08:00,-54.008284,-38.051598,16,12.614752,0.89,2.22,7,7
06/12/2006,23:23:00,-54.008347,-38.051473,16,21.753212,-0.93,1.29,8,8
06/12/2006,23:38:00,-54.008507,-38.051463,16,22.654295,-0.08,1.21,6,6
06/12/2006,23:53:00,-54.008357,-38.051406,16,16.228824,0.17,1.21,5,5
07/12/2006,00:08:00,-54.008531,-38.051533,16,4.581241,0.17,1.21,5,5
07/12/2006,00:25:00,-54.009108,-38.051973,16,0.37354,0.12,1.21,4,4
07/12/2006,00:40:00,-54.008105,-38.051274,16,0.360474,0.44,1.21,4,4
07/12/2006,00:55:00,-54.008302,-38.051478,16,14.676511,0.41,1.62,6,6
07/12/2006,01:10:00,-54.008636,-38.050795,16,19.287362,-0.83,0.79,6,6
07/12/2006,01:25:00,-54.00728,-38.051933,16,0.663263,0.94,0.79,4,4
07/12/2006,01:40:00,-54.007851,-38.051835,16,1.662871,-0.05,0.79,5,6
07/12/2006,01:55:00,-54.008684,-38.051068,16,22.342625,0.17,0.96,6,6
07/12/2006,02:25:00,-54.008432,-38.051124,16,9.798557,-0.01,0.95,7,7
07/12/2006,02:40:00,-54.008704,-38.051484,16,18.714059,0.05,0.95,5,5
07/12/2006,02:55:00,-54.008297,-38.051289,16,10.186667,1.13,2.08,7,7
07/12/2006,03:10:00,-54.008576,-38.051002,16,21.649627,-1.06,1.02,8,8
07/12/2006,03:27:00,-54.00868,-38.051124,16,23.522796,1.15,2.17,8,8
07/12/2006,03:46:00,-54.008402,-38.051568,16,9.916126,-0.97,1.2,7,7
07/12/2006,04:03:00,-54.008498,-38.051221,16,14.138087,1.14,2.34,7,7
07/12/2006,04:18:00,-54.009286,-38.051647,16,1.715583,-0.92,2.34,4,4
07/12/2006,04:48:00,-54.008406,-38.051525,16,29.832175,-0.93,1.41,8,8
07/12/2006,05:03:00,-54.008588,-38.052149,16,25.803638,-0.05,1.36,8,8
07/12/2006,05:18:00,-54.008653,-38.051708,16,24.783848,0.05,1.41,7,7
07/12/2006,05:33:00,-54.00809,-38.05149,16,20.337659,0.11,1.52,8,8
07/12/2006,05:48:00,-54.008666,-38.051564,16,22.05512,0.11,1.63,7,7
07/12/2006,06:03:00,-54.008478,-38.051706,16,22.697634,-0.06,1.57,8,8
07/12/2006,06:18:00,-54.008586,-38.050048,16,0.565551,0.08,1.57,4,4
07/12/2006,06:33:00,-54.007641,-38.049989,16,14.870542,0.28,1.57,5,5
07/12/2006,06:48:00,-54.008134,-38.047697,16,20.363313,-0.56,1.01,6,6
07/12/2006,07:03:00,-54.008804,-38.050801,16,2.991914,0.86,1.01,5,5
07/12/2006,07:18:00,-54.009396,-38.048995,16,1.261526,1.12,1.01,4,4
07/12/2006,07:33:00,-54.008169,-38.0513,16,5.603841,-0.09,0.92,6,6
07/12/2006,08:03:00,-54.008658,-38.050994,16,10.303065,0.23,1.15,6,6
07/12/2006,10:26:00,-54.008195,-38.051064,16,9.259445,-0.11,1.04,6,6
07/12/2006,10:41:00,-54.008444,-38.050959,16,11.817432,1.11,1.04,5,5
07/12/2006,10:56:00,-54.009146,-38.051748,16,1.434289,0.31,1.04,4,4
07/12/2006,11:36:00,-54.007269,-38.051233,16,0.907341,0.18,1.04,4,4
07/12/2006,11:55:00,-54.007483,-38.049352,16,0.432245,0.51,1.04,4,4
07/12/2006,12:10:00,-54.00505,-38.03718,16,0.252121,1.68,1.04,4,4
07/12/2006,13:07:00,-54.008488,-38.052558,16,0.287936,0.89,1.04,4,4
07/12/2006,13:22:00,-54.008559,-38.050777,16,4.88776,0.11,1.04,5,5
07/12/2006,13:37:00,-54.008364,-38.050318,16,3.784521,0.35,1.04,5,5
07/12/2006,13:52:00,-54.00863,-38.050592,16,13.981198,0.38,1.42,6,6
07/12/2006,14:07:00,-54.008628,-38.05091,16,1.339195,-0.04,1.42,4,4
07/12/2006,14:22:00,-54.008858,-38.052109,16,17.305231,-0.78,0.64,7,7
07/12/2006,14:37:00,-54.008516,-38.051286,16,23.932097,1.06,1.7,7,7
07/12/2006,14:52:00,-54.009012,-38.052367,16,0.32209,0.06,1.7,5,5
07/12/2006,15:07:00,-54.008154,-38.051242,16,10.335335,-0.95,0.75,6,6
07/12/2006,15:22:00,-54.008193,-38.050418,16,7.520714,1.17,1.92,6,6
07/12/2006,15:37:00,-54.008581,-38.050577,16,7.124555,-1.16,1.92,5,5
07/12/2006,15:52:00,-54.006371,-38.045558,16,0.220954,-0.54,1.92,4,4
07/12/2006,16:07:00,-54.011759,-38.038817,16,0.457173,1.54,1.92,4,4
07/12/2006,16:22:00,-54.008317,-38.051884,16,16.26296,-0.78,1.92,5,5
07/12/2006,16:37:00,-54.008414,-38.051529,16,10.402858,-0.7,1.92,5,5
07/12/2006,16:52:00,-54.008139,-38.051711,16,5.955938,-0.61,1.31,6,6
07/12/2006,17:09:00,-54.018864,-38.054375,16,1.582949,-0.6,1.31,4,4
07/12/2006,17:41:00,-54.007589,-38.051225,16,0.590135,0.15,1.31,4,4
07/12/2006,17:56:00,-54.008411,-38.051192,16,12.043829,0.12,1.43,6,6
07/12/2006,18:11:00,-54.010105,-38.053564,16,0.60496,-0.02,1.43,4,4
07/12/2006,18:26:00,-54.008679,-38.051125,16,16.762327,0.36,1.79,7,7
07/12/2006,18:41:00,-54.008141,-38.051652,16,10.391374,-1.12,0.67,8,8
07/12/2006,18:56:00,-54.008182,-38.048517,16,20.974358,1.36,2.03,6,6
07/12/2006,19:11:00,-54.008254,-38.051617,16,7.860008,-0.19,1.84,6,6
07/12/2006,19:26:00,-54.00873,-38.051978,16,13.016238,-1.05,1.84,5,5
07/12/2006,19:41:00,-54.008183,-38.051602,16,21.100939,0.07,1.91,7,7
07/12/2006,19:56:00,-54.008585,-38.051264,16,19.638751,-0.97,0.94,6,6
07/12/2006,20:11:00,-54.008496,-38.050711,16,12.332967,-0.02,0.92,6,6
07/12/2006,20:41:00,-54.008568,-38.051173,16,6.588107,0.23,1.15,6,6
07/12/2006,20:56:00,-54.008448,-38.051271,16,16.736289,-0.12,1.03,8,8
07/12/2006,21:11:00,-54.008711,-38.051124,16,9.100316,0.29,1.32,6,6
07/12/2006,21:26:00,-54.008211,-38.051453,16,7.256526,-0.03,1.4,5,5
07/12/2006,21:41:00,-54.008282,-38.051886,0,0.491668,-0.2,1.4,4,4
07/12/2006,21:56:00,-54.008223,-38.049733,0,14.231043,0.3,1.03,5,5
07/12/2006,22:13:00,-54.008195,-38.051286,0,15.338586,0.44,2.55,8,8
07/12/2006,22:28:00,-54.007974,-38.051309,0,3.210752,-2.01,1.6,5,5
07/12/2006,22:43:00,-54.008763,-38.051333,0,1.097276,0.23,1.6,4,4
07/12/2006,22:58:00,-54.001713,-38.051646,0,0.724063,-0.2,1.11,4,4
07/12/2006,23:28:00,-54.008398,-38.051621,0,22.947388,-0.13,1.15,6,6
07/12/2006,23:43:00,-54.007955,-38.051644,0,15.960057,-0.1,1.05,6,6
07/12/2006,23:58:00,-54.008328,-38.051766,0,3.893931,0.17,1.05,5,5
08/12/2006,00:13:00,-54.008039,-38.051105,0,2.881765,0.39,1.05,5,5
08/12/2006,00:28:00,-54.030407,-38.050659,0,12.708539,-2.1,1.05,4,4
08/12/2006,00:58:00,-54.008154,-38.051062,0,5.90635,0.68,1.05,5,5
08/12/2006,01:19:00,-54.007435,-38.052625,0,0.509646,-0.24,1.05,4,4
08/12/2006,01:49:00,-54.008652,-38.051473,0,22.101562,-0.15,1.05,5,5
08/12/2006,03:49:00,-54.008726,-38.05056,0,13.005708,0.44,1.49,7,7
08/12/2006,05:34:00,-54.008305,-38.05118,0,16.753049,-0.77,0.72,7,7
08/12/2006,05:49:00,-54.007883,-38.050755,0,0.205617,0.11,0.72,4,4
08/12/2006,06:19:00,-54.008439,-38.051245,0,16.426081,0.11,0.83,6,6
08/12/2006,06:34:00,-54.00782,-38.050679,0,2.965512,0.14,0.97,7,7
08/12/2006,06:49:00,-54.010189,-38.054299,0,0.315571,-0.16,0.97,4,4
08/12/2006,07:04:00,-54.011613,-38.050135,0,0.087172,0.62,0.97,4,4
08/12/2006,07:19:00,-54.008458,-38.050824,0,0.663745,0.27,0.97,5,5
08/12/2006,07:34:00,-54.008476,-38.051328,0,9.356023,0.36,1.33,7,7
08/12/2006,07:49:00,-54.009632,-38.049021,0,0.876835,0.13,1.33,4,4
08/12/2006,08:04:00,-54.008249,-38.051162,0,10.201256,-0.93,0.4,7,7
08/12/2006,08:19:00,-54.00853,-38.051519,0,6.229544,1.06,1.46,7,7
08/12/2006,08:34:00,-54.008394,-38.051509,0,10.720477,-0.01,1.45,8,8
08/12/2006,08:49:00,-54.008552,-38.050984,0,22.551186,-0.78,0.67,8,8
08/12/2006,09:04:00,-54.008301,-38.051089,0,18.823011,1.07,1.74,8,8
08/12/2006,09:34:00,-54.008218,-38.050658,0,15.829379,-0.91,0.83,7,7
08/12/2006,09:49:00,-54.008385,-38.051785,0,22.731356,1.02,1.85,6,6
08/12/2006,10:04:00,-54.00885,-38.050108,0,8.58286,-0.93,0.92,7,7
08/12/2006,10:25:00,-54.01535,-38.053372,0,2.223782,-0.24,0.92,4,4
08/12/2006,10:40:00,-54.008535,-38.051137,0,15.618411,0,0.92,7,8
08/12/2006,10:57:00,-54.008733,-38.051356,0,0.914447,1.07,0.92,4,4
08/12/2006,12:40:00,-54.008912,-38.051922,0,5.540568,0.61,0.92,5,5
08/12/2006,12:59:00,-54.008311,-38.051739,0,13.470085,-0.28,0.64,6,6
08/12/2006,13:14:00,-54.008286,-38.051817,0,14.207829,1.07,1.71,7,7
08/12/2006,13:44:00,-54.011307,-38.054165,0,0.070155,-0.41,1.71,4,4
08/12/2006,14:14:00,-54.00804,-38.05192,0,5.137925,-0.72,0.99,7,7
08/12/2006,14:44:00,-54.007926,-38.05076,0,11.086517,-0.6,1.11,6,6
08/12/2006,14:59:00,-54.008007,-38.051204,0,23.224223,0.06,1.17,8,8
08/12/2006,15:14:00,-54.008269,-38.051361,0,14.121782,-0.03,1.14,8,8
08/12/2006,15:35:00,-54.008203,-38.05046,0,23.661749,0.25,1.39,7,8
08/12/2006,15:50:00,-54.007189,-38.048839,0,23.991626,-0.96,0.43,6,6
08/12/2006,16:05:00,-54.008727,-38.051201,0,12.967838,0.9,1.33,6,6
08/12/2006,16:20:00,-54.008397,-38.052293,0,18.166197,0,1.33,7,7
08/12/2006,16:35:00,-54.008491,-38.051694,0,6.904771,-1,0.33,7,7
08/12/2006,16:50:00,-54.008538,-38.051513,0,22.112732,1.09,1.42,7,7
08/12/2006,17:05:00,-54.008519,-38.051254,0,10.655221,0.05,1.47,7,7
08/12/2006,17:20:00,-54.008585,-38.051018,0,11.385029,-1.02,0.45,6,6
08/12/2006,17:35:00,-54.008584,-38.050907,0,10.903414,1.19,1.64,7,7
08/12/2006,17:50:00,-54.008587,-38.050817,0,17.486484,-0.88,0.76,6,6
08/12/2006,18:05:00,-54.008096,-38.051457,0,9.17256,-0.18,0.58,7,7
08/12/2006,18:20:00,-54.008821,-38.051547,0,8.851037,1.11,1.69,7,7
08/12/2006,18:35:00,-54.008009,-38.050966,0,12.141904,-0.94,0.75,6,6
08/12/2006,18:54:00,-54.0108,-38.052875,0,1.573833,0.86,0.75,5,5
08/12/2006,19:15:00,-54.008545,-38.051252,0,13.579802,0.1,0.85,6,6
08/12/2006,19:53:00,-54.007443,-38.052222,0,0.194186,-0.15,0.85,5,5
08/12/2006,20:08:00,-54.008532,-38.051789,0,0.229797,0.06,0.85,4,5
08/12/2006,20:23:00,-54.008305,-38.051374,0,21.690873,0.38,1.23,8,8
08/12/2006,20:38:00,-54.008251,-38.05132,0,14.781369,-1.1,0.13,7,7
08/12/2006,20:53:00,-54.008071,-38.051496,0,17.380635,1.14,1.27,8,8
08/12/2006,21:08:00,-54.008627,-38.051149,0,11.241653,0.1,1.37,8,8
08/12/2006,21:23:00,-54.008295,-38.051097,0,9.121303,-1.05,1.37,5,5
08/12/2006,21:38:00,-54.007259,-38.047776,0,1.176169,0.22,1.37,4,4
08/12/2006,21:53:00,-54.008345,-38.051772,0,17.201521,-0.82,0.55,6,6
08/12/2006,22:08:00,-54.008391,-38.052503,0,21.849607,-0.09,0.46,6,6
08/12/2006,22:38:00,-54.008624,-38.051416,0,26.499572,0.36,0.82,7,7
08/12/2006,22:57:00,-54.008365,-38.051512,0,10.605198,0.96,1.78,7,7
08/12/2006,23:18:00,-54.008147,-38.051421,0,19.324673,-0.97,0.81,6,6
08/12/2006,23:35:00,-54.008426,-38.051632,0,13.777655,0.2,0.81,5,5
08/12/2006,23:52:00,-54.008297,-38.053258,0,0.79477,0.03,0.81,4,4
09/12/2006,00:11:00,-54.009,-38.050653,0,0.428204,0.54,0.81,4,4
09/12/2006,02:32:00,-54.00862,-38.05191,0,8.39854,0.62,1.43,7,7
09/12/2006,02:47:00,-54.008434,-38.051671,0,6.457324,-1.07,0.36,8,8
09/12/2006,03:02:00,-54.008292,-38.052327,0,8.86855,1.11,1.47,6,6
09/12/2006,03:17:00,-54.008224,-38.051293,0,23.924964,-0.93,0.54,8,8
09/12/2006,03:32:00,-54.009057,-38.050831,0,8.777866,0,0.54,6,6
09/12/2006,04:02:00,-54.008658,-38.05193,0,17.175868,0.05,0.59,8,8
09/12/2006,04:17:00,-54.00854,-38.052608,0,7.169269,0.02,0.61,6,6
09/12/2006,04:51:00,-54.007894,-38.052337,0,2.985695,0.2,0.61,5,5
09/12/2006,05:06:00,-54.008686,-38.051585,0,9.3998,0.31,0.92,8,8
09/12/2006,05:21:00,-54.008308,-38.051265,0,22.406899,0.04,0.96,8,8
09/12/2006,05:36:00,-54.007635,-38.052026,0,1.330983,0.08,0.96,5,5
09/12/2006,05:55:00,-54.008478,-38.051484,0,0.850224,0.13,0.96,4,4
09/12/2006,06:10:00,-54.008952,-38.051281,0,15.64312,0.15,1.11,6,6
09/12/2006,06:25:00,-54.008692,-38.051542,0,5.664967,-0.88,1.11,5,5
09/12/2006,06:40:00,-54.008821,-38.051647,0,20.319769,0.21,1.32,7,7
09/12/2006,06:55:00,-54.008583,-38.052001,0,20.222467,-1.06,0.26,6,6
09/12/2006,07:10:00,-54.009597,-38.049791,0,0.507125,0.36,0.26,4,4
09/12/2006,07:25:00,-54.008298,-38.051569,0,10.189114,1.21,0.26,5,5
09/12/2006,07:40:00,-54.008215,-38.051389,0,13.415421,0.27,0.53,7,7
09/12/2006,07:55:00,-54.008183,-38.051903,0,1.562662,0.12,0.65,7,7
09/12/2006,08:12:00,-54.008455,-38.051551,0,23.608865,0.11,0.76,8,8
09/12/2006,08:27:00,-54.007981,-38.051709,0,14.103009,-0.03,0.73,7,7
09/12/2006,09:03:00,-54.00847,-38.051257,0,26.341557,-0.15,0.58,6,6
09/12/2006,09:18:00,-54.008339,-38.051475,0,8.876185,1.1,1.68,6,6
09/12/2006,09:33:00,-54.008551,-38.049402,0,0.884736,-0.69,1.68,5,5
09/12/2006,09:48:00,-54.008027,-38.051307,0,17.907068,-0.98,0.7,7,7
09/12/2006,10:03:00,-54.00851,-38.050824,0,15.954819,1.16,1.86,7,7
09/12/2006,10:24:00,-54.009401,-38.051638,0,0.53707,-0.93,1.86,4,4
09/12/2006,11:00:00,-54.008674,-38.05281,0,1.316715,-1.08,1.86,5,5
09/12/2006,11:15:00,-54.008161,-38.051298,0,0.312637,-0.78,1.86,4,4
09/12/2006,11:30:00,-54.008463,-38.052412,0,0.859434,-0.66,1.86,4,4
09/12/2006,13:30:00,-54.008837,-38.051066,0,1.186576,-0.31,1.86,4,4
09/12/2006,14:10:00,-54.008281,-38.051104,0,22.433118,-0.53,1.86,5,5
09/12/2006,14:46:00,-54.008929,-38.05103,0,14.569609,-0.45,1.41,7,7
09/12/2006,15:01:00,-54.007962,-38.053997,0,1.069508,-1.18,1.41,5,5
09/12/2006,15:16:00,-54.008746,-38.069883,0,1.051237,-1.4,1.41,4,4
09/12/2006,15:31:00,-54.009214,-38.047338,0,0.314874,0.16,1.41,4,4
09/12/2006,15:46:00,-54.008075,-38.054874,0,8.377515,-1.21,0.2,6,6
09/12/2006,16:01:00,-54.002442,-38.075009,0,27.982965,-0.7,0.2,5,5
09/12/2006,16:16:00,-54.008497,-38.05185,0,12.119405,0.49,0.69,8,8
09/12/2006,16:31:00,-54.008396,-38.051703,0,19.098369,0.02,0.71,8,8
09/12/2006,16:46:00,-54.008094,-38.051494,0,18.199152,-0.86,-0.15,6,6
09/12/2006,17:03:00,-54.008505,-38.051715,0,7.251837,1.2,-0.15,5,5
09/12/2006,17:18:00,-54.008153,-38.051165,0,16.239191,0.23,0.08,6,6
09/12/2006,18:36:00,-54.008733,-38.052851,0,0.879204,1.59,0.08,4,4
09/12/2006,19:54:00,-54.006608,-38.053849,0,0.205549,0.94,0.08,4,4
09/12/2006,20:11:00,-54.008754,-38.05049,0,1.635955,0.31,0.08,4,4
09/12/2006,20:26:00,-54.008468,-38.050586,0,6.029333,1.54,0.08,5,5
09/12/2006,20:41:00,-54.008145,-38.051631,0,20.596198,0.66,0.74,7,7
09/12/2006,20:56:00,-54.008606,-38.051681,0,3.70142,-0.03,0.74,5,5
09/12/2006,21:11:00,-54.008089,-38.051376,0,21.423228,0.23,0.97,6,6
09/12/2006,21:26:00,-54.008682,-38.052513,0,16.974044,-0.03,0.94,6,6
09/12/2006,22:02:00,-54.008902,-38.051776,0,25.818456,-0.02,0.94,5,5
09/12/2006,22:17:00,-54.008953,-38.051365,0,10.732479,-0.1,0.84,6,6
09/12/2006,23:08:00,-54.008629,-38.05097,0,14.562194,-0.11,0.73,7,7
09/12/2006,23:23:00,-54.008279,-38.05154,0,21.662863,0.1,0.83,6,6
09/12/2006,23:42:00,-53.992569,-38.069608,0,1.056618,1.6,0.83,4,4
10/12/2006,00:12:00,-54.00788,-38.051146,0,1.278532,-0.63,0.83,4,4
10/12/2006,00:29:18,-54.008754,-38.05224,0,22.622433,0.25,1.08,7,7
10/12/2006,00:46:04,-54.027636,-38.070363,0,14.788122,-1.27,-0.19,7,7
10/12/2006,01:05:01,-54.025543,-38.104779,0,0.994249,0.8,-0.19,5,6
10/12/2006,01:20:05,-54.017854,-38.124765,0,1.149194,0.34,-0.19,5,5
10/12/2006,01:35:14,-54.01475,-38.149226,0,27.124404,0.93,0.74,8,8
10/12/2006,01:50:20,-54.02095,-38.176121,0,14.180841,-0.2,0.54,8,8
10/12/2006,02:11:07,-54.031707,-38.215381,0,11.028586,-0.05,0.49,6,6
10/12/2006,02:32:19,-54.035699,-38.255094,0,10.309958,0.54,1.03,8,8
10/12/2006,02:51:02,-54.033044,-38.290122,0,16.527808,-0.24,0.79,7,7
10/12/2006,03:21:08,-54.018851,-38.322414,0,26.564091,0.13,1.12,6,6
10/12/2006,03:36:27,-54.011234,-38.338016,0,16.409198,-0.34,0.78,8,8
10/12/2006,03:51:01,-54.005905,-38.348982,0,14.618911,0.04,0.82,8,8
10/12/2006,04:08:42,-54.001666,-38.368931,0,10.694601,-0.07,0.75,8,8
10/12/2006,04:44:07,-54.001303,-38.39029,0,10.150465,-0.26,0.75,5,5
10/12/2006,05:00:00,-53.996845,-38.401727,0,6.93189,-0.01,0.74,7,7
10/12/2006,05:14:29,-53.998828,-38.411444,0,18.442728,-0.55,0.19,8,8
10/12/2006,05:31:31,-53.999584,-38.422569,0,14.430929,0.78,0.97,8,8
10/12/2006,05:46:20,-54.002876,-38.440642,0,8.949738,0.35,1.32,6,6
10/12/2006,06:01:34,-54.001177,-38.458278,0,24.681003,-0.36,0.96,7,7
10/12/2006,06:41:42,-53.989351,-38.510482,0,4.687953,0.05,0.43,5,6
10/12/2006,06:56:10,-53.987086,-38.512797,0,0.418004,0.2,1.33,4,4
10/12/2006,07:17:01,-53.980944,-38.529558,0,19.26225,-0.48,0.85,8,8
10/12/2006,07:53:23,-53.976513,-38.553607,0,0.279007,0.02,-0.15,5,6
10/12/2006,08:08:52,-53.974685,-38.560749,0,1.744029,0.4,1.42,4,4
10/12/2006,08:27:34,-53.968058,-38.579127,0,3.903227,-0.36,1.11,6,6
10/12/2006,08:44:10,-53.963113,-38.594549,0,24.473682,-0.39,-0.3,7,8
10/12/2006,08:59:15,-53.957253,-38.608544,0,19.376279,1.99,3.24,6,8
10/12/2006,09:16:37,-53.952964,-38.62438,0,26.630322,-2.34,-1.88,7,7
10/12/2006,09:33:09,-53.950277,-38.635818,0,11.644997,2.56,0.68,6,7
10/12/2006,09:48:25,-53.946116,-38.65015,0,15.337195,-0.1,0.58,7,7
10/12/2006,10:03:01,-53.939754,-38.66123,0,17.071612,0.34,0.92,7,8
10/12/2006,10:22:20,-53.934137,-38.674597,0,20.780012,0.15,1.07,6,6
10/12/2006,10:43:11,-53.927849,-38.685324,0,1.374059,0.33,1.07,5,5
10/12/2006,11:00:02,-53.926553,-38.688246,0,21.125102,0.1,0.64,7,8
10/12/2006,11:17:06,-53.918168,-38.698894,0,20.306739,0.2,0.84,7,7
10/12/2006,11:51:43,-53.903621,-38.712713,0,16.3335,-0.08,0.76,7,7
10/12/2006,12:27:07,-53.89576,-38.717382,0,14.991884,0.1,0.7,7,7
10/12/2006,12:42:02,-53.885518,-38.726352,0,12.822193,0.4,1.1,6,6
10/12/2006,13:01:01,-53.883129,-38.727428,0,2.573612,-0.5,0.6,6,6
10/12/2006,13:16:11,-53.877444,-38.730346,0,12.624078,0.09,0.51,6,7
10/12/2006,13:33:03,-53.868459,-38.740529,0,0.979407,0.39,0.51,5,5
10/12/2006,13:48:20,-53.859952,-38.749626,0,12.508173,-0.23,0.82,8,8
10/12/2006,14:03:24,-53.850603,-38.759883,0,5.321602,0.46,1.28,8,8
10/12/2006,14:20:42,-53.840369,-38.770648,0,23.53932,-0.14,1.43,7,8
10/12/2006,14:35:55,-53.83395,-38.780775,0,7.913258,0.11,1.43,5,5
10/12/2006,14:52:21,-53.828842,-38.78799,0,19.170954,-0.6,0.72,7,7
10/12/2006,15:07:01,-53.823395,-38.795265,0,18.215066,0.44,0.1,7,8
10/12/2006,15:27:05,-53.816733,-38.81145,0,8.359557,0.84,0.94,6,6
10/12/2006,15:44:07,-53.81105,-38.819657,0,18.245013,0.19,1.56,7,7
10/12/2006,16:01:27,-53.800204,-38.837362,0,9.994263,-0.35,0.49,6,6
10/12/2006,16:20:06,-53.793589,-38.846812,0,9.897996,0.79,1.28,6,6
10/12/2006,16:37:11,-53.78525,-38.859117,0,12.33749,0.02,1.22,8,8
10/12/2006,16:54:45,-53.783355,-38.862564,0,27.063499,0.03,0.61,7,7
10/12/2006,17:09:03,-53.780115,-38.870362,0,9.441865,1.19,2.9,8,8
10/12/2006,17:26:04,-53.772054,-38.881745,0,14.526095,-2.24,-0.38,7,7
10/12/2006,18:06:16,-53.763086,-38.898051,0,10.212855,0.76,0.38,7,7
10/12/2006,18:21:48,-53.763075,-38.900375,0,13.670278,1.4,1.78,6,6
10/12/2006,18:38:19,-53.761879,-38.891434,0,16.285964,0.61,2.81,5,5
10/12/2006,18:53:49,-53.761827,-38.907516,0,6.923237,-1.58,2.81,5,5
10/12/2006,19:09:24,-53.756985,-38.912747,0,3.490622,-1.94,0.87,6,6
10/12/2006,19:24:17,-53.75858,-38.912374,0,10.226754,0,0.87,8,8
10/12/2006,19:39:00,-53.755684,-38.915213,0,9.144884,0.74,1.61,6,6
10/12/2006,19:54:01,-53.749666,-38.923096,0,17.989347,0.29,1.9,6,6
10/12/2006,20:11:24,-53.746337,-38.925013,0,11.527282,-0.76,1.14,7,7
10/12/2006,21:03:08,-53.739474,-38.934381,0,5.488545,0.07,-1.4,7,7
10/12/2006,21:18:07,-53.734202,-38.938788,0,16.201499,2.08,1.93,6,6
10/12/2006,21:33:01,-53.730664,-38.942997,0,24.62221,-0.7,1.46,7,8
10/12/2006,21:48:03,-53.726209,-38.951248,0,3.15256,-0.2,1.26,6,6
10/12/2006,22:03:08,-53.720573,-38.959409,0,14.73969,-0.54,1.26,5,5
10/12/2006,22:40:28,-53.71,-38.976818,0,8.229887,-0.21,1.05,6,6
10/12/2006,22:57:18,-53.701801,-38.989441,0,15.228371,0.47,1,7,7
10/12/2006,23:12:10,-53.696239,-39.002463,0,17.114844,-0.62,0.38,6,6
10/12/2006,23:27:02,-53.689942,-39.011798,0,12.371184,0.93,0.84,5,6
10/12/2006,23:42:01,-53.683589,-39.02655,0,23.073653,0.25,1.09,6,6
10/12/2006,23:57:30,-53.678489,-39.038517,0,8.731144,0.08,1.17,7,8
11/12/2006,00:12:08,-53.672307,-39.051996,0,24.100245,0.53,1.7,7,7
11/12/2006,00:29:44,-53.664003,-39.066904,0,6.770357,-0.03,1.67,7,8
11/12/2006,00:48:05,-53.657907,-39.080033,0,1.744005,-1.34,1.67,4,4
11/12/2006,01:03:20,-53.652973,-39.09267,0,22.802388,-0.94,0.73,6,6
11/12/2006,01:20:42,-53.646606,-39.104562,0,4.612139,0.18,-0.21,5,5
11/12/2006,01:35:53,-53.640024,-39.119208,0,18.555725,1.49,2.32,8,8
11/12/2006,01:50:46,-53.633443,-39.132357,0,9.87542,-1.81,0.51,7,7
11/12/2006,02:08:15,-53.631304,-39.135299,0,18.33574,-0.07,0.44,8,8
11/12/2006,02:23:03,-53.625225,-39.144985,0,10.161331,-0.01,0.43,6,6
11/12/2006,02:38:00,-53.618938,-39.153739,0,13.982537,0.83,1.9,7,7
11/12/2006,03:12:03,-53.605894,-39.170183,0,2.22831,0.92,1.41,6,6
11/12/2006,03:27:00,-53.595811,-39.182713,0,10.562588,0.43,2.38,6,6
11/12/2006,03:42:56,-53.585189,-39.195034,0,12.040058,-1.45,-0.23,6,6
11/12/2006,04:04:53,-53.573417,-39.211231,0,10.231054,1.66,1.43,8,8
11/12/2006,04:25:58,-53.562112,-39.222797,0,15.318273,0.19,1.62,8,8
11/12/2006,04:46:04,-53.551262,-39.237131,0,28.410076,-0.38,1.24,8,8
11/12/2006,05:05:08,-53.545723,-39.242919,0,10.763654,0.69,1.93,6,6
11/12/2006,05:42:04,-53.524322,-39.265301,0,19.289608,-0.37,1.56,6,6
11/12/2006,06:33:01,-53.509116,-39.283278,0,22.057978,0.68,1.75,7,7
11/12/2006,06:48:00,-53.506411,-39.285686,0,13.788848,-0.59,1.16,8,8
11/12/2006,07:24:19,-53.497576,-39.295669,0,8.640346,0.37,1.53,8,8
11/12/2006,07:39:12,-53.494308,-39.299092,0,12.568038,0.39,1.92,7,7
11/12/2006,08:36:04,-53.479841,-39.317505,0,9.369704,0.93,1.77,8,8
11/12/2006,09:14:01,-53.469816,-39.341305,0,17.238347,-1.08,0.69,6,6
11/12/2006,09:31:07,-53.46517,-39.351888,0,13.803488,1.15,1.84,7,7
11/12/2006,09:48:01,-53.459745,-39.36191,0,15.553441,-1.01,0.83,8,8
11/12/2006,10:03:09,-53.455895,-39.372348,0,0.488626,0.07,-0.25,4,5
11/12/2006,10:18:07,-53.451738,-39.384896,0,3.552819,2.35,0.83,5,7
11/12/2006,10:33:16,-53.446462,-39.399812,0,7.235721,1.04,2.2,7,7
11/12/2006,10:48:07,-53.440179,-39.414902,0,10.645005,-1.36,0.62,8,8
11/12/2006,11:07:00,-53.431699,-39.433689,0,10.162615,0.99,-0.23,5,5
11/12/2006,11:50:03,-53.409339,-39.459914,0,14.68944,1.19,1.28,5,5
11/12/2006,12:05:04,-53.402502,-39.467937,0,16.521841,0.61,1.89,6,7
11/12/2006,12:26:06,-53.393363,-39.484867,0,1.349133,-0.22,1.91,4,4
11/12/2006,12:43:09,-53.382722,-39.500296,0,3.502257,-0.87,1.25,5,5
11/12/2006,12:58:10,-53.373978,-39.510815,0,23.316126,-0.05,1.75,8,8
11/12/2006,13:13:03,-53.363446,-39.520231,0,13.947824,-0.03,0.61,5,5
11/12/2006,13:34:26,-53.352174,-39.531787,0,12.153794,1.04,1.42,8,8
11/12/2006,13:51:03,-53.3396,-39.547905,0,15.637028,0.54,3.36,7,7
11/12/2006,14:53:48,-53.307227,-39.609257,0,7.302524,-2.28,-1.41,7,7
11/12/2006,15:44:03,-53.281701,-39.649993,0,13.565518,1.94,0.53,6,6
11/12/2006,15:59:11,-53.272877,-39.659858,0,13.748983,1.41,1.94,8,8
11/12/2006,16:14:09,-53.263461,-39.673955,0,25.229823,-1.07,0.87,8,8
11/12/2006,16:29:36,-53.25701,-39.684431,0,0.81148,0.3,0.87,4,4
11/12/2006,17:10:00,-53.238294,-39.720062,0,17.423644,1.14,2.01,8,8
11/12/2006,17:29:52,-53.236201,-39.729323,0,16.3735,-0.99,4.04,7,7
11/12/2006,18:01:07,-53.219592,-39.765876,0,17.951177,-1.96,2.08,8,8
11/12/2006,18:18:01,-53.219361,-39.77494,0,16.132024,-0.48,1.6,7,7
11/12/2006,18:35:17,-53.218798,-39.778899,0,8.770532,0.07,1.67,6,6
11/12/2006,18:52:22,-53.219342,-39.78501,0,12.940789,-0.18,1.49,7,7
11/12/2006,19:11:30,-53.220529,-39.792347,0,10.30172,-0.21,-1.64,5,5
11/12/2006,19:26:53,-53.220521,-39.793667,0,28.398518,3.8,-1.64,5,6
11/12/2006,19:41:02,-53.221282,-39.798036,0,21.210569,2.69,3.07,7,7
11/12/2006,19:56:02,-53.221884,-39.801335,0,15.394131,-1.06,2.01,7,7
11/12/2006,20:30:00,-53.220666,-39.815101,0,15.021721,0.53,2.09,6,6
11/12/2006,20:47:05,-53.216903,-39.820724,0,12.361144,-0.91,1.18,7,8
11/12/2006,21:02:14,-53.2132,-39.825836,0,8.771496,-0.31,0.87,6,7
11/12/2006,21:19:20,-53.206917,-39.830494,0,28.842837,1.1,1.97,6,6
11/12/2006,21:37:13,-53.202934,-39.83354,0,14.25671,-0.31,1.66,6,6
11/12/2006,21:56:12,-53.196442,-39.843494,0,10.49797,0.22,1.88,6,6
11/12/2006,22:17:03,-53.187882,-39.851651,0,10.629686,0.23,2.11,7,7
11/12/2006,22:32:01,-53.178402,-39.858677,0,3.899612,-0.87,2.11,5,5
11/12/2006,22:49:06,-53.166676,-39.862099,0,0.048073,-0.72,2.11,4,5
11/12/2006,23:04:14,-53.154784,-39.865006,0,4.081285,-0.25,2.11,5,6
11/12/2006,23:23:13,-53.142176,-39.867271,0,12.361537,-0.7,1.41,7,8
11/12/2006,23:42:17,-53.139285,-39.867463,0,19.996891,0.54,1.95,7,7
12/12/2006,00:35:11,-53.104067,-39.882895,0,0.153988,-0.38,1.08,4,4
12/12/2006,01:05:08,-53.079636,-39.895474,0,1.002402,-0.05,2.01,4,5
12/12/2006,03:00:58,-53.032879,-39.88864,0,9.187939,-0.25,1.7,6,6
12/12/2006,03:17:01,-53.030483,-39.889235,0,28.579674,-0.13,1.57,8,8
12/12/2006,03:32:47,-53.029318,-39.890663,0,6.600209,-0.15,1.42,6,6
12/12/2006,03:48:40,-53.028111,-39.891467,0,7.430769,0.16,1.58,8,8
12/12/2006,05:07:44,-53.023025,-39.898512,0,21.89502,-0.47,1.11,7,7
12/12/2006,05:22:09,-53.022285,-39.90255,0,13.062699,1.06,2.17,8,8
12/12/2006,05:37:00,-53.020479,-39.907703,0,10.4734,0.14,2.31,8,8
12/12/2006,05:52:07,-53.017098,-39.915166,0,20.469977,-0.88,1.43,8,8
12/12/2006,06:13:00,-53.015947,-39.921353,0,7.211184,1.13,2.56,8,8
12/12/2006,06:30:02,-53.014261,-39.928203,0,13.705676,-0.48,2.08,8,8
12/12/2006,07:50:05,-53.013445,-39.948277,0,14.475003,-0.14,1.94,6,6
12/12/2006,08:09:04,-53.011276,-39.953935,0,5.69265,0.76,1.94,5,5
12/12/2006,08:28:02,-53.010631,-39.95688,0,21.028571,-0.59,1.35,8,8
12/12/2006,08:43:03,-53.010318,-39.956402,0,13.151074,0.5,1.85,8,8
12/12/2006,08:58:04,-53.008467,-39.960038,0,13.42615,0.55,2.4,8,8
12/12/2006,09:13:02,-53.005545,-39.963828,0,12.451145,-1.41,0.99,8,8
12/12/2006,09:28:01,-53.002544,-39.969517,0,8.217099,1.19,0.99,5,5
12/12/2006,09:45:00,-52.998555,-39.97183,0,5.603975,1.32,2.31,7,7
12/12/2006,10:04:22,-52.994486,-39.974536,0,26.539012,-0.29,2.02,7,7
12/12/2006,10:21:10,-52.991645,-39.978938,0,6.579023,-0.14,1.88,7,7
12/12/2006,11:21:19,-52.978661,-39.995836,0,9.969139,0.4,2.28,8,8
12/12/2006,11:36:07,-52.972897,-40.000095,0,7.86078,-0.75,1.53,6,8
12/12/2006,11:53:00,-52.968759,-40.000427,0,8.488728,0.82,1.53,5,5
12/12/2006,12:34:10,-52.961202,-40.004829,0,14.461702,1.03,1.53,5,5
12/12/2006,12:51:22,-52.960481,-40.002745,0,15.163206,-0.4,1.13,6,6
12/12/2006,13:06:02,-52.961954,-40.000159,0,18.940768,0.56,1.69,8,8
12/12/2006,13:23:05,-52.961663,-39.998212,0,17.101497,0.5,2.19,8,8
12/12/2006,13:38:14,-52.961847,-39.994619,0,7.107617,-0.21,1.98,7,7
12/12/2006,13:55:00,-52.959638,-39.992242,0,19.332618,-0.41,1.57,6,6
12/12/2006,14:14:00,-52.958741,-39.989999,0,13.149489,0.91,2.48,8,8
12/12/2006,14:29:09,-52.95832,-39.987817,0,21.234523,0.05,2.53,8,8
12/12/2006,14:46:17,-52.956159,-39.986987,0,14.69905,-0.77,1.76,8,8
12/12/2006,15:03:05,-52.955661,-39.986726,0,19.895998,-0.02,1.74,6,6
12/12/2006,15:18:51,-52.950824,-39.985835,0,0.143224,-0.32,1.74,4,4
12/12/2006,15:33:43,-52.953438,-39.984334,0,10.244338,-0.29,1.45,7,7
12/12/2006,16:09:00,-52.950509,-39.98372,0,23.695793,0.86,2.31,7,7
12/12/2006,16:24:09,-52.949264,-39.983514,0,8.887515,-0.11,2.2,8,8
12/12/2006,16:54:02,-52.94454,-39.989104,0,1.09744,0.27,2.2,4,4
12/12/2006,17:09:11,-52.945128,-39.985342,0,13.311764,-0.74,1.46,8,8
12/12/2006,17:30:35,-52.943663,-39.988703,0,12.338886,0.61,2.07,7,8
12/12/2006,18:04:16,-52.941337,-39.992599,0,16.954406,0.09,1.94,8,8
12/12/2006,18:21:20,-52.940827,-39.995584,0,10.577679,0.28,2.77,8,8
12/12/2006,18:40:11,-52.939253,-40.00168,0,7.82855,-0.38,0.89,7,7
12/12/2006,18:59:01,-52.936724,-40.005712,0,16.263671,0.59,1.48,7,7
12/12/2006,19:14:02,-52.93439,-40.006659,0,0.217615,-0.09,2.9,4,4
12/12/2006,19:31:01,-52.934618,-40.006861,0,11.09886,-1.2,0.8,7,7
12/12/2006,20:10:12,-52.935034,-40.010143,0,5.063035,1.21,0.68,5,5
12/12/2006,20:46:05,-52.946143,-40.024762,0,0.648384,1.05,0.68,5,5
12/12/2006,21:01:03,-52.940284,-40.038674,0,20.84387,1.99,0.68,5,5
12/12/2006,21:18:05,-52.938891,-40.050277,0,15.407915,1.81,2.49,6,6
12/12/2006,21:33:02,-52.940287,-40.052784,0,17.768616,0.41,2.9,6,6
12/12/2006,21:48:04,-52.942033,-40.055981,0,8.594564,-0.48,2.42,6,6
12/12/2006,22:09:56,-52.947052,-40.060105,0,18.530906,-0.47,1.95,6,6
12/12/2006,22:25:06,-52.949863,-40.059835,0,12.943616,0.73,2.68,6,6
12/12/2006,22:40:29,-52.951285,-40.058245,0,4.47891,-1.28,2.68,5,6
12/12/2006,22:55:44,-52.954776,-40.060438,0,9.502364,-0.87,1.81,6,6
12/12/2006,23:11:02,-52.957125,-40.055371,0,1.040847,0.33,1.41,4,4
13/12/2006,00:03:47,-52.964029,-40.053192,0,22.950709,0.63,1.41,5,5
13/12/2006,00:22:28,-52.965294,-40.051652,0,10.705542,0.21,1.62,6,7
13/12/2006,00:38:06,-52.967872,-40.049872,0,3.141547,0.42,1.62,5,5
13/12/2006,00:57:28,-52.969542,-40.049454,0,1.681612,1.09,2.83,6,6
13/12/2006,01:14:01,-52.970326,-40.051376,0,6.773079,-1.47,2.83,5,5
13/12/2006,01:29:00,-52.972501,-40.048246,0,5.286038,-0.99,1.84,6,6
13/12/2006,01:50:11,-52.973754,-40.0456,0,16.845336,0.65,2.49,8,8
13/12/2006,02:20:08,-52.97358,-40.041252,0,13.814161,-0.87,1.62,8,8
13/12/2006,02:35:02,-52.973642,-40.042038,0,22.366349,0.39,2.01,8,8
13/12/2006,02:50:28,-52.974227,-40.039051,0,22.315365,0.44,2.45,7,7
13/12/2006,03:06:07,-52.972757,-40.039008,0,2.163172,0.52,2.97,8,8
13/12/2006,03:21:26,-52.972285,-40.036521,0,11.405752,-0.83,2.97,5,5
13/12/2006,03:51:34,-52.971223,-40.031219,0,3.804672,-1.57,1.4,6,6
13/12/2006,04:09:00,-52.969865,-40.027517,0,1.992744,1.22,2.62,8,8
13/12/2006,04:24:09,-52.96882,-40.021368,0,11.372805,0.3,2.92,7,8
13/12/2006,04:39:18,-52.968532,-40.022665,0,12.188875,-0.84,2.08,8,8
13/12/2006,04:58:29,-52.968737,-40.023704,0,18.147966,-0.03,2.05,8,8
13/12/2006,05:15:04,-52.968322,-40.025439,0,19.29749,-0.04,2.01,8,8
13/12/2006,05:30:00,-52.96819,-40.026116,0,24.381202,0.87,2.88,8,8
13/12/2006,05:49:26,-52.967823,-40.026526,0,23.094325,-0.69,2.19,8,8
13/12/2006,07:37:11,-52.960836,-40.033397,0,9.746604,1.01,3.08,8,8
13/12/2006,07:58:04,-52.960126,-40.036385,0,21.570453,-1.35,3.08,5,5
13/12/2006,08:17:03,-52.959664,-40.039008,0,0.534262,-1.11,3.08,4,4
13/12/2006,08:32:04,-52.958884,-40.043875,0,9.172251,-0.69,2.39,6,6
13/12/2006,08:51:00,-52.958398,-40.048506,0,27.657192,0.87,3.26,8,8
13/12/2006,09:06:02,-52.958248,-40.05355,0,10.066957,-0.17,3.09,8,8
13/12/2006,09:25:00,-52.958534,-40.062506,0,25.819962,-1.06,2.03,8,8
13/12/2006,09:40:00,-52.957002,-40.069197,0,25.541531,0.13,2.16,8,8
13/12/2006,09:55:00,-52.957156,-40.074034,0,12.839815,-0.04,2.12,8,8
13/12/2006,10:10:16,-52.956847,-40.079942,0,10.39998,0.16,2.28,7,7
13/12/2006,10:25:49,-52.95498,-40.082696,0,8.722792,0.4,2.68,8,8
13/12/2006,10:44:03,-52.953537,-40.083308,0,23.722166,-0.43,2.25,7,7
13/12/2006,11:01:06,-52.952496,-40.090524,0,14.672368,0.39,2.64,8,8
13/12/2006,11:37:01,-52.953042,-40.093969,0,0.923666,0.02,2.64,4,4
13/12/2006,11:54:00,-52.952618,-40.094101,0,17.135947,-0.35,2.29,8,8
13/12/2006,12:13:06,-52.953459,-40.095571,0,9.651595,0.13,2.42,6,6
13/12/2006,12:30:04,-52.955116,-40.096295,0,22.329697,0.66,3.08,7,7
13/12/2006,12:45:20,-52.955255,-40.098241,0,13.536635,-1.5,1.58,7,7
13/12/2006,13:02:01,-52.956656,-40.098291,0,19.594104,1.42,3,6,6
13/12/2006,13:19:09,-52.959359,-40.097565,0,14.320475,-0.49,2.51,6,6
13/12/2006,13:37:43,-52.962558,-40.096917,0,7.771686,0.67,3.18,6,6
13/12/2006,13:54:01,-52.964717,-40.092456,0,12.281121,-0.83,2.35,8,8
13/12/2006,14:09:06,-52.968897,-40.077099,0,17.925578,-0.29,2.06,7,7
13/12/2006,14:28:25,-52.970013,-40.061257,0,13.201212,0.4,2.46,7,7
13/12/2006,14:45:07,-52.969168,-40.05724,0,22.055905,-0.06,2.4,8,8
13/12/2006,15:00:04,-52.967209,-40.058346,0,13.426124,-0.34,2.06,8,8
13/12/2006,15:21:06,-52.966715,-40.055147,0,5.322875,0.26,2.32,6,6
13/12/2006,15:38:00,-52.967754,-40.052276,0,12.045452,0.19,2.51,7,8
13/12/2006,15:53:16,-52.968569,-40.054151,0,23.836301,-0.71,2.51,5,5
13/12/2006,16:08:03,-52.977455,-40.048338,0,11.252258,0.08,2.59,6,6
13/12/2006,16:25:23,-52.98601,-40.02843,0,20.497138,-0.66,1.93,8,8
13/12/2006,16:44:01,-52.987223,-40.009794,0,11.337405,0.04,1.97,7,7
13/12/2006,16:59:01,-52.988283,-40.002956,0,12.389557,0.18,2.15,8,8
13/12/2006,17:19:38,-52.986879,-39.997649,0,16.648644,0.83,2.98,6,6
13/12/2006,17:49:01,-52.995161,-40.026465,0,12.236779,-0.53,2.97,5,5
13/12/2006,18:04:28,-52.993405,-40.042597,0,10.79141,-0.58,2.39,6,6
13/12/2006,18:56:00,-52.976438,-40.052964,0,29.70163,0.37,2.76,7,8
13/12/2006,19:12:13,-52.975061,-40.04971,0,21.090206,-0.34,2.42,8,8
13/12/2006,19:29:00,-52.973916,-40.045734,0,1.931679,0.06,2.48,6,6
13/12/2006,19:44:48,-52.972737,-40.043157,0,8.516982,0.5,2.98,6,6
13/12/2006,19:59:07,-52.971521,-40.040818,0,6.360619,0.44,3.42,7,7
13/12/2006,20:31:00,-52.968903,-40.038537,0,16.530564,-0.28,1.75,8,8
13/12/2006,20:46:08,-52.967464,-40.037891,0,0.582015,0.52,1.88,4,4
13/12/2006,21:02:18,-52.966151,-40.037193,0,14.47387,0.61,2.73,7,7
13/12/2006,21:18:15,-52.965646,-40.037375,0,18.251629,-0.37,2.52,6,6
13/12/2006,21:37:29,-52.963504,-40.037722,0,5.413398,-0.91,1.4,7,7
13/12/2006,21:52:25,-52.962195,-40.038385,0,7.604056,0.78,2.12,6,7
13/12/2006,22:55:46,-52.961217,-40.04846,0,17.89253,-0.17,1.95,6,6
13/12/2006,23:34:00,-52.962667,-40.051998,0,22.605407,0.51,3.76,6,6
14/12/2006,00:18:58,-52.963025,-40.057092,0,16.059158,-1.8,1.96,6,6
14/12/2006,00:35:01,-52.964321,-40.058309,0,2.932733,0.42,2.93,6,6
14/12/2006,00:50:00,-52.965597,-40.060435,0,11.604827,-0.33,3.6,5,5
14/12/2006,01:07:06,-52.96474,-40.063941,0,25.701444,-0.75,1.6,7,7
14/12/2006,01:24:21,-52.965697,-40.064864,0,11.635007,1.36,1.6,5,5
14/12/2006,01:42:32,-52.965896,-40.069088,0,1.089932,0.46,1.31,4,4
14/12/2006,01:57:22,-52.967026,-40.068857,0,20.994667,1.14,3.6,8,8
14/12/2006,02:12:06,-52.966728,-40.071923,0,24.052357,-1.08,2.46,8,8
14/12/2006,02:29:53,-52.968376,-40.074348,0,21.892574,0.47,1.45,8,8
14/12/2006,02:45:33,-52.969776,-40.076558,0,12.626299,0.92,3.71,6,6
14/12/2006,03:04:15,-52.967843,-40.079683,0,23.259699,-2.1,3.43,5,5
14/12/2006,03:26:11,-52.973007,-40.080559,0,20.965652,-1.48,1.95,7,8
14/12/2006,03:45:24,-52.973716,-40.082571,0,5.170663,0.76,1.87,8,8
14/12/2006,04:00:02,-52.974932,-40.081807,0,14.409428,1.3,3.99,7,7
14/12/2006,04:15:34,-52.975756,-40.082996,0,15.917496,-1.25,2.02,8,8
14/12/2006,04:34:03,-52.976203,-40.08188,0,11.980621,0.54,1.44,6,6
14/12/2006,04:49:57,-52.978763,-40.080612,0,17.995021,1.28,4.71,8,8
14/12/2006,05:06:09,-52.980635,-40.079515,0,9.290203,-2.26,2.45,8,8
14/12/2006,05:21:00,-52.985343,-40.074958,0,6.581419,0.85,3.3,6,6
14/12/2006,05:55:00,-52.994264,-40.064578,0,20.812978,-0.71,2.71,7,7
14/12/2006,06:31:19,-53.00159,-40.054948,0,22.119048,-0.16,2.55,6,6
14/12/2006,07:11:00,-53.009512,-40.044644,0,23.285863,0.29,2.84,7,7
14/12/2006,07:28:03,-53.01184,-40.039966,0,8.896179,0.13,2.84,5,5
14/12/2006,07:43:00,-53.014989,-40.037327,0,17.470616,-0.21,2.63,6,6
14/12/2006,07:58:05,-53.01679,-40.034507,0,11.963869,-0.14,2.49,8,8
14/12/2006,08:17:02,-53.019676,-40.031974,0,22.999836,-0.15,2.34,6,6
14/12/2006,08:32:06,-53.019673,-40.029805,0,22.576902,1.04,2.34,5,5
14/12/2006,08:49:22,-53.021983,-40.029318,0,21.515448,0.43,2.77,8,8
14/12/2006,09:04:38,-53.021478,-40.028919,0,9.89138,-0.1,2.67,8,8
14/12/2006,09:20:02,-53.024415,-40.029477,0,0.343264,-0.66,2.67,4,4
14/12/2006,09:58:06,-53.029733,-40.017016,0,22.594913,0.37,2.67,5,5
14/12/2006,10:15:07,-53.033765,-40.013712,0,4.703747,0.24,2.91,7,7
14/12/2006,10:30:01,-53.038034,-40.010179,0,3.51483,-0.88,2.91,5,6
14/12/2006,10:45:00,-53.040469,-40.007413,0,14.031107,-0.37,2.54,8,8
14/12/2006,11:00:00,-53.041943,-40.005737,0,20.163707,0.44,2.98,7,7
14/12/2006,11:17:01,-53.043093,-40.002915,0,19.177406,-0.57,2.98,5,5
14/12/2006,11:55:34,-53.058467,-39.993891,0,9.845944,-0.99,2.98,5,5
14/12/2006,12:14:00,-53.060877,-39.992288,0,16.899902,-0.44,2.54,6,6
14/12/2006,12:31:40,-53.072781,-39.98769,0,18.53727,-0.08,2.46,7,7
14/12/2006,13:20:15,-53.067368,-39.995144,0,9.679564,0.71,3.27,8,8
14/12/2006,13:35:03,-53.079139,-39.992621,0,10.824512,0.09,3.52,7,7
14/12/2006,13:52:13,-53.092416,-39.987782,0,6.253031,-0.69,3.52,5,5
14/12/2006,14:30:42,-53.123705,-39.98589,0,11.991548,-1.28,1.26,6,6
14/12/2006,14:45:35,-53.130179,-39.985643,0,0.091037,1.42,2.02,4,4
14/12/2006,15:02:19,-53.14742,-39.978866,0,19.248342,0.84,2.86,7,7
14/12/2006,15:17:02,-53.161109,-39.974795,0,12.653389,0.36,3.22,6,6
14/12/2006,15:32:06,-53.167915,-39.974175,0,8.848957,-0.26,2.96,6,6
14/12/2006,15:47:08,-53.177933,-39.972929,0,8.710134,-0.91,2.05,6,6
14/12/2006,16:06:13,-53.194473,-39.969177,0,10.939774,0.7,2.75,8,8
14/12/2006,16:25:02,-53.214732,-39.959465,0,14.584166,-0.98,2.75,5,5
14/12/2006,16:46:03,-53.234371,-39.947125,0,13.412968,0.08,2.83,6,6
14/12/2006,17:03:04,-53.253353,-39.930795,0,23.140334,0.13,2.96,8,8
14/12/2006,17:18:06,-53.267304,-39.91873,0,16.0908,0.13,3.09,8,8
14/12/2006,17:33:02,-53.283513,-39.904876,0,17.099348,-0.61,2.48,8,8
14/12/2006,17:51:17,-53.300443,-39.89263,0,28.758403,0.94,3.42,8,8
14/12/2006,18:06:04,-53.301592,-39.896033,0,23.663852,-0.48,2.94,8,8
14/12/2006,18:23:09,-53.318634,-39.883042,0,0.337392,0.24,2.94,5,5
14/12/2006,18:42:03,-53.334117,-39.871521,0,0.960358,-0.03,2.94,4,5
14/12/2006,18:57:23,-53.34593,-39.860325,0,1.686982,0.94,2.94,5,5
14/12/2006,19:16:15,-53.359426,-39.850821,0,15.491381,0.03,2.97,8,8
14/12/2006,19:31:43,-53.366814,-39.847183,0,25.307887,0.02,2.99,7,7
14/12/2006,19:46:02,-53.376049,-39.841366,0,5.015493,-0.47,2.99,5,6
14/12/2006,20:01:05,-53.38453,-39.836584,0,4.720058,0.13,2.99,5,5
14/12/2006,20:17:02,-53.385505,-39.838264,0,24.178645,-0.06,2.93,7,8
14/12/2006,20:54:08,-53.406975,-39.821305,0,0.283157,0.11,2.93,4,5
14/12/2006,21:13:17,-53.425974,-39.802509,0,8.355068,-0.35,2.58,6,6
14/12/2006,21:30:04,-53.431014,-39.800327,0,11.490981,0.64,2.58,5,5
14/12/2006,21:49:02,-53.45375,-39.779675,0,3.082484,-0.58,2.58,5,5
14/12/2006,22:04:04,-53.467193,-39.765011,0,18.598126,-0.45,2.13,7,7
14/12/2006,22:19:21,-53.474856,-39.758971,0,7.317258,0.25,2.13,5,5
14/12/2006,22:51:56,-53.476399,-39.760104,0,6.489702,0.64,2.13,5,5
14/12/2006,23:06:26,-53.484297,-39.749799,0,11.195176,0.52,2.65,7,8
14/12/2006,23:25:10,-53.505255,-39.723524,0,9.33915,-0.17,2.65,5,5
14/12/2006,23:40:41,-53.5195,-39.708238,0,14.064453,0.77,3.42,6,8
15/12/2006,00:40:20,-53.580512,-39.64835,0,18.906122,1.01,3.92,6,6
15/12/2006,01:01:07,-53.603434,-39.624451,0,11.668749,-0.9,3.55,5,5
15/12/2006,01:31:17,-53.633111,-39.592515,0,12.082064,-0.53,2.69,7,7
15/12/2006,01:48:10,-53.645451,-39.575703,0,21.215238,0.83,3.26,7,7
15/12/2006,02:08:06,-53.653263,-39.554907,0,0.525209,-0.11,2.88,4,4
15/12/2006,02:23:03,-53.652002,-39.551889,0,1.320515,-0.52,2.83,4,4
15/12/2006,02:44:09,-53.665932,-39.506523,0,25.865425,-0.06,2.9,7,7
15/12/2006,02:59:29,-53.67064,-39.482841,0,24.514086,0.07,3.1,7,7
15/12/2006,03:38:06,-53.670015,-39.472936,0,17.37201,-0.04,2.51,7,8
15/12/2006,04:00:16,-53.67612,-39.44481,0,11.972037,0,2.51,7,7
15/12/2006,04:15:00,-53.681598,-39.424899,0,16.306458,0.63,4.01,8,8
15/12/2006,04:36:07,-53.690013,-39.391694,0,2.681513,-1.08,2.49,8,8
15/12/2006,04:53:06,-53.698295,-39.367156,0,20.575997,0.12,2.61,8,8
15/12/2006,05:08:06,-53.705689,-39.348754,0,15.531968,0.48,3.57,7,7
15/12/2006,05:25:22,-53.714621,-39.329226,0,15.668766,-0.31,2.68,8,8
15/12/2006,05:40:06,-53.721457,-39.310507,0,18.082219,-0.05,2.63,8,8
15/12/2006,05:55:08,-53.730635,-39.336635,0,0.28039,-1.7,2.63,4,4
15/12/2006,06:12:24,-53.735431,-39.2715,0,20.952067,-0.3,2.63,8,8
15/12/2006,06:50:02,-53.748878,-39.229116,0,12.723227,0.4,2.98,7,7
15/12/2006,07:05:06,-53.756184,-39.212471,0,15.04102,0.56,3.54,6,6
15/12/2006,07:20:14,-53.763117,-39.195632,0,21.004709,-0.09,3.45,7,8
15/12/2006,07:35:04,-53.769516,-39.180968,0,26.472131,0.52,2.56,8,8
15/12/2006,07:50:12,-53.779194,-39.164318,0,14.092281,0.79,3.35,8,8
15/12/2006,08:05:10,-53.787813,-39.15078,0,12.795199,-0.58,2.86,7,7
15/12/2006,08:24:09,-53.798144,-39.137833,0,14.175982,0.41,3.27,8,8
15/12/2006,08:41:06,-53.807414,-39.118412,0,11.627747,0.27,4.1,8,8
15/12/2006,08:56:04,-53.814652,-39.107271,0,8.121482,-0.85,3.25,7,8
15/12/2006,09:15:10,-53.824933,-39.074273,0,0.766746,-0.26,3.25,4,4
15/12/2006,09:51:47,-53.834761,-39.053758,0,0.592139,-0.6,3.25,4,4
15/12/2006,10:08:03,-53.833903,-39.061824,0,13.488804,0.61,3.86,6,6
15/12/2006,10:23:12,-53.833658,-39.067632,0,7.25527,-0.11,3.75,7,7
15/12/2006,10:38:02,-53.83424,-39.071102,0,13.394274,0.29,3.75,5,6
15/12/2006,10:55:03,-53.840004,-39.065998,0,0.380638,-0.57,3.75,4,4
15/12/2006,11:16:02,-53.847885,-39.050496,0,5.877594,0.16,3.75,5,5
15/12/2006,11:35:04,-53.853941,-39.03204,0,17.547413,-0.48,3.27,6,6
15/12/2006,11:50:02,-53.859452,-39.015594,0,0.146164,0.86,3.27,4,4
15/12/2006,12:09:13,-53.86788,-38.984502,0,13.919345,-0.16,3.27,5,5
15/12/2006,12:24:46,-53.873518,-38.976437,0,0.371919,-0.26,3.27,4,5
15/12/2006,12:43:43,-53.878266,-38.97706,0,0.334842,0.57,3.27,4,4
15/12/2006,13:02:05,-53.880984,-38.979933,0,19.603251,-0.37,2.9,8,8
15/12/2006,13:17:11,-53.882981,-38.981698,0,11.690492,1.01,3.91,6,6
15/12/2006,13:38:08,-53.888549,-38.976355,0,12.075782,-0.22,3.69,8,8
15/12/2006,13:57:03,-53.898485,-38.944904,0,10.075099,-0.39,3.3,8,8
15/12/2006,14:16:05,-53.907047,-38.907613,0,7.53807,-0.04,3.26,6,7
15/12/2006,14:31:03,-53.911262,-38.876513,0,8.198558,0.43,3.26,5,5
15/12/2006,15:32:12,-53.89797,-38.743369,0,20.975979,-0.24,3.02,7,7
15/12/2006,15:49:14,-53.887326,-38.705271,0,23.320647,1.39,3.02,5,5
15/12/2006,16:04:20,-53.880744,-38.671321,0,1.215092,0.62,3.02,4,5
15/12/2006,16:19:09,-53.874838,-38.640696,0,14.587677,-0.56,2.46,6,6
15/12/2006,16:34:00,-53.874772,-38.618056,0,16.42936,1.68,4.14,6,7
15/12/2006,16:49:04,-53.875106,-38.615414,0,8.632674,-0.84,3.3,6,6
15/12/2006,17:46:10,-53.87399,-38.509423,0,13.765231,-0.21,3.3,5,5
15/12/2006,18:05:08,-53.874061,-38.464838,0,7.328541,0.2,3.5,7,7
15/12/2006,18:20:11,-53.87429,-38.419073,0,0.667324,0.82,3.5,4,4
15/12/2006,18:50:01,-53.87006,-38.349111,0,20.214615,-0.19,3.5,5,6
15/12/2006,19:05:05,-53.872551,-38.309998,0,1.42486,0.37,3.5,4,4
15/12/2006,19:24:08,-53.873044,-38.264046,0,12.312258,0.8,3.5,4,4
15/12/2006,19:58:07,-53.878876,-38.193038,0,19.117904,-0.33,3.17,6,6
15/12/2006,20:13:10,-53.884816,-38.159607,0,20.29709,0.57,3.74,6,6
15/12/2006,20:30:00,-53.897375,-38.128823,0,0.761926,-0.17,3.74,4,4
15/12/2006,20:51:07,-53.917336,-38.100502,0,1.817136,-0.89,3.74,5,5
15/12/2006,21:27:06,-53.955002,-38.077922,0,18.46107,-0.2,3.54,6,7
15/12/2006,21:42:02,-53.972732,-38.071226,0,4.213895,-0.14,3.54,5,5
15/12/2006,21:57:01,-53.985886,-38.06781,0,7.870342,-0.32,3.22,6,6
15/12/2006,22:16:04,-54.006903,-38.078905,0,0.550431,0.55,3.22,4,4
15/12/2006,22:52:00,-54.008416,-38.050952,0,12.639981,0.39,3.61,7,7
15/12/2006,23:11:00,-54.008655,-38.051606,0,25.228691,0,3.61,5,5
15/12/2006,23:26:00,-54.008452,-38.051205,0,1.210614,0.1,3.61,4,4
15/12/2006,23:41:00,-54.008442,-38.051338,0,15.481573,0.24,3.85,7,7
15/12/2006,23:58:00,-54.008386,-38.050067,0,0.129672,-0.94,3.85,4,4
16/12/2006,00:28:00,-54.007708,-38.049436,0,19.82318,-0.86,3.91,5,5
16/12/2006,01:31:00,-54.00894,-38.054099,0,0.815578,-0.1,3.69,4,4
16/12/2006,01:50:00,-53.998303,-38.03957,0,6.02858,-0.49,3.3,5,5
16/12/2006,03:58:00,-54.008219,-38.050294,0,6.658355,-0.44,3.85,5,5
16/12/2006,04:58:00,-54.010628,-38.054265,0,0.611097,0.13,3.85,4,4
16/12/2006,05:13:00,-54.008237,-38.051336,0,19.184333,-0.85,3,8,8
16/12/2006,05:28:00,-54.008245,-38.050369,0,11.657867,1.22,4.22,6,6
16/12/2006,05:43:00,-54.00788,-38.050629,0,18.155008,-1.07,3.15,6,6
16/12/2006,05:58:00,-54.00846,-38.050903,0,10.535006,0.06,3.21,6,6
16/12/2006,06:13:00,-54.008555,-38.053651,0,0.636256,0.7,3.21,4,4
16/12/2006,06:28:00,-54.008326,-38.051034,0,17.151244,0.01,3.22,6,6
16/12/2006,06:43:00,-54.007776,-38.049729,0,20.931306,0.12,3.22,5,5
16/12/2006,06:58:00,-54.008438,-38.051614,0,15.907425,0.22,3.44,8,8
16/12/2006,07:13:00,-54.00835,-38.05148,0,20.663124,-0.01,3.43,8,8
16/12/2006,07:43:00,-54.008229,-38.051457,0,22.579649,0.15,3.58,8,8
16/12/2006,07:58:00,-54.008682,-38.051796,0,17.601845,-0.01,3.57,7,7
16/12/2006,08:13:00,-54.008141,-38.050914,0,0.191288,-0.87,3.57,4,4
16/12/2006,08:28:00,-54.008926,-38.050594,0,0.1727,0.34,3.57,4,4
16/12/2006,08:43:00,-54.008209,-38.05092,0,14.121515,-0.58,2.99,7,7
16/12/2006,11:08:00,-54.008468,-38.051369,0,20.683765,1.04,4.03,6,6
16/12/2006,11:23:00,-54.008971,-38.051305,0,24.124682,-0.98,4.03,5,5
16/12/2006,11:38:00,-54.007566,-38.054977,0,10.240139,-1.17,4.03,5,5
16/12/2006,11:53:00,-54.009645,-38.048045,0,0.114031,0.54,4.03,4,4
16/12/2006,12:08:00,-54.008885,-38.051682,0,11.796193,-0.71,4.03,5,5
16/12/2006,12:25:00,-54.008814,-38.051942,0,0.184643,-0.74,4.03,4,4
16/12/2006,12:40:00,-54.00836,-38.05219,0,0.131575,-0.53,4.03,5,5
16/12/2006,12:55:00,-54.009743,-38.050745,0,3.05862,-0.34,4.03,5,5
16/12/2006,13:12:00,-54.004657,-38.054491,0,1.380596,-0.8,4.03,4,4
16/12/2006,13:29:00,-54.008224,-38.051376,0,11.408754,-0.24,3.79,7,7
16/12/2006,14:07:00,-54.007939,-38.050873,0,8.340852,-0.24,3.79,5,5
16/12/2006,14:22:00,-54.008478,-38.050979,0,14.47933,-1.01,3.79,5,5
16/12/2006,14:37:00,-54.007952,-38.052371,0,24.773948,0.06,3.85,6,6
16/12/2006,14:52:00,-54.008203,-38.051208,0,16.91478,-0.95,3.85,5,5
16/12/2006,15:07:00,-54.008336,-38.051763,0,2.763998,-0.73,3.12,6,6
16/12/2006,15:24:00,-54.013589,-38.024129,0,25.41531,1.99,3.12,4,4
16/12/2006,15:39:00,-54.009165,-38.051294,0,6.675731,0.24,3.36,6,6
16/12/2006,15:58:00,-54.007492,-38.054274,0,0.156671,-0.02,3.36,4,4
16/12/2006,16:13:00,-54.008237,-38.051267,0,14.855539,0.16,3.52,7,7
16/12/2006,16:28:00,-54.004474,-38.029041,0,0.844139,-1.68,3.52,4,4
16/12/2006,16:43:00,-54.008617,-38.050774,0,17.59223,0.18,3.7,7,7
16/12/2006,17:00:00,-54.008002,-38.05159,0,0.209217,-0.97,3.7,4,4
