Date,Time,Latitude,Longitude,Altitude,Residual Error,Clock Error,Cumulative Clock Error,NoSats Used,No Sats Provided,
21/12/2006,16:53:00,-54.008541,-38.05118,16,12.060091,-3.14,-1.14,7,7,6
21/12/2006,17:08:00,-54.007869,-38.051189,16,0.245001,0.2,-1.14,4,4,7
21/12/2006,17:23:00,-54.008414,-38.051467,16,4.071037,0.17,-1.14,5,5,8
21/12/2006,17:38:00,-54.008191,-38.051923,16,15.768849,-0.81,-1.95,7,7,9
21/12/2006,17:53:00,-54.0088,-38.051606,16,13.96715,1.12,-0.83,7,7,10
21/12/2006,18:08:00,-54.008241,-38.05125,16,20.630145,0.14,-0.69,7,7,11
21/12/2006,18:24:00,-54.009131,-38.051534,16,2.355697,-0.48,-0.69,4,4,13
21/12/2006,18:39:00,-54.00824,-38.051582,16,10.832423,-0.4,-0.69,5,5,14
21/12/2006,18:54:00,-54.008828,-38.051,16,7.82246,-0.16,-0.69,5,5,15
21/12/2006,19:09:00,-54.008596,-38.051495,16,19.15433,0.04,-0.65,7,7,16
21/12/2006,19:24:00,-54.008672,-38.051907,16,16.728187,-1.07,-0.65,5,5,17
21/12/2006,19:39:00,-54.008596,-38.051495,16,22.102142,0.1,-0.55,7,7,18
21/12/2006,19:54:00,-54.008229,-38.05131,16,27.76016,-0.87,-1.42,6,6,19
21/12/2006,20:09:00,-54.008132,-38.051394,16,5.375144,-0.05,-1.42,5,5,20
21/12/2006,20:24:00,-54.00868,-38.051596,16,11.163024,1.18,-0.24,6,6,21
21/12/2006,20:40:00,-54.008425,-38.051811,16,13.115668,-1.45,-1.69,6,6,23
21/12/2006,20:55:00,-54.008672,-38.051454,16,2.807544,1.13,-1.69,5,5,24
21/12/2006,21:11:00,-54.008738,-38.051017,16,10.346178,0.77,-0.92,7,7,26
21/12/2006,21:26:00,-54.008161,-38.05132,16,25.569069,-0.02,-0.94,8,8,27
21/12/2006,21:41:00,-54.008401,-38.053778,16,0.37691,-0.78,-0.94,4,4,28
21/12/2006,21:56:00,-54.008295,-38.051848,16,19.27611,0.08,-0.86,6,6,29
21/12/2006,22:11:00,-54.008753,-38.051252,16,7.404338,0.03,-0.83,6,6,30
21/12/2006,22:26:00,-54.007892,-38.052151,16,25.854328,-1.07,-1.9,6,6,31
21/12/2006,22:41:00,-54.008205,-38.051661,16,27.733483,1.18,-0.72,8,8,32
21/12/2006,23:14:00,-54.008653,-38.051774,16,1.108069,-0.5,-0.72,4,4,37
21/12/2006,23:29:00,-54.008689,-38.051904,16,23.895569,-0.38,-1.1,6,6,38
21/12/2006,23:44:00,-54.00855,-38.051434,16,5.932196,0.08,-1.02,6,6,39
22/12/2006,00:02:01,-54.008741,-38.050994,16,17.002886,-1.02,-2.04,7,7,43
22/12/2006,00:17:00,-54.008935,-38.051359,16,16.023309,0.83,-1.21,6,6,44
22/12/2006,00:32:00,-54.008835,-38.051567,16,9.277872,0,-1.21,5,5,45
22/12/2006,00:47:00,-54.008776,-38.051245,16,5.070638,0.17,-1.21,5,5,46
22/12/2006,01:02:00,-54.008301,-38.051489,16,25.187971,0.24,-0.97,7,7,47
22/12/2006,01:17:00,-54.008209,-38.051212,16,24.70196,-1,-0.97,5,5,48
22/12/2006,01:32:00,-54.008423,-38.051526,16,13.435205,0.01,-0.96,6,6,49
22/12/2006,01:47:00,-54.008506,-38.05084,16,6.341495,0.13,-0.83,8,8,50
22/12/2006,02:03:00,-54.008174,-38.05151,16,1.287155,-0.4,-0.83,4,4,52
22/12/2006,02:18:00,-54.008567,-38.051454,16,11.04489,-0.33,-1.16,8,8,53
22/12/2006,02:48:00,-54.008393,-38.050907,16,8.601725,0.17,-0.99,6,6,55
22/12/2006,03:03:00,-54.008489,-38.051931,16,13.157198,-0.06,-1.05,8,8,56
22/12/2006,03:18:00,-54.008161,-38.051516,16,16.985476,0.1,-0.95,7,7,57
22/12/2006,03:33:00,-54.008437,-38.051473,16,10.111283,0.1,-0.85,7,7,58
22/12/2006,03:48:00,-54.008543,-38.051495,16,14.989174,-1.06,-1.91,8,8,59
22/12/2006,04:04:00,-54.008438,-38.05152,16,11.856185,0.58,-1.33,7,8,61
22/12/2006,04:19:00,-54.008392,-38.051533,16,17.972411,0.11,-1.22,8,8,62
22/12/2006,04:34:00,-54.009778,-38.049347,16,0.680444,-0.17,-1.22,4,4,63
22/12/2006,04:49:00,-54.008499,-38.051109,16,9.159511,0.12,-1.1,8,8,64
22/12/2006,05:04:00,-54.008704,-38.051164,16,11.469226,-0.93,-2.03,6,6,65
22/12/2006,05:53:00,-54.008655,-38.050351,16,21.000997,1.34,-0.69,6,6,72
22/12/2006,06:26:00,-54.0083,-38.05049,16,0.771501,-0.6,-0.69,4,4,77
22/12/2006,07:14:00,-54.008278,-38.050673,16,21.440175,0.23,-0.46,8,8,83
22/12/2006,07:29:00,-54.008845,-38.05151,16,28.897253,-0.93,-1.39,7,7,84
22/12/2006,07:44:00,-54.008734,-38.051129,16,20.759502,-0.06,-1.45,8,8,85
22/12/2006,07:59:00,-54.008565,-38.05167,16,19.87867,0.27,-1.18,8,8,86
22/12/2006,08:17:00,-54.00828,-38.05043,16,2.634665,0.75,-1.18,5,5,90
22/12/2006,08:32:00,-54.008076,-38.051841,16,18.882806,-0.11,-1.29,6,6,91
22/12/2006,08:47:00,-54.008185,-38.050731,16,16.592974,0.01,-1.28,8,8,92
22/12/2006,09:02:00,-54.008429,-38.05069,16,22.353504,0.14,-1.14,8,8,93
22/12/2006,09:17:00,-54.008157,-38.051128,16,4.785047,-0.01,-1.15,6,6,94
22/12/2006,09:32:00,-54.008677,-38.05146,16,29.158414,-0.05,-1.2,7,7,95
22/12/2006,09:47:00,-54.008626,-38.052224,16,3.841967,0.07,-1.13,6,6,96
22/12/2006,10:02:00,-54.008519,-38.051343,16,11.89689,0.11,-1.13,5,5,97
22/12/2006,10:37:00,-54.008125,-38.051419,16,13.334992,-0.19,-1.32,7,7,104
22/12/2006,11:28:00,-54.008244,-38.051192,16,13.99575,0.09,-1.32,5,5,113
22/12/2006,11:45:01,-54.008378,-38.051581,16,1.730286,-0.54,-1.86,6,6,116
22/12/2006,12:02:00,-54.009077,-38.05072,16,7.623914,1.12,-1.86,5,5,119
22/12/2006,12:17:00,-54.007625,-38.052304,16,0.556363,0.2,-1.86,4,4,120
22/12/2006,12:32:00,-54.00847,-38.052041,16,15.845952,0.32,-1.54,8,8,121
22/12/2006,12:47:00,-54.008721,-38.051081,16,13.337417,0.11,-1.43,7,7,122
22/12/2006,13:02:00,-54.008587,-38.051133,16,24.572769,0.1,-1.33,8,8,123
22/12/2006,13:32:00,-54.008368,-38.051073,16,14.313175,0.18,-1.15,8,8,125
22/12/2006,13:47:00,-54.008918,-38.05133,16,5.52267,0.08,-1.15,5,5,126
22/12/2006,14:02:00,-54.007704,-38.050256,16,18.386697,-1.03,-2.18,6,6,127
22/12/2006,14:17:00,-54.008996,-38.052632,16,12.199131,0.97,-1.21,7,7,128
22/12/2006,14:50:00,-54.008534,-38.051512,16,11.894748,-0.3,-1.51,7,7,133
22/12/2006,15:24:00,-54.007673,-38.052024,16,11.14239,0.03,-1.51,5,5,139
22/12/2006,15:39:00,-54.008497,-38.051167,16,15.197364,0.15,-1.36,8,8,140
22/12/2006,15:54:00,-54.011104,-38.040742,16,0.911126,0.3,-1.36,4,4,141
22/12/2006,16:09:00,-54.008984,-38.051228,16,7.772772,0.22,-1.36,5,5,142
22/12/2006,16:45:00,-54.009726,-38.059183,16,1.176859,0.75,-1.36,4,4,150
22/12/2006,17:00:00,-54.008441,-38.05129,16,4.863834,-0.55,-1.91,8,8,151
22/12/2006,17:15:00,-54.008613,-38.051025,16,0.142464,1.12,-1.91,4,4,152
22/12/2006,17:30:00,-54.008748,-38.051057,16,8.993912,0.32,-1.59,6,6,153
22/12/2006,18:03:00,-54.008609,-38.051231,16,24.347462,-0.56,-2.15,7,7,158
22/12/2006,18:39:00,-54.008428,-38.053592,16,1.723742,0.29,-2.15,4,4,166
22/12/2006,19:13:00,-54.00848,-38.05119,16,0.972135,0.31,-2.15,4,4,172
22/12/2006,19:28:00,-54.008217,-38.051199,16,6.130444,0.4,-1.75,6,6,173
22/12/2006,19:43:00,-54.00815,-38.051305,16,17.241109,0.11,-1.64,6,6,174
22/12/2006,19:58:00,-54.008818,-38.051713,16,20.134561,-0.15,-1.79,7,7,175
22/12/2006,20:13:00,-54.008242,-38.051132,16,19.788171,0.19,-1.6,7,7,176
22/12/2006,20:28:00,-54.008386,-38.050605,16,1.566898,0.01,-1.6,5,5,177
22/12/2006,20:43:00,-54.007993,-38.050479,16,9.061626,0.1,-1.6,5,5,178
22/12/2006,20:58:00,-54.008194,-38.051964,16,14.152077,-0.84,-2.44,6,6,179
22/12/2006,21:15:00,-54.010645,-38.050532,16,0.129374,1.1,-2.44,4,5,182
22/12/2006,21:48:00,-54.008042,-38.052198,16,2.241307,0.63,-2.44,5,5,187
22/12/2006,22:03:00,-54.008504,-38.051467,16,26.963418,1.74,-0.7,7,7,188
22/12/2006,22:18:00,-54.008564,-38.051457,16,2.426591,-0.91,-0.7,4,4,189
22/12/2006,22:34:00,-54.008493,-38.05171,16,11.160056,-0.15,-0.85,6,6,191
22/12/2006,22:51:00,-54.007784,-38.050891,16,0.897524,-0.86,-0.85,5,5,194
22/12/2006,23:06:00,-54.001073,-38.057154,16,0.790311,0.03,-0.85,4,4,195
22/12/2006,23:21:00,-54.011203,-38.054116,16,0.503031,-0.55,-0.85,4,4,196
22/12/2006,23:39:00,-54.009038,-38.052237,16,29.729255,-0.71,-0.85,5,5,200
22/12/2006,23:57:00,-54.008128,-38.051605,16,13.776568,-0.77,-0.85,5,5,204
23/12/2006,00:13:00,-54.00849,-38.051593,16,4.576106,-0.05,-0.85,5,5,206
23/12/2006,00:28:00,-54.007996,-38.051371,16,12.110852,-0.97,-0.85,5,5,207
23/12/2006,00:43:00,-54.008586,-38.051862,16,19.527848,-0.81,-0.85,5,5,208
23/12/2006,00:58:00,-54.008355,-38.05138,16,16.870415,-0.57,-1.42,7,7,209
23/12/2006,01:13:00,-54.008477,-38.051694,16,13.437814,-0.04,-1.46,7,7,210
23/12/2006,01:28:00,-54.008533,-38.051787,16,20.815991,-0.94,-2.4,7,7,211
23/12/2006,01:43:00,-54.008435,-38.050836,16,22.583767,1.09,-1.31,8,8,212
23/12/2006,01:58:00,-54.008491,-38.050897,16,18.803006,-0.02,-1.33,7,7,213
23/12/2006,02:13:00,-54.008669,-38.051426,16,15.343768,-0.93,-2.26,8,8,214
23/12/2006,02:28:00,-54.017034,-38.070298,16,3.462264,1.38,-2.26,4,4,215
23/12/2006,02:43:00,-54.006574,-38.050192,16,10.054265,-0.2,-2.26,5,5,216
23/12/2006,02:59:00,-54.01498,-38.062348,16,1.403818,1.17,-2.26,4,4,218
23/12/2006,03:14:00,-54.009679,-38.053752,16,12.98953,-0.11,-2.26,5,5,219
23/12/2006,03:29:00,-54.00749,-38.049582,16,17.235613,0.95,-1.31,6,6,220
23/12/2006,04:17:00,-54.008439,-38.050995,16,28.822793,-0.37,-1.68,8,8,226
23/12/2006,04:47:00,-54.009304,-38.050532,16,1.842512,0.33,-1.68,4,4,228
23/12/2006,05:02:00,-54.00878,-38.051683,16,0.395653,-0.66,-1.68,4,4,229
23/12/2006,05:17:00,-54.008169,-38.051804,16,12.16842,0.54,-1.14,6,6,230
23/12/2006,05:34:00,-54.008765,-38.051478,16,20.826235,-0.9,-2.04,6,6,233
23/12/2006,06:25:00,-54.008031,-38.05145,16,18.486058,0.08,-1.96,7,7,242
23/12/2006,06:56:00,-54.009879,-38.052425,16,0.409771,0.61,-1.96,4,6,245
23/12/2006,07:45:00,-54.008447,-38.051213,16,17.041778,0.92,-1.04,8,8,252
23/12/2006,09:13:00,-54.008939,-38.050906,16,10.309236,-0.58,-1.04,5,5,270
23/12/2006,09:28:00,-54.008612,-38.051796,16,16.632869,-0.45,-1.49,6,6,271
23/12/2006,10:04:00,-54.008011,-38.051659,16,18.457519,-0.76,-1.49,5,5,279
23/12/2006,10:37:00,-54.007389,-38.047896,16,0.322669,-0.46,-1.49,4,4,284
23/12/2006,11:46:00,-54.008496,-38.051078,16,15.635335,-0.03,-1.52,7,7,297
23/12/2006,12:19:00,-54.008472,-38.050931,16,16.973316,-0.57,-2.09,8,8,302
23/12/2006,12:34:00,-54.008516,-38.051699,16,5.572074,0.01,-2.08,6,6,303
23/12/2006,12:49:00,-54.008265,-38.051668,16,15.0975,0.07,-2.01,8,8,304
23/12/2006,13:04:00,-54.008748,-38.051736,16,8.372494,0.03,-1.98,8,8,305
23/12/2006,13:19:00,-54.008145,-38.051177,16,20.662619,0.17,-1.81,8,8,306
23/12/2006,13:34:00,-54.008123,-38.051406,16,20.791273,0.02,-1.79,8,8,307
23/12/2006,13:51:00,-54.00864,-38.050713,16,24.317527,0.17,-1.62,6,6,310
23/12/2006,14:06:00,-54.008875,-38.051522,16,13.299188,0.07,-1.55,8,8,311
23/12/2006,14:21:00,-54.007988,-38.050363,16,8.064226,0.09,-1.46,6,6,312
23/12/2006,14:36:00,-54.008493,-38.051321,16,26.210186,-1.08,-2.54,7,7,313
23/12/2006,14:51:00,-54.008576,-38.052127,16,10.954397,1.06,-1.48,7,7,314
23/12/2006,15:06:00,-54.003722,-38.047008,16,0.131067,-0.35,-1.48,4,4,315
23/12/2006,15:21:00,-54.008317,-38.051643,16,17.176898,-0.83,-2.31,8,8,316
23/12/2006,16:12:00,-54.008435,-38.051234,16,15.963735,1.07,-1.24,8,8,325
23/12/2006,16:27:00,-54.00812,-38.051266,16,19.375315,-0.89,-2.13,8,8,326
23/12/2006,16:42:00,-54.008535,-38.050928,16,20.612593,-0.04,-2.13,5,5,327
23/12/2006,16:57:00,-54.008572,-38.050743,16,13.491468,1.14,-0.99,6,6,328
23/12/2006,17:12:00,-54.008211,-38.049416,16,0.849815,-1,-0.99,4,4,329
23/12/2006,17:45:00,-54.00876,-38.050944,16,10.956206,-1.45,-2.44,7,7,334
23/12/2006,18:00:00,-54.008237,-38.051305,16,11.895975,1.08,-1.36,7,7,335
23/12/2006,18:15:00,-54.006777,-38.0508,16,2.000015,0.13,-1.36,4,4,336
23/12/2006,18:31:00,-54.009405,-38.050631,16,0.45462,-0.4,-1.36,4,4,338
23/12/2006,18:48:00,-54.007988,-38.051014,16,0.751367,-1.1,-1.36,4,4,341
23/12/2006,19:03:00,-54.007422,-38.052024,16,0.48305,0.11,-1.36,4,4,342
23/12/2006,19:18:00,-54.009159,-38.051504,16,7.854995,-0.67,-2.03,6,6,343
23/12/2006,19:33:00,-54.00838,-38.05091,16,17.801004,-0.04,-2.07,6,6,344
23/12/2006,19:48:00,-54.008751,-38.051239,16,11.633065,1.03,-1.04,7,7,345
23/12/2006,20:03:00,-54.008951,-38.051539,16,24.571234,-0.87,-1.91,6,6,346
23/12/2006,20:18:00,-54.00854,-38.051243,16,9.455162,-0.08,-1.99,7,7,347
23/12/2006,21:06:00,-54.008696,-38.049804,16,0.304217,0.84,-1.99,4,4,353
23/12/2006,21:21:00,-54.008309,-38.051631,16,22.942339,-0.35,-2.34,7,7,354
23/12/2006,21:36:00,-54.007939,-38.052278,16,25.4203,1.07,-2.34,5,5,355
23/12/2006,21:51:00,-54.008473,-38.050889,16,11.086731,0.27,-2.34,5,5,356
23/12/2006,22:06:00,-54.008762,-38.052348,16,5.822044,0.3,-2.34,5,5,357
23/12/2006,22:39:00,-54.008014,-38.051503,16,9.346801,0.87,-2.34,5,5,362
23/12/2006,23:12:00,-54.017362,-38.058655,16,1.125283,-0.5,-2.34,4,4,367
23/12/2006,23:46:00,-54.008927,-38.050569,16,0.192385,0.7,-2.34,4,4,373
24/12/2006,00:01:00,-54.009483,-38.050875,16,26.161822,0.7,-1.64,6,6,374
24/12/2006,00:17:00,-54.007641,-38.052133,16,0.738646,-0.45,-1.64,4,4,376
24/12/2006,00:51:00,-54.008582,-38.051748,16,10.689135,-0.14,-1.64,5,5,382
24/12/2006,01:06:00,-54.008737,-38.051956,16,20.125668,-0.18,-1.82,6,6,383
24/12/2006,01:21:00,-54.010434,-38.049832,16,0.136545,0.13,-1.82,4,4,384
24/12/2006,01:36:00,-54.008566,-38.051651,16,23.761852,0.31,-1.51,8,8,385
24/12/2006,01:51:00,-54.008319,-38.050951,16,9.876042,-1.09,-2.6,7,7,386
24/12/2006,02:06:00,-54.008275,-38.051866,16,13.911044,1.14,-1.46,8,8,387
24/12/2006,02:21:00,-54.008348,-38.051418,16,9.010238,0.03,-1.43,8,8,388
24/12/2006,02:36:00,-54.008497,-38.051363,16,10.703415,-1.02,-2.45,8,8,389
24/12/2006,02:54:01,-54.002997,-38.04113,16,0.81414,-0.4,-2.45,4,4,393
24/12/2006,03:09:00,-54.008207,-38.051038,16,6.942443,0.81,-1.64,8,8,394
24/12/2006,03:24:00,-54.008523,-38.051722,16,11.849702,0.03,-1.61,8,8,395
24/12/2006,03:39:00,-54.009094,-38.050901,16,18.787464,-0.98,-2.59,8,8,396
24/12/2006,04:12:00,-54.008388,-38.051793,16,23.653997,0.57,-2.02,8,8,401
24/12/2006,04:42:00,-54.00856,-38.051606,16,23.404931,0.06,-1.96,8,8,403
24/12/2006,04:57:00,-54.008304,-38.051083,16,8.717386,0.08,-1.88,8,8,404
24/12/2006,05:12:00,-54.007927,-38.051653,16,17.718735,0.12,-1.88,5,5,405
24/12/2006,05:27:00,-54.007877,-38.051422,16,4.697827,-0.79,-1.88,5,5,406
24/12/2006,05:43:00,-54.008782,-38.048595,16,28.356052,0.03,-1.88,5,5,408
24/12/2006,06:16:00,-54.008559,-38.051956,16,14.258763,-0.54,-2.42,7,7,413
24/12/2006,06:46:00,-54.008862,-38.050695,16,10.026086,0.06,-2.42,5,5,415
24/12/2006,07:03:01,-54.007704,-38.052006,16,2.283348,-0.5,-2.42,4,4,418
24/12/2006,07:19:00,-54.00809,-38.051039,16,8.963335,0.15,-2.27,7,7,420
24/12/2006,07:34:00,-54.008388,-38.050949,16,1.439052,0.05,-2.27,4,4,421
24/12/2006,07:49:00,-54.008619,-38.051199,16,16.460888,0.13,-2.14,7,7,422
24/12/2006,08:04:00,-54.008095,-38.050368,16,20.029876,0.12,-2.02,6,6,423
24/12/2006,08:19:00,-54.00574,-38.053014,16,0.192072,-0.36,-2.02,4,4,424
24/12/2006,08:34:00,-54.008371,-38.050124,16,27.268983,0.25,-1.77,7,7,425
24/12/2006,09:27:00,-54.010037,-38.052841,16,0.507305,-0.18,-1.77,4,4,436
24/12/2006,09:42:00,-54.008896,-38.050903,16,23.400899,0.37,-1.4,6,6,437
24/12/2006,09:57:00,-54.008601,-38.05081,16,22.712634,-1.23,-1.4,5,5,438
24/12/2006,10:48:01,-54.008377,-38.050735,16,0.204444,-1.34,-1.4,4,4,447
24/12/2006,11:03:00,-54.009105,-38.051055,16,11.490392,-0.45,-1.4,5,5,448
24/12/2006,11:35:00,-54.008261,-38.051222,16,0.789927,-0.21,-1.4,4,5,452
24/12/2006,11:51:00,-54.008017,-38.051378,16,25.125869,-0.54,-1.4,5,5,454
24/12/2006,12:06:00,-54.015134,-38.040582,16,0.369383,-0.09,-1.4,4,4,455
24/12/2006,12:21:00,-54.010636,-38.048899,16,8.459698,-1.39,-1.4,4,4,456
24/12/2006,12:36:00,-54.007326,-38.04945,16,11.321718,-0.43,-1.4,5,5,457
24/12/2006,12:53:00,-54.008265,-38.051304,16,18.308648,-0.8,-2.2,6,6,460
24/12/2006,13:08:00,-54.008794,-38.051937,16,0.955517,-0.1,-2.2,4,4,461
24/12/2006,13:26:00,-54.008432,-38.052188,16,0.245904,-0.3,-2.2,4,4,465
24/12/2006,13:41:00,-54.010669,-38.062282,16,0.519778,0.2,-2.2,4,4,466
24/12/2006,13:56:00,-54.011509,-38.049975,16,0.902729,0.12,-2.2,4,4,467
24/12/2006,14:12:00,-54.008577,-38.051722,16,11.837952,0.5,-1.7,7,7,469
24/12/2006,14:27:00,-54.008028,-38.050157,16,4.94063,-0.85,-2.55,6,6,470
24/12/2006,14:42:00,-54.008488,-38.051998,16,13.91585,0.87,-1.68,8,8,471
24/12/2006,14:57:00,-54.008563,-38.051155,16,16.893194,0.17,-1.51,8,8,472
24/12/2006,15:12:00,-54.008203,-38.051664,16,12.774567,-1.08,-2.59,8,8,473
24/12/2006,15:27:00,-54.008954,-38.052053,16,4.464211,1.03,-2.59,5,5,474
24/12/2006,15:42:00,-54.008432,-38.051861,16,6.555881,0.26,-2.33,6,6,475
24/12/2006,16:18:00,-54.00868,-38.051253,16,0.217431,0.27,-2.33,4,4,483
24/12/2006,16:51:00,-54.00873,-38.050637,16,4.731412,-0.13,-2.33,5,5,488
24/12/2006,17:06:00,-54.008687,-38.052636,16,0.228272,0.82,-2.33,4,4,489
24/12/2006,17:21:00,-54.008998,-38.053375,16,0.237413,-0.18,-2.33,4,4,490
24/12/2006,17:55:00,-54.008363,-38.05214,16,3.255577,0.21,-2.33,5,5,496
24/12/2006,18:10:00,-54.008495,-38.051856,16,18.350124,0.14,-2.33,5,5,497
24/12/2006,18:25:00,-54.008474,-38.052308,16,1.352762,-0.73,-2.33,4,4,498
24/12/2006,18:59:01,-54.008264,-38.051299,16,16.750317,-0.57,-2.9,6,6,504
24/12/2006,19:15:00,-54.008337,-38.05144,16,22.806945,0.47,-2.43,6,6,506
24/12/2006,19:31:01,-54.008477,-38.051567,16,23.631947,-0.18,-2.61,8,8,508
24/12/2006,20:21:00,-54.008341,-38.051104,16,6.210908,0.72,-1.89,6,6,516
24/12/2006,20:36:00,-54.008889,-38.051114,16,14.219182,-1.04,-2.93,6,6,517
24/12/2006,20:51:00,-54.009777,-38.051787,16,0.186438,0.95,-2.93,4,4,518
24/12/2006,21:06:00,-54.008663,-38.051044,16,17.565028,1.31,-1.62,6,6,519
24/12/2006,21:21:00,-54.008601,-38.051036,16,10.336114,-1.07,-2.69,7,7,520
24/12/2006,21:36:00,-54.007915,-38.051839,16,18.43505,1.05,-1.64,7,7,521
24/12/2006,21:51:00,-54.008087,-38.051549,16,27.190339,-0.93,-2.57,8,8,522
24/12/2006,22:22:00,-54.008346,-38.051444,16,3.396048,0.57,-2.57,5,6,525
24/12/2006,22:37:00,-54.00804,-38.051172,16,5.493682,-0.4,-2.57,5,5,526
24/12/2006,22:52:00,-54.008883,-38.050781,16,0.405434,0.77,-2.57,4,4,527
24/12/2006,23:07:00,-54.008744,-38.052072,16,7.41015,-0.25,-2.82,6,6,528
24/12/2006,23:37:00,-54.017296,-38.04157,16,3.104864,1.99,-2.82,4,4,530
24/12/2006,23:52:00,-54.008481,-38.051566,16,5.752837,0.28,-2.82,5,5,531
25/12/2006,00:25:00,-54.008881,-38.0511,16,1.213565,-0.14,-2.82,4,4,536
25/12/2006,00:58:00,-54.008649,-38.051741,16,26.703405,0.44,-2.38,7,7,541
25/12/2006,01:16:00,-54.007344,-38.049239,16,4.582921,0.85,-1.53,6,6,545
25/12/2006,02:07:00,-54.008141,-38.051936,16,17.267928,-1.17,-2.7,7,7,554
25/12/2006,02:22:00,-54.008252,-38.051127,16,28.904087,0.14,-2.56,8,8,555
25/12/2006,02:37:00,-54.008696,-38.050979,16,13.571235,0.11,-2.45,8,8,556
25/12/2006,02:52:00,-54.008265,-38.051571,16,19.10648,-0.15,-2.6,8,8,557
25/12/2006,03:09:01,-54.007883,-38.05834,16,0.11005,-1.02,-2.6,4,4,560
25/12/2006,03:24:00,-54.008696,-38.051442,16,17.561539,0.54,-2.06,6,6,561
25/12/2006,03:56:00,-54.008133,-38.051123,16,19.54389,0.18,-1.88,6,6,565
25/12/2006,04:11:00,-54.008418,-38.05166,16,27.529794,0.01,-1.87,7,7,566
25/12/2006,04:26:00,-54.00861,-38.051858,16,18.842276,-0.99,-1.87,5,5,567
25/12/2006,04:41:00,-54.008502,-38.051245,16,12.067042,0.21,-1.66,8,8,568
25/12/2006,04:56:00,-54.008772,-38.051812,16,21.637156,-0.98,-2.64,6,6,569
25/12/2006,05:11:00,-54.0084,-38.052017,16,20.535599,-0.04,-2.68,7,7,570
25/12/2006,05:28:00,-54.007809,-38.049884,16,0.565054,0.37,-2.68,4,4,573
25/12/2006,05:44:00,-54.01038,-38.0556,16,15.467131,0.7,-2.68,5,5,575
25/12/2006,05:59:00,-54.006464,-38.061585,16,1.069798,-0.5,-2.68,4,4,576
25/12/2006,06:14:00,-54.008388,-38.051947,16,18.466908,0.11,-2.57,7,7,577
25/12/2006,06:29:00,-54.008032,-38.051805,16,24.523536,0.07,-2.5,6,6,578
25/12/2006,06:44:00,-54.008147,-38.051248,16,28.418195,0.14,-2.36,6,6,579
25/12/2006,07:17:00,-54.008242,-38.051609,16,14.775124,-0.53,-2.89,6,6,584
25/12/2006,07:50:00,-54.008335,-38.051679,16,15.877712,0.54,-2.35,6,6,589
25/12/2006,08:05:00,-54.00844,-38.051373,16,28.561592,0.07,-2.28,8,8,590
25/12/2006,08:20:00,-54.007737,-38.047785,16,7.570359,0.26,-2.28,5,5,591
25/12/2006,08:53:00,-54.008591,-38.050889,16,19.433942,0.76,-1.52,7,7,596
25/12/2006,09:08:00,-54.008018,-38.051272,16,12.271457,-0.92,-2.44,7,7,597
25/12/2006,09:23:00,-54.008448,-38.051869,16,14.142037,-0.17,-2.61,6,6,598
25/12/2006,09:38:00,-54.008513,-38.051803,16,23.217237,0.12,-2.49,7,7,599
25/12/2006,09:53:00,-54.00906,-38.052053,16,23.972521,0.11,-2.49,5,5,600
25/12/2006,10:08:00,-54.008505,-38.050966,16,14.327761,0.21,-2.28,7,7,601
25/12/2006,10:57:00,-54.008972,-38.052224,16,6.138051,0.11,-2.28,5,5,608
25/12/2006,11:13:00,-54.008774,-38.051916,16,19.132115,-0.15,-2.28,5,5,610
25/12/2006,11:29:00,-54.008488,-38.051472,16,0.317048,-0.42,-2.28,4,4,612
25/12/2006,11:44:00,-54.008597,-38.050521,16,25.499543,0.76,-1.52,6,6,613
25/12/2006,11:59:00,-54.008128,-38.051959,16,24.09382,-1.05,-2.57,6,6,614
25/12/2006,12:15:00,-54.008495,-38.051369,16,15.093634,0.59,-1.98,8,8,616
25/12/2006,12:48:00,-54.009266,-38.050021,16,17.366766,-0.62,-1.98,5,5,621
25/12/2006,13:03:00,-54.008197,-38.050678,16,22.065195,-0.28,-2.26,7,7,622
25/12/2006,13:18:00,-54.008455,-38.051174,16,9.070404,-0.02,-2.28,7,7,623
25/12/2006,13:33:00,-54.008911,-38.051357,16,15.27856,0.03,-2.28,5,5,624
25/12/2006,13:48:00,-54.008279,-38.051154,16,21.929427,0.09,-2.19,6,6,625
25/12/2006,14:03:00,-54.008851,-38.051553,16,11.063806,0.03,-2.16,7,7,626
25/12/2006,14:19:00,-54.007711,-38.050179,16,16.270755,-0.26,-2.42,8,8,628
25/12/2006,14:37:00,-54.0099,-38.054058,16,4.263692,0.5,-2.42,5,5,632
25/12/2006,14:52:00,-54.00679,-38.059053,16,19.152129,-1.22,-3.64,6,6,633
25/12/2006,15:07:00,-54.008824,-38.051737,16,9.678689,0.94,-2.7,6,6,634
25/12/2006,15:22:00,-54.008648,-38.051231,16,11.746209,0.07,-2.63,8,8,635
25/12/2006,15:37:00,-54.008312,-38.052079,16,15.138978,-0.1,-2.73,7,7,636
25/12/2006,15:52:00,-54.008279,-38.051509,16,0.895807,0.06,-2.73,4,4,637
25/12/2006,16:07:00,-54.008944,-38.051185,16,1.005081,0.15,-2.73,4,4,638
25/12/2006,16:22:00,-54.008341,-38.05135,16,10.184142,0.13,-2.73,5,5,639
25/12/2006,16:37:00,-54.009017,-38.05267,16,19.549236,-0.75,-2.73,5,5,640
25/12/2006,16:52:00,-54.005574,-38.048168,16,0.661959,1.05,-2.73,4,4,641
25/12/2006,17:07:00,-54.009887,-38.05679,16,0.381595,-0.05,-2.73,4,4,642
25/12/2006,17:23:00,-54.008003,-38.050802,16,0.413099,0.34,-2.73,4,4,644
25/12/2006,17:40:00,-54.008172,-38.05105,16,9.940766,-0.55,-2.73,5,5,647
25/12/2006,17:55:00,-54.009129,-38.05309,16,0.221362,0.43,-2.73,4,4,648
25/12/2006,18:10:00,-54.008731,-38.051167,16,25.452287,-0.4,-3.13,6,6,649
25/12/2006,18:26:00,-54.008129,-38.049959,16,1.091644,0.72,-3.13,4,5,651
25/12/2006,18:57:00,-54.007727,-38.051686,16,6.375669,0.43,-3.13,5,5,654
25/12/2006,19:12:00,-54.008257,-38.051385,16,9.223121,0.59,-2.54,8,8,655
25/12/2006,19:29:00,-54.008521,-38.050942,16,23.991664,0.27,-2.27,8,8,658
25/12/2006,19:44:00,-54.008028,-38.049941,16,25.493314,-1.07,-2.27,5,5,659
25/12/2006,19:59:00,-54.008224,-38.051154,16,8.01713,0.12,-2.15,8,8,660
25/12/2006,20:14:00,-54.008853,-38.050545,16,29.828839,0.14,-2.01,7,7,661
25/12/2006,20:29:00,-54.008748,-38.051184,16,21.123976,-1.08,-3.09,7,7,662
25/12/2006,20:45:00,-54.008015,-38.054418,16,1.233603,0.39,-3.09,5,5,664
25/12/2006,21:00:00,-54.008564,-38.050699,16,19.033017,0.71,-2.38,7,7,665
25/12/2006,21:15:00,-54.008173,-38.049781,16,11.489503,0.24,-2.38,5,5,666
25/12/2006,21:30:00,-54.00818,-38.051221,16,22.894785,0,-2.38,6,6,667
25/12/2006,21:45:00,-54.008382,-38.051403,16,6.82413,0.06,-2.32,7,7,668
25/12/2006,22:00:00,-54.008587,-38.051586,16,23.940611,0.07,-2.25,7,7,669
25/12/2006,22:15:00,-54.008336,-38.051295,16,2.269858,-1.01,-2.25,5,5,670
25/12/2006,22:30:00,-54.008344,-38.051499,16,9.577977,0.07,-2.18,8,8,671
25/12/2006,22:45:00,-54.009345,-38.0527,16,26.614959,0.04,-2.18,5,5,672
25/12/2006,23:00:00,-54.008517,-38.051177,16,2.586252,-0.99,-2.18,5,5,673
25/12/2006,23:34:00,-54.008235,-38.051564,16,0.869928,-0.87,-2.18,4,4,679
26/12/2006,00:07:00,-54.008114,-38.051772,16,15.679445,-1.35,-2.18,5,5,684
26/12/2006,00:40:00,-54.003142,-38.049708,16,0.230185,-1.12,-2.18,4,4,689
26/12/2006,01:29:00,-54.008677,-38.049602,16,25.132555,-0.28,-2.46,8,8,696
26/12/2006,01:44:00,-54.008843,-38.050358,16,7.534803,-0.02,-2.48,7,7,697
26/12/2006,01:59:00,-54.007464,-38.052058,16,4.542482,-0.21,-2.48,5,5,698
26/12/2006,02:14:00,-54.008362,-38.051995,16,2.235245,0.07,-2.48,5,5,699
26/12/2006,02:29:00,-54.008135,-38.051255,16,7.712684,-0.78,-3.26,7,7,700
26/12/2006,02:44:00,-54.00806,-38.05211,16,22.890389,1.09,-2.17,8,8,701
26/12/2006,02:59:00,-54.008891,-38.051077,16,7.145933,0.06,-2.11,7,7,702
26/12/2006,03:14:00,-54.007841,-38.05068,16,0.648853,-1.03,-2.11,4,4,703
26/12/2006,03:29:00,-54.008395,-38.050825,16,18.919428,0.16,-1.95,8,8,704
26/12/2006,03:44:00,-54.009405,-38.051344,16,0.380888,-0.97,-1.95,4,4,705
26/12/2006,03:59:00,-54.00844,-38.051482,16,2.448549,-1,-2.95,6,6,706
26/12/2006,04:29:00,-54.007815,-38.052553,16,20.565651,0.14,-2.81,7,7,708
26/12/2006,04:44:00,-54.008434,-38.051193,16,8.071378,-0.01,-2.82,7,7,709
26/12/2006,04:59:00,-54.008652,-38.051322,16,5.677255,0.15,-2.82,5,5,710
26/12/2006,05:15:00,-54.008642,-38.051049,16,8.784563,0.68,-2.14,6,6,712
26/12/2006,05:33:00,-54.008181,-38.049716,16,15.720415,-0.1,-2.14,5,5,716
26/12/2006,05:48:00,-54.009193,-38.049181,16,0.333958,0.25,-2.14,4,4,717
26/12/2006,06:20:00,-54.008149,-38.051099,16,0.156014,0.28,-2.14,4,4,721
26/12/2006,06:35:00,-54.008056,-38.051498,16,0.764282,-0.54,-2.14,4,4,722
26/12/2006,06:53:00,-54.008563,-38.051304,16,2.131759,-0.72,-2.14,4,4,726
26/12/2006,07:08:00,-54.008571,-38.051581,16,9.016402,-0.61,-2.75,8,8,727
26/12/2006,07:23:00,-54.008332,-38.051328,16,4.872045,0.17,-2.58,8,8,728
26/12/2006,07:38:00,-54.00853,-38.052157,16,24.910105,0.05,-2.53,8,8,729
26/12/2006,07:54:01,-54.007967,-38.051823,16,5.618649,-0.29,-2.53,5,5,731
26/12/2006,08:09:00,-54.008363,-38.052884,16,19.346777,-0.51,-3.04,8,8,732
26/12/2006,08:24:00,-54.009078,-38.052106,16,0.101992,1.16,-3.04,4,4,733
26/12/2006,08:56:00,-54.008061,-38.051521,16,24.714443,-0.52,-3.56,7,7,737
26/12/2006,09:11:00,-54.008413,-38.050962,16,0.775621,1.23,-3.56,4,4,738
26/12/2006,09:26:00,-54.008308,-38.051267,16,0.581924,1.36,-3.56,4,4,739
26/12/2006,09:41:00,-54.008209,-38.051287,16,16.631268,0.48,-3.08,7,7,740
26/12/2006,09:57:00,-54.008551,-38.051425,16,15.484618,0.6,-3.08,5,5,742
26/12/2006,10:12:00,-54.008334,-38.052121,16,16.860327,0.7,-2.38,6,6,743
26/12/2006,10:27:00,-54.008718,-38.050915,16,2.532147,0.08,-2.38,5,5,744
26/12/2006,10:42:00,-54.012615,-38.030125,16,1.355956,-1.22,-2.38,4,4,745
26/12/2006,10:57:00,-54.008755,-38.052212,16,6.86969,0.19,-2.19,6,6,746
26/12/2006,11:12:00,-54.008821,-38.051347,16,0.416279,0.16,-2.19,4,4,747
26/12/2006,12:00:00,-54.008496,-38.05194,16,17.503227,-0.16,-2.19,5,5,753
26/12/2006,12:15:00,-54.008554,-38.052435,16,19.174268,0.02,-2.17,6,6,754
26/12/2006,12:30:00,-54.008695,-38.050842,16,19.367935,-0.93,-3.1,7,7,755
26/12/2006,12:45:00,-54.008345,-38.051236,16,27.330793,1.05,-2.05,7,7,756
26/12/2006,13:33:00,-54.008383,-38.051832,16,19.037074,-0.44,-2.49,7,7,762
26/12/2006,13:48:00,-54.009052,-38.05151,16,14.996732,0.07,-2.42,8,8,763
26/12/2006,14:03:00,-54.008158,-38.050551,16,18.225497,0.17,-2.25,7,7,764
26/12/2006,15:14:00,-54.009226,-38.050824,16,5.903874,-0.58,-2.25,5,5,779
26/12/2006,15:49:16,-54.02748,-38.081926,16,15.068282,-0.99,-3.24,6,7,784
26/12/2006,16:05:13,-54.019667,-38.101745,16,14.304931,0.61,-2.63,7,7,785
26/12/2006,16:21:35,-54.008372,-38.109968,16,0.509347,0.35,-2.63,4,6,787
26/12/2006,16:55:34,-53.978804,-38.131946,16,11.565669,0.05,-2.58,6,6,792
26/12/2006,17:13:08,-53.969705,-38.147073,16,11.04657,-0.05,-2.58,5,6,795
26/12/2006,18:16:39,-53.919736,-38.228432,16,15.979478,-0.77,-3.35,8,8,803
26/12/2006,18:33:13,-53.910247,-38.245087,16,0.666832,1.26,-3.35,4,6,805
26/12/2006,19:19:31,-53.884748,-38.307754,16,12.899453,0.88,-2.47,8,8,812
26/12/2006,20:26:17,-53.870508,-38.35266,16,0.414311,-0.3,-2.47,4,4,824
26/12/2006,21:01:20,-53.859573,-38.379424,16,17.667253,-0.28,-2.75,6,6,829
26/12/2006,21:35:39,-53.853462,-38.399191,16,1.481212,-0.16,-2.75,4,4,834
26/12/2006,21:50:18,-53.851998,-38.407843,16,0.988559,-0.68,-2.75,4,4,835
26/12/2006,22:06:29,-53.845338,-38.425972,16,5.892111,0.71,-2.75,5,6,837
26/12/2006,22:50:00,-53.833371,-38.451091,16,5.369053,0.53,-2.22,6,6,844
26/12/2006,23:04:08,-53.824457,-38.464243,16,24.733898,-0.28,-2.5,7,7,845
26/12/2006,23:28:46,-53.811704,-38.486718,16,18.5477,-0.48,-2.98,6,6,848
27/12/2006,00:28:13,-53.788069,-38.550817,16,1.451174,-0.19,-2.98,5,6,859
27/12/2006,01:23:18,-53.777366,-38.580353,16,16.270082,0.52,-2.46,6,6,871
27/12/2006,02:20:05,-53.765977,-38.613078,16,11.289294,-0.84,-3.3,7,7,878
27/12/2006,02:48:32,-53.759176,-38.629906,16,17.1774,0.9,-2.4,8,8,881
27/12/2006,03:05:22,-53.754018,-38.640954,16,7.918399,-0.4,-2.8,7,7,882
27/12/2006,03:21:00,-53.750264,-38.654062,16,18.287631,0.18,-2.62,6,6,884
27/12/2006,03:48:17,-53.745546,-38.667275,16,17.507077,-0.66,-3.28,8,8,887
27/12/2006,04:07:08,-53.740309,-38.674329,16,11.943069,-0.07,-3.35,8,8,888
27/12/2006,04:58:47,-53.728585,-38.693714,16,8.851057,1.16,-2.19,7,7,892
27/12/2006,05:16:14,-53.7267,-38.695623,16,21.921288,-0.5,-2.69,8,8,893
27/12/2006,05:47:01,-53.724193,-38.699008,16,21.078738,-0.12,-2.81,8,8,896
27/12/2006,06:03:26,-53.72324,-38.703283,16,16.040773,-0.04,-2.85,6,6,898
27/12/2006,06:20:03,-53.723155,-38.704934,16,25.045705,0.14,-2.71,6,6,901
27/12/2006,06:35:10,-53.723571,-38.707151,16,5.904622,0.1,-2.61,8,8,902
27/12/2006,06:50:03,-53.724442,-38.709061,16,19.70955,-0.02,-2.63,8,8,903
27/12/2006,07:07:04,-53.724034,-38.711508,16,15.406273,0.38,-2.25,8,8,906
27/12/2006,07:42:24,-53.721719,-38.71883,16,17.685625,-0.88,-3.13,7,7,912
27/12/2006,08:14:07,-53.719871,-38.732018,16,14.68714,0.64,-2.49,7,7,916
27/12/2006,08:48:10,-53.717304,-38.738128,16,0.19524,-0.9,-2.49,4,4,922
27/12/2006,09:05:12,-53.712852,-38.738508,16,29.540861,-0.85,-3.34,7,8,925
27/12/2006,10:44:45,-53.716154,-38.754519,16,18.783974,1.02,-2.32,7,7,936
27/12/2006,11:00:23,-53.716455,-38.754131,16,6.38476,0.34,-1.98,6,6,938
27/12/2006,11:15:14,-53.717318,-38.755553,16,16.886836,-0.99,-1.98,5,6,939
27/12/2006,11:31:05,-53.716522,-38.759604,16,14.984456,0,-1.98,6,7,941
27/12/2006,11:46:31,-53.717817,-38.760372,16,0.349758,0.02,-1.98,4,4,942
27/12/2006,12:29:00,-53.719417,-38.772588,16,26.553108,-0.07,-2.05,7,8,948
27/12/2006,13:43:16,-53.710031,-38.807549,16,11.27209,-0.48,-2.53,6,6,962
27/12/2006,14:00:00,-53.710323,-38.814288,16,11.489309,0.11,-2.42,6,6,965
27/12/2006,14:15:25,-53.710123,-38.820315,16,21.943273,0.72,-1.7,8,8,966
27/12/2006,14:31:18,-53.711534,-38.824586,16,19.037276,-0.05,-1.75,8,8,967
27/12/2006,14:48:33,-53.712517,-38.827195,16,10.913107,-0.25,-2,7,7,969
27/12/2006,15:20:37,-53.716859,-38.82765,16,13.464421,0.17,-1.83,7,7,972
27/12/2006,15:35:21,-53.717388,-38.830824,16,8.676276,0.22,-1.61,7,7,973
27/12/2006,16:13:35,-53.720534,-38.83911,16,27.817176,-0.76,-1.61,5,5,978
27/12/2006,16:36:46,-53.715254,-38.853186,16,0.147618,-0.18,-1.61,4,4,982
27/12/2006,16:59:27,-53.705822,-38.86505,16,18.802839,-0.98,-2.59,7,7,985
27/12/2006,17:54:06,-53.706978,-38.873784,16,11.462091,0.34,-2.25,7,7,989
27/12/2006,19:49:07,-53.711978,-38.884756,16,23.416867,-0.17,-2.42,6,6,1006
27/12/2006,20:06:07,-53.711037,-38.886666,16,0.359347,-0.78,-2.42,4,4,1007
27/12/2006,20:21:01,-53.709854,-38.89026,16,18.934187,0.59,-1.83,8,8,1008
27/12/2006,20:55:00,-53.709966,-38.896399,16,12.852883,-0.26,-2.09,6,7,1014
27/12/2006,21:13:02,-53.710522,-38.898576,16,0.354225,-0.48,-2.09,4,4,1018
27/12/2006,21:30:42,-53.70339,-38.909452,16,17.225753,0.01,-2.09,5,5,1021
27/12/2006,21:48:00,-53.699366,-38.915828,16,9.974566,-0.44,-2.09,5,5,1023
27/12/2006,22:05:57,-53.698706,-38.916364,16,12.296026,0.39,-1.7,6,6,1025
27/12/2006,22:20:16,-53.710356,-38.902993,16,0.141338,-1.53,-1.7,4,4,1026
27/12/2006,22:55:19,-53.70003,-38.935635,16,15.017803,-1.26,-1.7,5,5,1028
27/12/2006,23:12:13,-53.697741,-38.945813,16,2.704249,-0.8,-1.7,5,5,1031
27/12/2006,23:30:12,-53.697174,-38.950244,16,11.396458,-0.75,-1.7,5,5,1034
27/12/2006,23:45:06,-53.697666,-38.952033,16,26.709218,-0.49,-2.19,6,6,1035
28/12/2006,00:01:15,-53.69962,-38.953636,16,9.891705,0.36,-2.19,5,5,1036
28/12/2006,00:21:03,-53.700905,-38.955413,16,3.693984,-0.2,-2.19,5,6,1038
28/12/2006,00:37:45,-53.70374,-38.959318,16,2.670637,0.18,-2.19,5,5,1040
28/12/2006,00:52:03,-53.704685,-38.961847,16,12.807352,0.44,-1.75,8,8,1041
28/12/2006,01:08:01,-53.703552,-38.971248,16,12.43921,-1.14,-2.89,7,7,1043
28/12/2006,01:25:30,-53.704509,-38.977668,16,5.924094,0.33,-2.56,6,6,1045
28/12/2006,01:41:00,-53.705869,-38.983034,16,20.79072,0.59,-1.97,6,6,1047
28/12/2006,01:56:15,-53.70391,-38.987478,16,15.687512,0.52,-1.45,8,8,1048
28/12/2006,02:12:21,-53.704803,-38.989095,16,23.31133,0.06,-1.39,8,8,1049
28/12/2006,02:34:34,-53.705935,-38.991545,16,6.794595,-0.4,-1.79,7,7,1053
28/12/2006,02:50:31,-53.708222,-38.990299,16,17.61641,-0.28,-2.07,8,8,1054
28/12/2006,03:06:32,-53.708567,-38.991583,16,14.690399,0.19,-1.88,8,8,1055
28/12/2006,03:23:21,-53.71087,-38.99129,16,20.788701,-0.33,-2.21,8,8,1057
28/12/2006,03:39:55,-53.711726,-38.994155,16,17.903608,0.1,-2.11,8,8,1059
28/12/2006,03:56:05,-53.713114,-38.994776,16,11.839575,0.02,-2.09,8,8,1061
28/12/2006,04:16:09,-53.714203,-38.99393,16,25.665814,-0.04,-2.13,8,8,1064
28/12/2006,04:31:13,-53.717177,-38.994064,16,22.840094,0.22,-1.91,8,8,1065
28/12/2006,04:46:03,-53.718586,-38.994812,16,14.320736,-0.41,-2.32,8,8,1066
28/12/2006,05:02:00,-53.722494,-38.996774,16,0.749701,-0.7,-2.32,5,5,1068
28/12/2006,05:19:24,-53.72192,-38.992794,16,3.07484,-0.15,-2.47,6,7,1070
28/12/2006,05:35:13,-53.723566,-39.025083,16,1.450128,-1.21,-2.47,4,4,1072
28/12/2006,05:53:18,-53.725719,-38.999759,16,7.197486,0.21,-2.47,5,5,1076
28/12/2006,06:08:23,-53.729212,-39.003949,16,4.691485,0.36,-2.47,5,5,1077
28/12/2006,06:24:18,-53.730023,-39.007674,16,4.106011,-0.03,-2.47,5,5,1078
28/12/2006,06:55:30,-53.7346,-39.007644,16,24.791572,0.34,-2.13,8,8,1080
28/12/2006,07:13:17,-53.73956,-39.004334,16,10.147791,-0.41,-2.54,7,7,1084
28/12/2006,07:29:05,-53.742934,-39.005549,16,18.018854,0.19,-2.35,8,8,1086
28/12/2006,07:45:07,-53.742047,-39.014866,16,0.100308,0.05,-2.35,4,4,1088
28/12/2006,09:41:14,-53.701081,-39.018123,16,10.930756,5.24,-2.35,5,6,1102
28/12/2006,10:34:00,-53.766227,-39.024247,16,23.924934,0.47,-1.88,6,6,1106
28/12/2006,10:50:10,-53.733821,-39.00276,16,2.820273,-1.47,-1.88,4,4,1108
28/12/2006,11:05:21,-53.757475,-39.031041,16,1.693231,-0.24,-1.88,4,5,1109
28/12/2006,11:23:02,-53.754788,-39.032834,16,0.851585,-0.19,-1.88,4,4,1113
28/12/2006,11:41:24,-53.755062,-39.030005,16,12.723577,-0.42,-2.3,8,8,1115
28/12/2006,12:12:26,-53.758238,-39.024283,16,10.754058,0.12,-2.18,6,6,1118
28/12/2006,12:32:36,-53.758209,-39.022359,16,6.380395,0.92,-1.26,7,7,1121
28/12/2006,13:03:01,-53.757268,-39.024392,16,6.329618,-1.05,-2.31,6,6,1123
28/12/2006,13:18:06,-53.759062,-39.029383,16,11.306163,0.31,-2,8,8,1124
28/12/2006,13:33:04,-53.761184,-39.022575,16,7.431699,0.69,-1.31,7,7,1125
28/12/2006,13:55:19,-53.763403,-39.014442,16,14.445176,-1.14,-2.45,8,8,1127
28/12/2006,14:10:22,-53.76674,-39.005415,16,10.909717,0.09,-2.36,8,8,1128
28/12/2006,14:29:46,-53.775935,-38.985569,16,12.714584,0.08,-2.28,8,8,1130
28/12/2006,14:46:34,-53.784285,-38.967561,16,20.889277,0.03,-2.25,7,8,1131
28/12/2006,15:01:11,-53.793516,-38.951235,16,14.493413,-0.39,-2.64,8,8,1132
28/12/2006,15:21:09,-53.80252,-38.927172,16,20.516943,0.39,-2.25,8,8,1134
28/12/2006,15:42:43,-53.811529,-38.901035,16,11.496839,0.45,-1.8,6,6,1136
28/12/2006,16:00:07,-53.821374,-38.876469,16,19.498811,-0.3,-2.1,8,8,1139
28/12/2006,16:19:28,-53.832042,-38.854216,16,6.391956,0.49,-1.61,7,8,1141
28/12/2006,16:34:19,-53.839853,-38.833347,16,9.550927,0.06,-1.55,6,6,1142
28/12/2006,16:55:20,-53.814351,-38.788756,16,18.747588,-2,-1.55,4,4,1143
28/12/2006,17:15:24,-53.858625,-38.777985,16,24.819335,-0.63,-2.18,8,8,1147
28/12/2006,17:33:26,-53.867353,-38.755828,16,14.905001,-0.53,-2.71,8,8,1148
28/12/2006,17:49:47,-53.87435,-38.733569,16,12.621469,0.42,-2.71,5,5,1150
28/12/2006,18:53:17,-53.928258,-38.633892,16,0.863992,-1.45,-2.71,4,4,1159
28/12/2006,19:29:32,-53.918481,-38.576612,16,13.69101,1.15,-1.56,7,7,1164
28/12/2006,19:44:13,-53.924944,-38.554735,16,18.333199,-0.55,-2.11,8,8,1165
28/12/2006,20:04:38,-53.937368,-38.521922,16,27.449072,-0.35,-2.46,8,8,1167
28/12/2006,20:44:52,-53.967604,-38.443839,16,0.28122,0.05,-2.46,4,4,1171
28/12/2006,21:01:11,-53.975115,-38.422069,16,21.720704,0.34,-2.12,6,6,1173
28/12/2006,21:20:54,-53.982959,-38.392663,16,8.684929,-0.43,-2.12,5,5,1174
28/12/2006,21:40:48,-53.993124,-38.361714,16,5.771392,-0.05,-2.12,5,5,1176
28/12/2006,21:55:40,-54.003426,-38.338622,16,9.891987,-0.04,-2.12,5,5,1177
28/12/2006,22:16:20,-54.014088,-38.30409,16,13.049016,0.87,-1.25,7,7,1180
28/12/2006,22:31:03,-54.019995,-38.279497,16,5.482457,0.01,-1.24,6,8,1181
28/12/2006,22:51:34,-54.026998,-38.246522,16,11.534414,-0.06,-1.3,6,6,1185
28/12/2006,23:07:59,-54.034512,-38.217715,16,21.027135,-0.75,-2.05,6,6,1186
28/12/2006,23:22:04,-54.036601,-38.190214,16,23.54295,0.37,-1.68,6,8,1187
28/12/2006,23:39:24,-54.037523,-38.167321,16,16.043259,-0.3,-1.98,6,6,1189
28/12/2006,23:55:21,-54.044772,-38.16009,16,0.172219,-1.35,-1.98,4,4,1190
29/12/2006,00:13:29,-54.037109,-38.123447,16,10.820181,0.26,-1.72,7,8,1192
29/12/2006,00:30:02,-54.036701,-38.094125,16,12.659877,0.26,-1.46,7,7,1195
29/12/2006,00:46:37,-54.03314,-38.070568,16,20.307975,-0.56,-2.02,6,6,1196
29/12/2006,01:18:51,-54.00892,-38.052242,16,15.352833,-0.13,-2.15,8,8,1199
29/12/2006,01:33:00,-54.008503,-38.05095,16,16.272594,-0.43,-2.58,8,8,1200
29/12/2006,01:48:00,-54.008424,-38.051021,16,14.358306,1.06,-1.52,8,8,1201
29/12/2006,02:03:00,-54.008466,-38.052019,16,28.322946,0.28,-1.24,8,8,1202
29/12/2006,02:20:00,-54.009404,-38.048106,16,1.652163,-0.96,-1.24,4,4,1205
29/12/2006,02:35:00,-54.008173,-38.049845,16,6.672735,-0.58,-1.82,7,7,1206
29/12/2006,02:50:00,-54.00871,-38.056501,16,11.875915,-0.4,-2.22,6,6,1207
29/12/2006,03:05:00,-54.007657,-38.057497,16,3.759178,-0.1,-2.22,5,5,1208
29/12/2006,03:20:00,-54.008513,-38.051434,16,17.444813,0.36,-1.86,8,8,1209
29/12/2006,03:35:00,-54.008034,-38.051485,16,19.56342,0.14,-1.72,8,8,1210
29/12/2006,03:50:00,-54.008281,-38.051428,16,15.344313,-0.12,-1.84,8,8,1211
29/12/2006,04:05:00,-54.008507,-38.051231,16,17.609665,0.08,-1.76,8,8,1212
29/12/2006,04:20:00,-54.008216,-38.051543,16,20.756442,0.26,-1.5,7,7,1213
29/12/2006,04:35:00,-54.007407,-38.054523,16,0.476074,-1.26,-1.5,4,4,1214
29/12/2006,04:50:00,-54.008705,-38.049458,16,29.314067,0.14,-1.36,8,8,1215
29/12/2006,05:05:00,-54.00866,-38.050843,16,25.64442,-0.04,-1.4,6,6,1216
29/12/2006,05:20:00,-54.007871,-38.05016,16,11.677262,-1,-2.4,7,7,1217
29/12/2006,05:35:00,-54.008877,-38.051172,16,4.27124,0.99,-1.41,6,6,1218
29/12/2006,05:50:00,-54.008152,-38.051707,16,9.295196,-0.91,-2.32,7,7,1219
29/12/2006,06:05:00,-54.008205,-38.051556,16,10.507089,-0.03,-2.35,8,8,1220
29/12/2006,06:20:00,-54.008547,-38.050871,16,22.231445,1.18,-1.17,7,7,1221
29/12/2006,06:50:00,-54.00843,-38.051409,16,18.631643,-1.06,-2.23,7,7,1223
29/12/2006,07:06:01,-54.008606,-38.051089,16,24.152846,-0.25,-2.48,8,8,1225
29/12/2006,07:21:00,-54.008518,-38.050833,16,9.045726,0.98,-1.5,8,8,1226
29/12/2006,07:51:00,-54.008159,-38.051213,16,8.669239,-0.97,-2.47,6,6,1228
29/12/2006,08:06:00,-54.007874,-38.051331,16,17.104786,1.05,-1.42,6,6,1229
29/12/2006,08:21:00,-54.008384,-38.05359,16,7.327338,-0.09,-1.51,6,6,1230
29/12/2006,08:38:00,-54.008455,-38.051694,16,23.742128,-0.71,-2.22,7,7,1233
29/12/2006,08:53:00,-54.008687,-38.052366,16,10.866318,1.03,-1.19,7,7,1234
29/12/2006,09:08:00,-54.007969,-38.052712,16,15.796728,-0.96,-2.15,7,7,1235
29/12/2006,09:23:00,-54.008928,-38.052561,16,21.722579,-0.13,-2.28,7,7,1236
29/12/2006,09:38:00,-54.008457,-38.051617,16,22.940109,0.21,-2.07,7,7,1237
29/12/2006,09:53:00,-54.008295,-38.051246,16,1.373528,0.08,-2.07,4,4,1238
29/12/2006,10:08:00,-54.008215,-38.052203,16,1.190584,0.08,-2.07,4,4,1239
29/12/2006,11:16:00,-54.008004,-38.051455,16,18.097847,-0.43,-2.07,5,5,1251
29/12/2006,11:32:00,-54.008571,-38.05301,16,6.288327,0.29,-1.78,6,6,1253
29/12/2006,12:21:00,-54.007124,-38.05429,16,0.268947,-0.97,-1.78,4,4,1260
29/12/2006,12:36:00,-54.008642,-38.05144,16,5.903345,0.5,-1.28,7,7,1261
29/12/2006,12:51:00,-54.008491,-38.051526,16,9.644658,-0.94,-2.22,8,8,1262
29/12/2006,14:19:00,-54.008629,-38.052918,16,10.651081,0.42,-2.22,5,5,1280
29/12/2006,14:34:00,-54.008432,-38.051609,16,8.877032,-0.35,-2.57,6,6,1281
29/12/2006,14:49:00,-54.008222,-38.051107,16,6.26773,0.11,-2.46,6,6,1282
29/12/2006,15:04:00,-54.008531,-38.05167,16,19.368558,1.02,-1.44,8,8,1283
29/12/2006,15:19:00,-53.993363,-38.068074,16,1.641494,0.5,-1.44,4,4,1284
29/12/2006,15:52:00,-54.008524,-38.051542,16,21.379074,-1.44,-2.88,8,8,1289
29/12/2006,16:07:00,-54.008575,-38.051592,16,28.739756,1.15,-1.73,7,7,1290
29/12/2006,16:22:00,-54.008742,-38.051406,16,12.162596,-0.16,-1.89,7,7,1291
29/12/2006,16:37:00,-54.008488,-38.051429,16,15.21359,-0.88,-2.77,7,7,1292
29/12/2006,16:53:00,-54.008625,-38.051206,16,14.861701,0.61,-2.77,5,5,1294
29/12/2006,17:08:00,-54.009975,-38.050958,16,0.907756,0.99,-2.77,4,4,1295
29/12/2006,17:43:00,-54.008709,-38.050547,16,17.559382,0.45,-2.32,6,7,1302
29/12/2006,17:59:00,-54.010139,-38.050276,16,10.177017,0.58,-2.32,5,5,1304
29/12/2006,18:16:00,-54.009292,-38.051038,16,13.329301,-0.1,-2.42,6,6,1307
,00:00:00,,,,,,,,,
,00:00:00,,,,,,,,,
,00:00:00,,,,,,,,,
,00:00:00,,,,,,,,,
,00:00:00,,,,,,,,,
,00:00:00,,,,,,,,,
,00:00:00,,,,,,,,,
,00:00:00,,,,,,,,,
,00:00:00,,,,,,,,,
,00:00:00,,,,,,,,,
,00:00:00,,,,,,,,,
,00:00:00,,,,,,,,,
,00:00:00,,,,,,,,,
,00:00:00,,,,,,,,,
,00:00:00,,,,,,,,,
,00:00:00,,,,,,,,,
,00:00:00,,,,,,,,,
,00:00:00,,,,,,,,,
,00:00:00,,,,,,,,,
,00:00:00,,,,,,,,,
,00:00:00,,,,,,,,,
,00:00:00,,,,,,,,,
,00:00:00,,,,,,,,,
,00:00:00,,,,,,,,,
,00:00:00,,,,,,,,,
,00:00:00,,,,,,,,,
,00:00:00,,,,,,,,,
,00:00:00,,,,,,,,,
,00:00:00,,,,,,,,,
,00:00:00,,,,,,,,,
,00:00:00,,,,,,,,,
,00:00:00,,,,,,,,,
,00:00:00,,,,,,,,,
,00:00:00,,,,,,,,,
,00:00:00,,,,,,,,,
,00:00:00,,,,,,,,,
