Date,Time,Latitude,Longitude,Altitude,Residual Error,Clock Error,Cumulative Clock Error,# Sats Used,# Sats Provided,
07/01/2007,18:45:00:0,-54.00835,-38.050337,20,0.289785,-1.46,1,4,4,(rownum 0)
07/01/2007,19:00:00:288,-54.008992,-38.054724,20,28.044033,-1.44,-0.44,6,6,(rownum 1)
07/01/2007,19:14:59:712,-54.009524,-38.053552,20,3.847492,-0.04,-0.44,5,5,(rownum 2)
07/01/2007,19:30:00:0,-54.009333,-38.051116,20,20.672811,0.31,-0.13,6,6,(rownum 3)
07/01/2007,19:45:00:288,-54.009292,-38.048785,20,13.406259,0.35,0.22,6,6,(rownum 4)
07/01/2007,19:59:59:712,-54.009501,-38.051327,20,23.863617,-1.28,-1.06,6,6,(rownum 5)
07/01/2007,20:15:00:0,-54.008858,-38.051836,20,22.40335,1.05,-0.01,7,7,(rownum 6)
07/01/2007,20:30:00:288,-54.009118,-38.051453,20,19.211569,0.12,0.11,7,7,(rownum 7)
07/01/2007,20:44:59:712,-54.009144,-38.05076,20,16.241754,-1.11,-1,6,6,(rownum 8)
07/01/2007,21:00:00:0,-54.0092,-38.051246,20,16.822574,1.2,0.2,6,6,(rownum 9)
07/01/2007,21:15:00:288,-54.009037,-38.051912,20,26.3225,-1.03,-0.83,6,6,(rownum 10)
07/01/2007,21:29:59:712,-54.008728,-38.051371,20,1.077349,0.02,-0.83,4,4,(rownum 11)
07/01/2007,21:45:00:0,-54.008567,-38.051442,20,2.079067,1.2,-0.83,5,5,(rownum 12)
07/01/2007,22:00:00:288,-54.009087,-38.051578,20,4.118989,0.39,-0.83,5,5,(rownum 13)
07/01/2007,22:16:00:192,-54.008765,-38.052159,20,2.274756,1,-0.83,5,5,(rownum 15)
07/01/2007,22:32:00:96,-54.009761,-38.053849,20,0.572095,0.51,-0.83,4,4,(rownum 17)
07/01/2007,22:48:00:864,-54.009276,-38.051618,20,15.886753,-0.57,-1.4,7,7,(rownum 19)
07/01/2007,23:21:00:288,-54.009423,-38.051656,20,10.147082,1.53,-1.4,5,6,(rownum 24)
07/01/2007,23:51:00:0,-54.009407,-38.051818,20,10.396985,1.54,-1.4,5,5,(rownum 26)
08/01/2007,00:06:00:288,-54.009041,-38.05156,20,13.73038,0.59,-0.81,6,6,(rownum 27)
08/01/2007,00:20:59:712,-54.00718,-38.049416,20,1.589343,-0.1,-0.81,4,4,(rownum 28)
08/01/2007,00:36:00:0,-54.008801,-38.051394,20,4.426703,0.99,0.18,6,6,(rownum 29)
08/01/2007,01:07:59:808,-54.00917,-38.05144,20,0.485098,-0.78,0.18,5,5,(rownum 33)
08/01/2007,01:23:00:96,-54.009212,-38.052086,20,0.468625,-0.5,0.18,4,4,(rownum 34)
08/01/2007,01:38:00:384,-54.009065,-38.050448,20,21.240251,-0.31,-0.13,8,8,(rownum 35)
08/01/2007,01:52:59:808,-54.008773,-38.051793,20,14.211086,-1.1,-0.13,5,5,(rownum 36)
08/01/2007,02:08:00:96,-54.008889,-38.05064,20,4.930962,0.04,-0.09,6,6,(rownum 37)
08/01/2007,02:23:00:384,-54.008775,-38.051735,20,21.538618,0.02,-0.07,8,8,(rownum 38)
08/01/2007,02:37:59:808,-54.008998,-38.051241,20,25.570183,-0.99,-1.06,7,7,(rownum 39)
08/01/2007,02:53:00:96,-54.012248,-38.043557,20,1.863776,1.18,-1.06,4,4,(rownum 40)
08/01/2007,03:08:00:384,-54.012983,-38.054139,20,16.634808,-0.22,-1.06,5,5,(rownum 41)
08/01/2007,03:22:59:808,-54.009193,-38.05066,20,11.039083,0.26,-0.8,7,7,(rownum 42)
08/01/2007,03:56:00:96,-54.009032,-38.051227,20,19.682163,0.57,-0.23,8,8,(rownum 47)
08/01/2007,04:11:00:384,-54.009002,-38.052274,20,2.204937,0,-0.23,5,5,(rownum 48)
08/01/2007,04:25:59:808,-54.010632,-38.055495,20,5.923361,-1.2,-0.23,5,5,(rownum 49)
08/01/2007,04:41:00:96,-54.009327,-38.052965,20,16.387134,-0.02,-0.25,6,6,(rownum 50)
08/01/2007,04:56:00:384,-54.008464,-38.056494,20,0.741078,-0.13,-0.25,4,4,(rownum 51)
08/01/2007,05:10:59:808,-54.00923,-38.052186,20,19.818383,-0.93,-1.18,7,7,(rownum 52)
08/01/2007,05:26:00:96,-54.008816,-38.050833,20,4.893748,1.2,0.02,6,6,(rownum 53)
08/01/2007,05:41:00:384,-54.008728,-38.050907,20,9.084207,-0.9,-0.88,6,6,(rownum 54)
08/01/2007,05:55:59:808,-54.009299,-38.051291,20,8.29151,-0.06,-0.94,7,7,(rownum 55)
08/01/2007,06:11:00:96,-54.009098,-38.051248,20,10.829883,1.07,0.13,8,8,(rownum 56)
08/01/2007,06:26:00:384,-54.008924,-38.05067,20,8.259735,-0.91,-0.78,7,7,(rownum 57)
08/01/2007,06:40:59:808,-54.012858,-38.045944,20,0.125964,0.6,-0.78,4,4,(rownum 58)
08/01/2007,06:56:00:96,-54.009172,-38.050924,20,16.819441,0.19,-0.59,7,7,(rownum 59)
08/01/2007,07:11:00:384,-54.008926,-38.052251,20,0.631279,-0.02,-0.59,4,4,(rownum 60)
08/01/2007,07:25:59:808,-54.008656,-38.051757,20,6.045071,0.04,-0.59,5,5,(rownum 61)
08/01/2007,07:41:00:96,-54.01554,-38.055007,20,5.668166,-0.73,-0.59,5,5,(rownum 62)
08/01/2007,07:56:00:384,-54.009042,-38.051324,20,10.856628,0.29,-0.3,6,6,(rownum 63)
08/01/2007,08:10:59:808,-54.008459,-38.051866,20,22.101024,-1.07,-1.37,6,7,(rownum 64)
08/01/2007,08:26:00:96,-54.00899,-38.051465,20,17.157822,1.11,-0.26,8,8,(rownum 65)
08/01/2007,08:41:00:384,-54.001893,-38.049486,20,15.947721,0.7,-0.26,5,5,(rownum 66)
08/01/2007,09:45:00:0,-54.008888,-38.052789,20,14.947794,0.13,-0.26,5,5,(rownum 74)
08/01/2007,10:00:00:288,-54.009158,-38.051711,20,20.057189,-0.57,-0.83,8,8,(rownum 75)
08/01/2007,10:32:59:712,-54.008692,-38.051411,20,2.18071,0.43,-0.83,4,4,(rownum 80)
08/01/2007,10:48:00:0,-54.007611,-38.053377,20,11.830685,0.37,-0.46,6,6,(rownum 81)
08/01/2007,11:21:00:288,-54.008858,-38.051504,20,5.628007,-0.32,-0.46,5,5,(rownum 86)
08/01/2007,11:35:59:712,-54.008703,-38.050628,20,21.482698,-0.18,-0.64,7,7,(rownum 87)
08/01/2007,11:51:59:616,-54.010065,-38.052582,20,0.238114,-0.61,-0.64,4,4,(rownum 89)
08/01/2007,14:44:59:712,-54.008388,-38.050432,20,2.029965,-0.51,-0.64,4,4,(rownum 122)
08/01/2007,15:36:00:0,-54.009494,-38.050803,20,6.400362,0.49,-0.64,5,5,(rownum 131)
08/01/2007,16:47:00:384,-54.008872,-38.051149,20,11.362171,0.21,-0.43,7,7,(rownum 146)
08/01/2007,17:55:59:808,-54.008786,-38.051539,20,27.905364,-0.57,-1,6,6,(rownum 159)
08/01/2007,18:29:00:96,-54.008761,-38.051649,20,0.338555,0.54,-1,4,4,(rownum 164)
08/01/2007,19:20:00:384,-54.00776,-38.050267,20,0.712641,0.66,-1,4,5,(rownum 173)
08/01/2007,19:36:00:288,-54.009026,-38.050389,20,0.304106,0.51,-1,4,4,(rownum 175)
08/01/2007,20:46:00:192,-54.008941,-38.051015,20,13.09809,0.7,-0.3,7,8,(rownum 189)
08/01/2007,21:00:59:616,-57.947712,-40.658939,20,0.935237,-4.92,-0.3,4,4,(rownum 190)
08/01/2007,21:17:00:384,-54.009,-38.050904,20,0.783038,-0.22,-0.3,4,4,(rownum 192)
08/01/2007,22:27:59:904,-54.005056,-38.059222,20,1.032294,-0.7,-0.3,4,4,(rownum 207)
08/01/2007,22:43:00:192,-54.008955,-38.051659,20,12.433446,0.03,-0.27,7,7,(rownum 208)
08/01/2007,22:57:59:616,-54.008835,-38.052042,20,15.088153,-1.05,-1.32,6,6,(rownum 209)
08/01/2007,23:12:59:904,-54.013553,-38.046822,20,8.630368,0.06,-1.32,4,4,(rownum 210)
08/01/2007,23:28:00:192,-54.008824,-38.051705,20,21.853321,1.13,-1.32,5,5,(rownum 211)
08/01/2007,23:42:59:616,-54.002234,-38.067541,20,2.454279,0.51,-1.32,4,4,(rownum 212)
09/01/2007,00:15:59:904,-54.007904,-38.052364,20,27.234546,-0.11,-1.43,7,7,(rownum 217)
09/01/2007,00:34:00:768,-54.008945,-38.051129,20,2.129085,-0.13,-1.43,4,4,(rownum 221)
09/01/2007,01:07:00:192,-54.008949,-38.051354,20,0.29301,0.4,-1.43,5,5,(rownum 226)
09/01/2007,01:21:59:616,-54.008895,-38.051189,20,15.959391,0.51,-0.92,8,8,(rownum 227)
09/01/2007,02:48:59:904,-54.00871,-38.051669,20,17.27735,-0.65,-1.57,8,8,(rownum 244)
09/01/2007,04:18:00:288,-54.010792,-38.04773,20,0.207159,0.77,-1.57,4,4,(rownum 263)
09/01/2007,04:52:00:192,-54.007852,-38.047691,20,0.526638,0.77,-1.57,4,4,(rownum 269)
09/01/2007,05:08:00:96,-54.008571,-38.051046,20,22.546276,1.34,-0.23,8,8,(rownum 271)
09/01/2007,05:23:00:384,-54.008772,-38.051141,20,18.021739,-0.91,-1.14,7,7,(rownum 272)
09/01/2007,06:11:59:712,-54.006854,-38.048726,20,8.700652,0.52,-1.14,5,5,(rownum 279)
09/01/2007,06:47:00:960,-54.008086,-38.063053,20,0.239482,-0.56,-1.14,4,5,(rownum 286)
09/01/2007,07:02:00:384,-54.008854,-38.052142,20,26.603653,0.27,-0.87,6,6,(rownum 287)
09/01/2007,07:16:59:808,-54.008108,-38.051929,20,0.428379,-0.05,-0.87,4,4,(rownum 288)
09/01/2007,07:52:59:808,-54.009279,-38.051119,20,8.759915,-0.57,-1.44,7,7,(rownum 296)
09/01/2007,08:08:00:96,-54.009364,-38.051263,20,0.429445,1.09,-1.44,4,4,(rownum 297)
09/01/2007,09:00:59:616,-54.00881,-38.050811,20,15.524693,0.28,-1.16,7,7,(rownum 308)
09/01/2007,09:15:59:904,-54.008764,-38.051648,20,21.063947,0.05,-1.11,7,7,(rownum 309)
09/01/2007,09:31:00:192,-54.009217,-38.05164,20,20.272953,0.11,-1,7,7,(rownum 310)
09/01/2007,10:09:25:344,-54.019272,-38.09143,20,3.904814,-0.58,-1,5,5,(rownum 318)
09/01/2007,10:27:27:72,-54.013021,-38.108669,20,9.17257,0.28,-0.72,6,7,(rownum 321)
09/01/2007,10:44:13:632,-54.006671,-38.11867,20,4.257607,-0.11,-0.72,5,5,(rownum 323)
09/01/2007,12:26:53:952,-53.93006,-38.226679,20,13.238094,-0.61,-1.33,8,8,(rownum 342)
09/01/2007,13:00:17:568,-53.905211,-38.272339,20,10.076033,0.52,-0.81,6,6,(rownum 347)
09/01/2007,13:17:09:312,-53.89252,-38.293718,20,16.182626,0.13,-0.68,6,6,(rownum 349)
09/01/2007,14:37:39:72,-53.832061,-38.40532,20,5.483853,-0.16,-0.84,6,6,(rownum 362)
09/01/2007,15:21:18:720,-53.813597,-38.44399,20,11.736155,-0.11,-0.95,7,7,(rownum 367)
09/01/2007,15:36:14:688,-53.813781,-38.44588,20,16.962604,-0.47,-1.42,6,7,(rownum 368)
09/01/2007,16:13:03:72,-53.819067,-38.44889,20,0.569804,1.02,-1.42,4,4,(rownum 371)
09/01/2007,16:31:27:264,-53.815103,-38.450035,20,7.949808,1.09,-0.33,6,6,(rownum 373)
09/01/2007,17:09:33:408,-53.812557,-38.464271,20,10.599594,-0.37,-0.7,7,7,(rownum 379)
09/01/2007,17:27:55:8,-53.80751,-38.480687,20,3.023369,0.64,-0.06,6,6,(rownum 382)
09/01/2007,18:49:05:376,-53.761746,-38.578446,20,17.946807,-0.38,-0.44,8,8,(rownum 396)
09/01/2007,19:44:25:728,-53.721578,-38.643624,20,18.845092,-0.94,-1.38,6,7,(rownum 406)
09/01/2007,21:15:12:384,-53.682955,-38.724919,20,11.219823,0.41,-0.97,8,8,(rownum 419)
09/01/2007,21:37:02:208,-53.684578,-38.727175,20,18.756427,0.5,-0.97,5,7,(rownum 423)
09/01/2007,22:16:19:200,-53.682578,-38.735702,20,7.66192,0.09,-0.88,6,6,(rownum 426)
09/01/2007,22:48:42:336,-53.671766,-38.749652,20,13.732249,0.26,-0.62,6,6,(rownum 429)
09/01/2007,23:05:22:848,-53.664171,-38.768176,20,0.214689,-0.2,-0.62,4,4,(rownum 431)
09/01/2007,23:22:17:184,-53.656762,-38.779539,20,16.109408,0.1,-0.52,6,6,(rownum 432)
10/01/2007,00:17:06:432,-53.620493,-38.837746,20,24.815835,-0.11,-0.63,7,8,(rownum 441)
10/01/2007,01:52:28:704,-53.587667,-38.924079,20,21.637829,-0.73,-1.36,8,8,(rownum 454)
10/01/2007,02:11:47:328,-53.589324,-38.92679,20,15.35442,1.11,-0.25,8,8,(rownum 456)
10/01/2007,02:26:05:280,-53.590855,-38.925256,20,16.113838,-0.56,-0.81,8,8,(rownum 457)
10/01/2007,02:48:58:176,-53.592572,-38.927116,20,16.072151,0.79,-0.02,8,8,(rownum 460)
10/01/2007,03:06:46:944,-53.593455,-38.925403,20,26.869735,-0.93,-0.95,8,8,(rownum 462)
10/01/2007,03:59:31:776,-53.576311,-38.957543,20,11.252185,0.06,-0.89,8,8,(rownum 470)
10/01/2007,04:16:18:336,-53.575261,-38.957402,20,10.341732,0.2,-0.69,7,7,(rownum 472)
10/01/2007,04:31:48:0,-53.575282,-38.958091,20,12.05828,0.09,-0.6,7,8,(rownum 473)
10/01/2007,04:50:38:112,-53.574133,-38.957934,20,0.61881,0.77,-0.6,4,4,(rownum 476)
10/01/2007,05:06:56:160,-53.574301,-38.95762,20,22.853498,0.21,-0.39,8,8,(rownum 477)
10/01/2007,05:21:46:944,-53.570268,-38.964348,20,13.579285,-0.88,-1.27,7,8,(rownum 478)
10/01/2007,05:42:51:840,-53.564049,-38.973276,20,21.95606,-0.2,-1.47,8,8,(rownum 482)
10/01/2007,05:59:15:936,-53.561262,-38.979886,20,17.596901,0.69,-0.78,6,6,(rownum 483)
10/01/2007,06:39:31:680,-53.558376,-39.002354,20,26.545015,-0.24,-1.02,8,8,(rownum 489)
10/01/2007,07:15:28:224,-53.553916,-39.019821,20,21.326311,1.06,0.04,8,8,(rownum 494)
10/01/2007,07:30:29:376,-53.551485,-39.026582,20,25.677602,-1,-0.96,6,6,(rownum 495)
10/01/2007,07:46:38:784,-53.549485,-39.033274,20,4.80389,0.07,-0.96,5,5,(rownum 497)
10/01/2007,08:01:19:200,-53.548287,-39.03871,20,23.381093,1.06,0.1,8,8,(rownum 498)
10/01/2007,08:21:09:792,-53.545668,-39.051096,20,5.024866,-1.26,-1.16,6,6,(rownum 502)
10/01/2007,08:39:09:792,-53.545849,-39.053599,20,21.726023,0.36,-0.8,6,6,(rownum 505)
10/01/2007,09:00:00:0,-53.543436,-39.061893,20,6.962869,0.51,-0.8,5,5,(rownum 509)
10/01/2007,09:15:34:848,-53.541964,-39.068893,20,15.028198,-0.6,-1.4,8,8,(rownum 510)
10/01/2007,09:30:40:320,-53.542201,-39.071699,20,18.65414,1.38,-0.02,7,7,(rownum 511)
10/01/2007,09:54:06:912,-53.542158,-39.074266,20,5.397767,-1.45,-1.47,7,7,(rownum 514)
10/01/2007,10:11:55:680,-53.539152,-39.082782,20,17.840682,0.99,-0.48,6,6,(rownum 517)
10/01/2007,10:27:09:792,-53.53314,-39.0997,20,12.600436,-0.34,-0.82,6,6,(rownum 519)
10/01/2007,10:43:05:376,-53.532068,-39.105401,20,27.81669,0.63,-0.19,7,7,(rownum 520)
10/01/2007,11:01:11:424,-53.527042,-39.122317,20,20.600647,-0.57,-0.76,8,8,(rownum 522)
10/01/2007,11:17:56:256,-53.519697,-39.143886,20,13.946946,0.72,-0.04,8,8,(rownum 523)
10/01/2007,11:33:51:840,-53.51938,-39.152723,20,18.908364,-1.04,-1.08,8,8,(rownum 524)
10/01/2007,11:53:07:8,-53.517259,-39.160524,20,6.993526,0.58,-0.5,8,8,(rownum 527)
10/01/2007,12:09:01:728,-53.517174,-39.163602,20,22.767816,-0.53,-1.03,7,7,(rownum 528)
10/01/2007,12:27:08:640,-53.517826,-39.165141,20,10.274061,0.01,-1.02,7,7,(rownum 531)
10/01/2007,12:42:13:248,-53.516012,-39.171605,20,14.507889,0.99,-0.03,6,6,(rownum 532)
10/01/2007,12:58:45:984,-53.515873,-39.180113,20,1.354154,-0.71,-0.03,5,5,(rownum 534)
10/01/2007,13:21:02:592,-53.55486,-39.198528,20,24.470054,1.23,-0.03,4,4,(rownum 537)
10/01/2007,14:17:00:960,-53.505093,-39.232921,20,11.716482,-0.69,-0.72,7,7,(rownum 549)
10/01/2007,14:34:46:272,-53.505866,-39.235217,20,8.708871,-0.02,-0.74,7,7,(rownum 550)
10/01/2007,14:51:54:432,-53.507741,-39.236387,20,3.990795,-0.17,-0.91,6,6,(rownum 552)
10/01/2007,15:07:01:632,-53.510013,-39.237239,20,14.853798,0.67,-0.24,7,7,(rownum 553)
10/01/2007,15:27:01:728,-53.512191,-39.237751,20,6.610705,-0.78,-0.24,5,5,(rownum 557)
10/01/2007,15:42:14:976,-53.514698,-39.239668,20,0.518335,-0.77,-0.24,4,4,(rownum 558)
10/01/2007,15:57:29:952,-53.508217,-39.254478,20,0.589732,-0.32,-0.24,4,4,(rownum 559)
10/01/2007,16:31:26:400,-53.494727,-39.313184,20,28.692526,-2.25,-2.49,6,6,(rownum 565)
10/01/2007,16:46:32:736,-53.492949,-39.298636,20,3.250243,1.61,-0.88,7,7,(rownum 566)
10/01/2007,17:02:04:128,-53.492926,-39.29884,20,11.421141,0.32,-0.56,7,7,(rownum 568)
10/01/2007,17:17:19:104,-53.49236,-39.299961,20,13.390184,0.14,-0.42,7,7,(rownum 569)
10/01/2007,17:32:57:408,-53.492644,-39.30096,20,5.045683,-0.34,-0.76,6,6,(rownum 570)
10/01/2007,17:54:18:720,-53.492217,-39.301643,20,4.265107,0.36,-0.4,6,6,(rownum 574)
10/01/2007,18:10:03:936,-53.49163,-39.302889,20,7.425631,-0.99,-0.4,5,5,(rownum 576)
10/01/2007,19:03:51:840,-53.49063,-39.320364,20,11.859602,-0.11,-0.51,7,8,(rownum 585)
10/01/2007,19:20:02:112,-53.490916,-39.327042,20,15.917627,-0.02,-0.51,5,5,(rownum 588)
10/01/2007,19:38:24:576,-53.489627,-39.33557,20,0.941048,0.27,-0.51,4,4,(rownum 592)
10/01/2007,19:53:02:400,-53.48782,-39.340036,20,25.368095,-0.3,-0.81,8,8,(rownum 593)
10/01/2007,20:33:24:192,-53.480623,-39.356492,20,0.523344,0.22,-0.81,4,4,(rownum 601)
10/01/2007,21:09:25:920,-53.467392,-39.386928,20,4.475825,0.14,-0.81,5,5,(rownum 607)
10/01/2007,21:25:14:592,-53.46236,-39.393992,20,6.906062,0.49,-0.32,6,6,(rownum 608)
10/01/2007,21:40:07:104,-53.463027,-39.395378,20,25.241567,0.48,0.16,6,6,(rownum 609)
10/01/2007,22:14:02:688,-53.445859,-39.427354,20,5.201546,-0.77,-0.61,6,6,(rownum 614)
10/01/2007,22:50:31:200,-53.430327,-39.465989,20,7.235859,0.86,-0.61,5,6,(rownum 622)
11/01/2007,01:33:48:960,-53.341712,-39.70818,20,22.348786,-0.22,-0.83,8,8,(rownum 655)
11/01/2007,01:49:58:368,-53.341908,-39.708891,20,22.400823,1.05,0.22,8,8,(rownum 657)
11/01/2007,02:23:09:24,-53.319661,-39.740664,20,20.109763,0.1,0.32,8,8,(rownum 663)
11/01/2007,03:27:29:376,-53.294507,-39.778356,20,19.67037,-0.78,-0.46,8,8,(rownum 675)
11/01/2007,03:42:47:808,-53.291164,-39.781853,20,20.556621,-0.15,-0.61,8,8,(rownum 676)
11/01/2007,03:58:29:568,-53.290404,-39.78283,20,29.941396,-0.25,-0.86,8,8,(rownum 677)
11/01/2007,04:16:56:352,-53.288281,-39.786346,20,9.907263,0.2,-0.66,7,7,(rownum 680)
11/01/2007,05:07:27:264,-53.251183,-39.837862,20,16.588151,1,0.34,7,7,(rownum 689)
11/01/2007,05:25:15:168,-53.250494,-39.840058,20,25.676753,-0.67,-0.33,8,8,(rownum 692)
11/01/2007,05:42:05:184,-53.249213,-39.84108,20,24.752506,-0.11,-0.44,8,8,(rownum 693)
11/01/2007,05:59:54:816,-53.247919,-39.843911,20,15.149448,0,-0.44,8,8,(rownum 695)
11/01/2007,07:26:05:856,-53.225537,-39.826598,20,0.35025,2.08,-0.44,4,4,(rownum 712)
11/01/2007,08:00:10:80,-53.211866,-39.853286,20,3.500172,0.75,-0.44,5,5,(rownum 717)
11/01/2007,08:18:04:32,-53.203542,-39.853598,20,5.906175,0.97,0.53,7,7,(rownum 721)
11/01/2007,08:37:11:424,-53.195082,-39.852965,20,1.212529,-1.21,0.53,4,4,(rownum 725)
11/01/2007,08:55:40:800,-53.185814,-39.853975,20,12.738477,-1.57,0.53,5,6,(rownum 729)
11/01/2007,09:13:14:16,-53.175166,-39.853714,20,0.741148,-0.49,0.53,4,4,(rownum 732)
11/01/2007,09:31:41:664,-53.159246,-39.846561,20,1.876279,-0.22,0.53,5,7,(rownum 734)
11/01/2007,09:51:20:160,-53.144934,-39.846314,20,22.645214,-0.28,0.25,6,6,(rownum 738)
11/01/2007,10:09:40:896,-53.132808,-39.844782,20,10.968472,-0.97,-0.72,7,7,(rownum 741)
11/01/2007,11:07:34:176,-53.129396,-39.844399,20,3.37555,0.52,-0.2,6,6,(rownum 750)
11/01/2007,11:22:22:368,-53.128596,-39.843656,20,26.572802,0.54,0.34,8,8,(rownum 751)
11/01/2007,11:59:02:112,-53.122551,-39.842685,20,0.208886,-0.62,0.34,4,4,(rownum 756)
11/01/2007,12:14:09:312,-53.115092,-39.843456,20,4.707633,-0.72,0.34,5,5,(rownum 757)
11/01/2007,12:47:04:416,-53.102945,-39.843091,20,8.221598,-0.95,-0.61,6,6,(rownum 762)
11/01/2007,13:40:09:984,-53.080541,-39.835311,20,9.531554,0.68,-0.61,5,5,(rownum 772)
11/01/2007,13:55:18:48,-53.074113,-39.837417,20,27.593468,0.68,-0.61,5,5,(rownum 773)
11/01/2007,14:11:11:40,-53.066029,-39.834491,20,1.758522,0.7,-0.61,4,4,(rownum 775)
11/01/2007,14:30:17:568,-53.058949,-39.830838,20,17.56269,0.03,-0.58,7,8,(rownum 779)
11/01/2007,15:21:00:576,-53.037311,-39.822166,20,4.274043,0.79,-0.58,5,5,(rownum 787)
11/01/2007,15:38:08:736,-53.029901,-39.822063,20,0.738194,0.6,-0.58,4,4,(rownum 790)
11/01/2007,15:53:02:976,-53.027648,-39.822265,20,19.453005,-0.41,-0.99,8,8,(rownum 791)
11/01/2007,16:11:01:248,-53.023898,-39.822341,20,22.922394,1.34,0.35,6,6,(rownum 795)
11/01/2007,16:26:12:768,-53.019123,-39.822403,20,7.25186,-0.87,-0.52,6,6,(rownum 796)
11/01/2007,16:44:15:360,-53.013786,-39.82207,20,20.889684,0.4,-0.12,8,8,(rownum 800)
11/01/2007,17:08:58:848,-53.010222,-39.819827,20,6.014714,0.03,-0.09,6,6,(rownum 802)
11/01/2007,17:24:04:320,-53.010275,-39.82537,20,16.355146,0.09,0,8,8,(rownum 804)
11/01/2007,17:42:04:320,-52.998525,-39.832877,20,2.600487,0,0,6,6,(rownum 808)
11/01/2007,18:01:41:952,-52.979204,-39.840051,20,17.599405,-0.81,-0.81,6,7,(rownum 810)
11/01/2007,18:21:48:960,-52.96889,-39.842208,20,4.76645,0.44,-0.37,6,6,(rownum 813)
11/01/2007,18:37:05:664,-52.955921,-39.848202,20,19.638332,0.13,-0.24,7,7,(rownum 814)
11/01/2007,18:53:14:208,-52.956711,-39.853973,20,15.721575,-0.06,-0.3,6,7,(rownum 815)
11/01/2007,19:11:53:952,-52.956436,-39.857563,20,16.483053,-0.13,-0.43,8,8,(rownum 818)
11/01/2007,19:26:09:312,-52.956186,-39.85985,20,7.812848,0.06,-0.43,5,6,(rownum 819)
11/01/2007,20:01:05:376,-52.923584,-39.885463,20,15.814912,0.36,-0.07,8,8,(rownum 824)
11/01/2007,20:39:14:976,-52.885978,-39.9015,20,27.787263,-0.13,-0.07,5,5,(rownum 831)
11/01/2007,20:55:20:928,-52.873809,-39.906648,20,0.993609,-0.98,-0.07,4,4,(rownum 832)
11/01/2007,21:10:01:344,-52.857761,-39.912516,20,15.054024,0.46,0.39,6,6,(rownum 833)
11/01/2007,21:27:26:784,-52.858678,-39.917137,20,25.060105,-1.2,0.39,5,5,(rownum 835)
11/01/2007,21:42:27:936,-52.8465,-39.921816,20,5.72214,-0.99,0.39,5,5,(rownum 836)
11/01/2007,22:41:50:208,-52.822671,-39.961966,20,1.340003,-0.33,0.39,4,4,(rownum 846)
11/01/2007,22:56:09:888,-52.822057,-39.965947,20,22.141639,-0.69,-0.3,6,6,(rownum 847)
11/01/2007,23:37:06:240,-52.792765,-39.986,20,2.167979,0.67,-0.3,5,5,(rownum 855)
11/01/2007,23:56:35:232,-52.794627,-39.98816,20,4.544196,0.14,-0.16,6,6,(rownum 858)
12/01/2007,00:13:43:392,-52.795586,-39.991533,20,19.834637,0.65,0.49,6,6,(rownum 860)
12/01/2007,00:28:07:392,-52.796485,-39.994658,20,13.4802,-0.27,0.22,8,8,(rownum 861)
12/01/2007,00:44:02:976,-52.796668,-39.996529,20,10.397094,-0.63,-0.41,6,6,(rownum 862)
12/01/2007,01:20:07:296,-52.771858,-40.006054,20,11.363971,0.77,0.36,6,6,(rownum 869)
12/01/2007,03:40:34:752,-52.741707,-39.998025,20,0.233264,-0.33,0.36,4,4,(rownum 889)
12/01/2007,07:02:43:584,-52.70173,-39.995176,20,14.184133,-0.93,-0.57,7,7,(rownum 918)
12/01/2007,07:35:59:424,-52.698315,-39.97427,20,1.284807,2.2,-0.57,4,4,(rownum 923)
12/01/2007,08:10:08:832,-52.691171,-39.989711,20,15.866317,0.12,-0.45,8,8,(rownum 930)
12/01/2007,08:27:02:304,-52.688049,-39.99091,20,2.563761,0.47,-0.45,5,5,(rownum 933)
12/01/2007,09:02:13:920,-52.681332,-39.992712,20,25.339985,0.42,-0.03,8,8,(rownum 940)
12/01/2007,09:18:12:96,-52.67782,-39.993585,20,17.665314,0.45,0.42,8,8,(rownum 942)
12/01/2007,09:54:07:776,-52.672107,-39.998207,20,1.627161,-0.82,0.42,5,5,(rownum 948)
12/01/2007,10:10:12:864,-52.680687,-39.925436,20,11.757229,4.99,0.42,4,4,(rownum 950)
12/01/2007,10:25:01:56,-52.672418,-39.99948,20,1.196847,-0.19,0.42,5,5,(rownum 951)
12/01/2007,10:42:36:864,-52.673495,-39.998125,20,7.721155,-0.93,-0.51,6,6,(rownum 954)
12/01/2007,10:57:00:0,-52.674644,-40.001478,20,5.63432,0.92,0.41,7,7,(rownum 955)
12/01/2007,11:13:00:768,-52.676222,-40.005032,20,9.059701,-0.76,-0.35,6,6,(rownum 957)
12/01/2007,11:28:13:152,-52.677521,-40.007885,20,9.427885,0.43,0.08,6,6,(rownum 958)
12/01/2007,11:44:24:288,-52.680111,-40.014158,20,19.163562,0.68,0.76,8,8,(rownum 960)
12/01/2007,11:59:28:32,-52.676235,-40.026541,20,12.640377,-0.26,0.5,8,8,(rownum 961)
12/01/2007,12:15:01:152,-52.674053,-40.042762,20,8.000117,0.44,0.5,5,5,(rownum 963)
12/01/2007,13:24:03:168,-52.655732,-40.103774,20,25.498226,-0.52,-0.02,8,8,(rownum 976)
12/01/2007,13:39:16:416,-52.653492,-40.120755,20,5.091708,0.52,-0.02,5,5,(rownum 977)
12/01/2007,13:55:41:376,-52.644706,-40.136279,20,22.098295,0.15,0.13,8,8,(rownum 979)
12/01/2007,14:10:07:968,-52.637267,-40.144259,20,16.322923,-0.29,-0.16,6,6,(rownum 980)
12/01/2007,14:27:42:48,-52.634264,-40.143728,20,15.490622,0.78,0.62,8,8,(rownum 983)
12/01/2007,14:43:03:72,-52.633336,-40.1426,20,6.232093,-0.38,0.62,5,5,(rownum 985)
12/01/2007,15:16:56:64,-52.62187,-40.149077,20,7.891899,0.34,0.62,5,5,(rownum 990)
12/01/2007,15:31:13:152,-52.623418,-40.152405,20,5.455923,-0.69,-0.07,6,6,(rownum 991)
12/01/2007,15:48:37:728,-52.624666,-40.157908,20,20.536608,-0.37,-0.44,8,8,(rownum 994)
12/01/2007,16:06:19:584,-52.62557,-40.161002,20,8.46909,1,0.56,6,6,(rownum 996)
12/01/2007,16:37:31:872,-52.624177,-40.164477,20,7.239373,-1.25,-0.69,7,7,(rownum 998)
12/01/2007,16:52:26:112,-52.616153,-40.166767,20,0.923535,0.95,-0.69,4,4,(rownum 999)
12/01/2007,17:07:08:256,-52.605965,-40.164426,20,15.172015,0.81,0.12,6,6,(rownum 1000)
12/01/2007,17:22:06:816,-52.59584,-40.164788,20,17.500432,-0.64,0.12,5,6,(rownum 1001)
12/01/2007,17:39:07:200,-52.591719,-40.160072,20,9.942283,-0.07,0.05,6,6,(rownum 1004)
12/01/2007,18:13:35:616,-52.588054,-40.148281,20,2.232676,-0.17,-0.12,6,6,(rownum 1010)
12/01/2007,18:29:07:872,-52.583199,-40.140764,20,25.890735,-0.41,-0.53,6,6,(rownum 1012)
12/01/2007,18:45:06:48,-52.57653,-40.135749,20,1.17516,1.15,-0.53,5,5,(rownum 1014)
12/01/2007,19:00:01:152,-52.5705,-40.132598,20,0.787765,1.19,-0.53,4,4,(rownum 1015)
12/01/2007,19:17:26:592,-52.560894,-40.125535,20,25.709887,1.07,0.54,7,8,(rownum 1018)
12/01/2007,20:11:03:264,-52.531439,-40.111538,20,0.449096,-0.63,0.54,4,4,(rownum 1030)
12/01/2007,20:26:34:656,-52.520734,-40.109877,20,0.420764,-0.91,0.54,4,4,(rownum 1031)
12/01/2007,20:41:09:24,-52.51665,-40.112115,20,0.581887,0.14,0.54,4,4,(rownum 1032)
12/01/2007,21:14:24:864,-52.492845,-40.123372,20,0.661558,-0.84,0.54,4,4,(rownum 1037)
12/01/2007,21:29:13:56,-52.481728,-40.125055,20,11.816821,-0.36,0.18,6,6,(rownum 1038)
12/01/2007,21:44:32:352,-52.468332,-40.131617,20,4.082018,0.42,0.6,6,6,(rownum 1039)
12/01/2007,21:59:10:176,-52.457237,-40.13757,20,9.162002,0.25,0.6,5,5,(rownum 1040)
12/01/2007,22:17:10:176,-52.4477,-40.137018,20,3.550489,0.23,0.6,5,5,(rownum 1044)
12/01/2007,23:25:54:912,-52.397537,-40.174896,20,15.744308,-0.76,-0.16,7,7,(rownum 1054)
12/01/2007,23:42:19:872,-52.386584,-40.181025,20,3.299501,-0.07,-0.16,5,5,(rownum 1057)
13/01/2007,00:00:12:960,-52.371643,-40.173431,20,15.047186,0.19,0.03,8,8,(rownum 1061)
13/01/2007,00:15:57:312,-52.368492,-40.174497,20,9.857056,0.04,0.07,6,6,(rownum 1062)
13/01/2007,00:52:57:792,-52.366396,-40.179375,20,10.963232,-0.41,-0.34,7,7,(rownum 1067)
13/01/2007,01:26:29:184,-52.359876,-40.18193,20,3.378531,0.42,-0.34,5,5,(rownum 1073)
13/01/2007,01:41:43:296,-52.360747,-40.185948,20,24.226942,0.98,0.64,8,8,(rownum 1074)
13/01/2007,01:58:03:72,-52.361427,-40.189069,20,19.86131,0.04,0.68,8,8,(rownum 1075)
13/01/2007,02:18:17:856,-52.362251,-40.193642,20,15.775954,-0.85,-0.17,8,8,(rownum 1079)
13/01/2007,02:34:22:80,-52.36299,-40.194437,20,24.779445,0.91,0.74,8,8,(rownum 1081)
13/01/2007,03:15:19:296,-52.364448,-40.197971,20,14.024533,-0.23,0.51,6,6,(rownum 1088)
13/01/2007,03:30:55:872,-52.366327,-40.201516,20,13.797365,-0.91,-0.4,8,8,(rownum 1089)
13/01/2007,03:45:39:744,-52.450361,-40.231934,20,2.571473,4.41,-0.4,4,4,(rownum 1090)
13/01/2007,04:05:17:376,-52.369501,-40.205759,20,14.855775,0.97,0.57,7,7,(rownum 1094)
13/01/2007,04:21:00:864,-52.371826,-40.208021,20,13.357265,-1.2,-0.63,8,8,(rownum 1095)
13/01/2007,04:59:18:240,-52.374809,-40.210042,20,29.543506,1,0.37,7,7,(rownum 1100)
13/01/2007,05:15:27:648,-52.3768,-40.209849,20,16.700548,-0.01,0.36,6,6,(rownum 1101)
13/01/2007,05:30:13:248,-52.378463,-40.211886,20,26.233747,0.25,0.61,8,8,(rownum 1102)
13/01/2007,06:03:05:760,-52.379852,-40.208112,20,6.822297,-0.25,0.36,8,8,(rownum 1107)
13/01/2007,06:18:12:96,-52.379648,-40.203973,20,15.095188,-0.03,0.33,7,7,(rownum 1108)
13/01/2007,06:33:19:296,-52.381657,-40.203634,20,22.864763,-0.08,0.25,6,6,(rownum 1109)
13/01/2007,06:49:44:256,-52.384219,-40.202286,20,18.468664,-0.02,0.23,7,7,(rownum 1111)
13/01/2007,07:42:10:80,-52.384641,-40.188678,20,28.423883,0.95,1.18,8,8,(rownum 1121)
13/01/2007,08:16:05:664,-52.385738,-40.183637,20,17.699882,-1.06,0.12,6,6,(rownum 1126)
13/01/2007,08:31:05:952,-52.385452,-40.182417,20,8.572134,-0.74,0.12,5,5,(rownum 1127)
13/01/2007,08:49:17:184,-52.384824,-40.182977,20,8.778741,0.87,0.99,6,6,(rownum 1131)
13/01/2007,09:43:14:592,-52.38864,-40.175304,20,0.088594,-0.53,0.99,4,4,(rownum 1140)
13/01/2007,11:14:28:896,-52.387145,-40.164498,20,21.331479,-1.29,0.99,5,5,(rownum 1158)
13/01/2007,11:29:09:312,-52.386489,-40.171293,20,5.70735,-0.43,0.56,6,6,(rownum 1159)
13/01/2007,11:50:06:432,-52.38579,-40.171965,20,12.062539,0.03,0.59,8,8,(rownum 1163)
13/01/2007,12:07:28:416,-52.384414,-40.172921,20,9.846478,-0.15,0.59,5,5,(rownum 1165)
13/01/2007,12:22:16:608,-52.382936,-40.179825,20,13.646076,-0.76,-0.17,8,8,(rownum 1166)
13/01/2007,12:40:33:24,-52.384055,-40.186957,20,19.595084,1.29,1.12,8,8,(rownum 1170)
13/01/2007,12:58:03:648,-52.382714,-40.195765,20,21.583706,-1.09,0.03,6,6,(rownum 1173)
13/01/2007,13:14:04:416,-52.38028,-40.202272,20,29.086368,0.59,0.62,6,6,(rownum 1175)
13/01/2007,13:29:15:936,-52.377469,-40.204165,20,25.497874,-0.39,0.23,8,8,(rownum 1176)
13/01/2007,13:47:02:976,-52.370692,-40.221474,20,0.935853,-1.56,0.23,5,5,(rownum 1180)
13/01/2007,14:02:07:584,-52.373156,-40.213086,20,0.633267,0.35,0.23,4,4,(rownum 1181)
13/01/2007,14:17:43:296,-52.371454,-40.21723,20,15.654726,0.3,0.53,6,6,(rownum 1182)
13/01/2007,15:22:20:64,-52.37344,-40.234542,20,20.809397,0.39,0.92,7,7,(rownum 1185)
13/01/2007,16:13:01:344,-52.392997,-40.227962,20,26.130369,-0.05,0.87,8,8,(rownum 1194)
13/01/2007,16:28:04:224,-52.40165,-40.220544,20,14.202285,-0.02,0.85,7,7,(rownum 1195)
13/01/2007,16:43:08:832,-52.410632,-40.211922,20,4.878536,-1.23,0.85,5,5,(rownum 1196)
13/01/2007,17:00:02:304,-52.416604,-40.197944,20,19.471595,-0.56,0.29,7,7,(rownum 1199)
13/01/2007,17:17:27:744,-52.422513,-40.183163,20,4.824849,-0.37,-0.08,6,7,(rownum 1201)
13/01/2007,17:32:17:664,-52.41966,-40.181405,20,0.536753,0.83,-0.08,4,5,(rownum 1202)
13/01/2007,17:47:30:912,-52.419141,-40.185158,20,15.970061,0.41,0.33,6,6,(rownum 1203)
13/01/2007,18:02:21:696,-52.415068,-40.187815,20,26.954235,0.34,0.67,7,7,(rownum 1204)
13/01/2007,18:25:37:56,-52.416897,-40.188709,20,19.526619,0.15,0.67,5,5,(rownum 1207)
13/01/2007,18:41:41:280,-52.420411,-40.18781,20,18.625105,0.31,0.98,6,6,(rownum 1208)
13/01/2007,18:58:03:648,-52.421786,-40.185855,20,27.973757,-0.43,0.55,6,6,(rownum 1211)
13/01/2007,19:13:22:80,-52.423639,-40.181948,20,17.518473,0.38,0.93,6,6,(rownum 1212)
13/01/2007,19:28:56:928,-52.42522,-40.181677,20,20.840489,-1.24,-0.31,7,7,(rownum 1213)
13/01/2007,19:45:36:576,-52.42776,-40.179667,20,23.324914,0.97,0.66,7,7,(rownum 1215)
13/01/2007,20:06:06:48,-52.42985,-40.179465,20,12.416366,0.41,1.07,6,6,(rownum 1219)
13/01/2007,20:21:03:744,-52.431417,-40.179506,20,13.390592,-0.67,1.07,5,5,(rownum 1220)
13/01/2007,20:39:20:160,-52.43056,-40.174927,20,15.406572,-0.45,0.62,8,8,(rownum 1224)
13/01/2007,21:15:17:568,-52.426708,-40.163926,20,6.977618,-0.57,0.62,5,5,(rownum 1226)
13/01/2007,21:32:00:672,-52.427671,-40.162564,20,3.182592,-0.01,0.62,5,5,(rownum 1229)
13/01/2007,22:05:24:288,-52.434647,-40.17202,20,19.045287,-0.06,0.56,6,6,(rownum 1234)
13/01/2007,22:22:20:352,-52.438237,-40.169351,20,3.442618,0.43,0.99,6,6,(rownum 1237)
13/01/2007,22:54:06:336,-52.43791,-40.166655,20,13.897522,0.13,0.99,5,5,(rownum 1239)
13/01/2007,23:09:04:896,-52.437152,-40.16865,20,9.202949,-1.16,-0.17,6,6,(rownum 1240)
13/01/2007,23:25:16:896,-52.438307,-40.16711,20,1.999348,0.34,-0.17,5,5,(rownum 1241)
13/01/2007,23:43:26:400,-52.438749,-40.166725,20,9.986365,0.54,0.37,6,8,(rownum 1244)
13/01/2007,23:59:22:848,-52.439239,-40.166333,20,6.568912,-0.45,-0.08,7,7,(rownum 1245)
14/01/2007,00:35:34:80,-52.4389,-40.163408,20,14.544935,1.4,1.32,6,6,(rownum 1250)
14/01/2007,00:58:15:744,-52.438206,-40.163934,20,27.5317,-1.23,0.09,8,8,(rownum 1254)
14/01/2007,01:51:10:944,-52.394411,-40.179321,20,27.54355,0.02,0.11,7,7,(rownum 1265)
14/01/2007,02:09:08:352,-52.377958,-40.187142,20,15.609129,1.02,1.13,6,6,(rownum 1269)
14/01/2007,03:00:25:56,-52.366537,-40.244673,20,7.544803,0.11,1.13,5,5,(rownum 1278)
14/01/2007,03:18:19:872,-52.366358,-40.242765,20,16.218374,-0.91,0.22,8,8,(rownum 1280)
14/01/2007,03:35:47:904,-52.367484,-40.243735,20,27.20651,0.08,0.3,8,8,(rownum 1281)
14/01/2007,04:05:13:56,-52.367111,-40.242697,20,7.72669,0.43,0.3,5,6,(rownum 1283)
14/01/2007,04:21:07:776,-52.367305,-40.237927,20,6.661993,0.61,0.91,6,6,(rownum 1284)
14/01/2007,04:37:38:784,-52.369948,-40.243672,20,13.411048,-0.68,0.23,8,8,(rownum 1285)
14/01/2007,04:53:41:280,-52.370994,-40.24251,20,21.844577,0.29,0.52,7,8,(rownum 1286)
14/01/2007,05:08:47:616,-52.37242,-40.244647,20,14.185721,-0.28,0.24,8,8,(rownum 1287)
14/01/2007,05:23:33:216,-52.373666,-40.243206,20,20.361865,0.7,0.94,8,8,(rownum 1288)
14/01/2007,05:40:31:8,-52.374146,-40.245092,20,15.656851,0.07,1.01,7,7,(rownum 1290)
14/01/2007,05:55:01:920,-52.375084,-40.244569,20,20.548553,-1.31,-0.3,7,7,(rownum 1291)
14/01/2007,06:10:12:576,-52.377972,-40.247919,20,11.802794,0.46,0.16,8,8,(rownum 1292)
14/01/2007,06:25:09:408,-52.380174,-40.250603,20,14.370588,0.29,0.45,7,7,(rownum 1293)
14/01/2007,06:42:31:392,-52.38281,-40.253575,20,21.509997,0.64,1.09,6,6,(rownum 1296)
14/01/2007,06:59:11:904,-52.385045,-40.255023,20,13.17603,-0.48,0.61,8,8,(rownum 1298)
14/01/2007,07:17:02:400,-52.38712,-40.257777,20,13.86185,-0.2,0.41,6,6,(rownum 1302)
14/01/2007,07:32:07:8,-52.389253,-40.261122,20,0.106934,0.67,0.41,4,4,(rownum 1303)
14/01/2007,07:48:06:48,-52.392571,-40.261367,20,13.625393,0.44,0.85,7,8,(rownum 1305)
14/01/2007,08:04:06:816,-52.395141,-40.262699,20,4.288519,-0.45,0.85,5,5,(rownum 1307)
14/01/2007,08:22:07:680,-52.397928,-40.258946,20,11.278829,-0.27,0.58,6,6,(rownum 1310)
14/01/2007,08:58:37:56,-52.405054,-40.251042,20,7.801972,0.22,0.8,7,7,(rownum 1317)
14/01/2007,09:33:21:24,-52.412077,-40.248382,20,0.808864,0.31,0.8,4,4,(rownum 1323)
14/01/2007,09:48:08:352,-52.416253,-40.249985,20,5.865944,0.37,1.17,7,7,(rownum 1324)
14/01/2007,10:04:20:352,-52.418502,-40.25159,20,22.617088,-0.87,0.3,8,8,(rownum 1326)
14/01/2007,10:19:00:768,-52.419433,-40.252791,20,0.241772,-0.03,0.3,4,4,(rownum 1327)
14/01/2007,10:34:00:192,-52.422195,-40.250201,20,0.24297,1.18,0.3,4,4,(rownum 1328)
14/01/2007,10:49:01:344,-52.422508,-40.252603,20,15.233816,0.2,0.5,8,8,(rownum 1329)
14/01/2007,11:05:01:248,-52.423887,-40.253086,20,14.426571,0.08,0.58,7,7,(rownum 1331)
14/01/2007,11:20:04:128,-52.424877,-40.253283,20,11.637943,0.35,0.93,6,6,(rownum 1332)
14/01/2007,11:36:04:32,-52.427347,-40.252983,20,11.11513,-0.14,0.79,7,7,(rownum 1334)
14/01/2007,12:11:01:824,-52.433504,-40.252295,20,2.525758,-0.72,0.07,8,8,(rownum 1340)
14/01/2007,12:26:00:384,-52.436595,-40.251422,20,11.192982,0.79,0.86,7,7,(rownum 1341)
14/01/2007,12:42:01:152,-52.439661,-40.25304,20,19.833873,-0.36,0.5,8,8,(rownum 1343)
14/01/2007,13:35:13:632,-52.432923,-40.254892,20,0.193082,-0.1,0.5,4,4,(rownum 1352)
14/01/2007,13:50:07:872,-52.426785,-40.256902,20,20.366904,-0.31,0.19,6,6,(rownum 1353)
14/01/2007,14:07:18:624,-52.423088,-40.267534,20,23.400877,0.56,0.75,7,7,(rownum 1356)
14/01/2007,14:22:09:408,-52.420511,-40.280958,20,15.418124,-0.06,0.69,8,8,(rownum 1357)
14/01/2007,14:37:58:944,-52.418594,-40.285202,20,23.686281,-0.67,0.02,7,7,(rownum 1358)
14/01/2007,14:53:07:8,-52.419865,-40.300435,20,6.038037,1.42,1.44,6,6,(rownum 1360)
14/01/2007,15:08:04:704,-52.41933,-40.308987,20,15.35937,-1.3,0.14,6,6,(rownum 1361)
14/01/2007,15:24:04:608,-52.412977,-40.324741,20,8.564693,-0.07,0.14,5,5,(rownum 1363)
14/01/2007,15:39:30:816,-52.40801,-40.338036,20,7.549515,0.27,0.41,8,8,(rownum 1364)
14/01/2007,15:55:26:400,-52.413329,-40.350255,20,1.595271,-0.1,0.41,4,4,(rownum 1366)
14/01/2007,16:15:37:728,-52.423828,-40.351288,20,6.837301,-0.21,0.41,5,5,(rownum 1370)
14/01/2007,16:30:35:424,-52.422903,-40.335126,20,18.893207,0,0.41,5,5,(rownum 1371)
14/01/2007,17:04:32:736,-52.437638,-40.31036,20,22.837916,-0.26,0.15,7,8,(rownum 1376)
14/01/2007,17:20:17:88,-52.443443,-40.300391,20,0.311393,0.83,0.15,4,4,(rownum 1378)
14/01/2007,17:36:10:80,-52.450576,-40.295634,20,1.133619,0.82,0.15,5,5,(rownum 1380)
14/01/2007,17:52:16:896,-52.459688,-40.284766,20,27.085518,0.17,0.32,7,7,(rownum 1382)
14/01/2007,18:07:01:632,-52.462486,-40.275528,20,18.816358,0.39,0.71,8,8,(rownum 1383)
14/01/2007,18:25:05:88,-52.462367,-40.276149,20,12.561672,0.35,1.06,7,7,(rownum 1386)
14/01/2007,18:41:48:192,-52.463733,-40.277965,20,16.763074,0.22,1.28,8,8,(rownum 1387)
14/01/2007,18:56:59:712,-52.466028,-40.267925,20,0.150892,-0.39,1.28,4,4,(rownum 1389)
14/01/2007,19:15:10:944,-52.469808,-40.265129,20,0.269523,-1.3,1.28,4,4,(rownum 1393)
14/01/2007,19:30:06:912,-52.473765,-40.252131,20,0.94568,-0.38,1.28,4,4,(rownum 1394)
14/01/2007,19:45:57:312,-52.481204,-40.258046,20,0.233802,-0.01,1.28,4,4,(rownum 1395)
14/01/2007,20:02:13:632,-52.487127,-40.256816,20,21.749025,-1,0.28,6,6,(rownum 1396)
14/01/2007,20:20:37:824,-52.50036,-40.241457,20,12.47445,-0.41,0.28,4,4,(rownum 1399)
14/01/2007,20:37:20:928,-52.502113,-40.245505,20,1.400564,0.14,0.28,4,5,(rownum 1401)
14/01/2007,20:54:04:32,-52.509166,-40.234168,20,3.290383,1.01,1.29,6,6,(rownum 1404)
14/01/2007,21:10:30:720,-52.517176,-40.227871,20,9.375312,-0.96,0.33,6,6,(rownum 1406)
14/01/2007,21:29:14:784,-52.524848,-40.218637,20,6.117442,-0.25,0.33,5,5,(rownum 1410)
14/01/2007,21:45:13:824,-52.531393,-40.211202,20,22.662175,-0.38,0.33,5,5,(rownum 1412)
14/01/2007,22:01:06:816,-52.532688,-40.208821,20,18.449279,-0.3,0.03,7,7,(rownum 1413)
14/01/2007,23:02:28:320,-52.535315,-40.206288,20,24.413575,1.32,1.35,6,6,(rownum 1424)
14/01/2007,23:24:21:600,-52.536254,-40.208538,20,15.060543,-0.89,1.35,5,5,(rownum 1427)
14/01/2007,23:42:31:968,-52.53691,-40.209388,20,6.454661,-0.64,0.71,7,7,(rownum 1429)
14/01/2007,23:59:06:432,-52.538051,-40.209817,20,25.332316,0.54,1.25,8,8,(rownum 1431)
15/01/2007,00:18:35:424,-52.539444,-40.213175,20,21.361823,-0.09,1.16,8,8,(rownum 1434)
15/01/2007,00:38:49:344,-52.541734,-40.211456,20,19.178336,0.08,1.24,6,6,(rownum 1438)
15/01/2007,00:55:03:72,-52.543089,-40.211358,20,12.59809,0.21,1.45,8,8,(rownum 1439)
15/01/2007,01:11:22:848,-52.545377,-40.212859,20,10.032206,-0.79,0.66,6,6,(rownum 1441)
15/01/2007,01:25:59:808,-52.546442,-40.213646,20,12.790516,-0.06,0.6,8,8,(rownum 1442)
15/01/2007,01:41:51:72,-52.548107,-40.211527,20,19.41951,1.03,1.63,8,8,(rownum 1443)
15/01/2007,01:58:15:168,-52.548247,-40.207358,20,15.405001,-0.21,1.42,8,8,(rownum 1445)
15/01/2007,02:16:22:80,-52.548758,-40.209,20,7.70913,-0.42,1,7,7,(rownum 1448)
15/01/2007,02:32:13:344,-52.551102,-40.205484,20,24.965035,0.4,1.4,8,8,(rownum 1449)
15/01/2007,02:47:56:832,-52.551466,-40.204222,20,15.882971,-0.89,0.51,8,8,(rownum 1450)
15/01/2007,03:04:37:344,-52.552334,-40.200882,20,9.856679,0.76,1.27,8,8,(rownum 1451)
15/01/2007,03:40:52:896,-52.552655,-40.197887,20,16.183684,-0.96,0.31,6,6,(rownum 1455)
15/01/2007,03:55:18:624,-52.552607,-40.195375,20,22.631542,0.46,0.77,8,8,(rownum 1456)
15/01/2007,04:11:07:296,-52.553225,-40.195752,20,25.089627,0.1,0.87,7,7,(rownum 1457)
15/01/2007,04:25:59:808,-52.55312,-40.193721,20,15.419067,-0.67,0.2,6,6,(rownum 1458)
15/01/2007,04:42:04:32,-52.553446,-40.192832,20,15.652358,1.42,1.62,8,8,(rownum 1459)
15/01/2007,04:59:24:288,-52.552575,-40.191179,20,17.473614,-0.53,1.09,8,8,(rownum 1461)
15/01/2007,05:14:02:976,-52.55229,-40.189789,20,24.953279,-1.08,0.01,8,8,(rownum 1462)
15/01/2007,05:29:15:360,-52.551853,-40.187973,20,19.889563,1.04,1.05,8,8,(rownum 1463)
15/01/2007,06:00:16:416,-52.552178,-40.18569,20,12.901773,-0.2,0.85,8,8,(rownum 1465)
15/01/2007,06:15:01:152,-52.552941,-40.182919,20,16.016246,0.33,0.85,5,5,(rownum 1466)
15/01/2007,06:31:13:152,-52.559977,-40.178703,20,9.873929,0.1,0.95,6,6,(rownum 1468)
15/01/2007,06:46:29:856,-52.565134,-40.175021,20,7.693546,-0.47,0.95,5,5,(rownum 1469)
15/01/2007,07:01:05:88,-52.569596,-40.172857,20,0.572397,0.13,0.95,4,4,(rownum 1470)
15/01/2007,07:35:21:408,-52.577742,-40.168488,20,13.494694,0.1,0.95,5,5,(rownum 1476)
15/01/2007,07:50:34:656,-52.580717,-40.168581,20,21.430366,-0.39,0.56,6,7,(rownum 1477)
15/01/2007,08:08:28:608,-52.582644,-40.16694,20,15.766378,-0.27,0.29,6,6,(rownum 1481)
15/01/2007,08:43:26:400,-52.586121,-40.163867,20,14.430068,0.87,1.16,7,7,(rownum 1487)
15/01/2007,09:01:05:664,-52.588108,-40.161302,20,4.930772,-0.36,1.16,5,5,(rownum 1491)
15/01/2007,09:16:11:136,-52.592646,-40.159499,20,2.018895,0.54,1.7,7,8,(rownum 1492)
15/01/2007,09:31:02:784,-52.598065,-40.158364,20,12.655857,-1.28,1.7,5,5,(rownum 1493)
15/01/2007,09:47:01:824,-52.603501,-40.158407,20,5.760509,-0.74,1.7,5,5,(rownum 1495)
15/01/2007,10:02:10:752,-52.609429,-40.158155,20,3.798969,-1.38,0.32,6,6,(rownum 1496)
15/01/2007,10:17:15:360,-52.614655,-40.158486,20,0.084751,1.19,0.32,4,4,(rownum 1497)
15/01/2007,10:32:01:824,-52.621775,-40.1606,20,24.324111,0.31,0.32,5,5,(rownum 1498)
15/01/2007,10:48:19:872,-52.629146,-40.161388,20,14.720697,0.33,0.65,6,6,(rownum 1500)
15/01/2007,11:04:06:816,-52.636228,-40.164347,20,0.4397,0.02,0.65,4,4,(rownum 1502)
15/01/2007,11:20:32:640,-52.644205,-40.16692,20,0.225231,-0.14,0.65,4,4,(rownum 1504)
15/01/2007,11:37:00:192,-52.653058,-40.164673,20,28.56661,0.34,0.99,8,8,(rownum 1507)
15/01/2007,11:54:10:944,-52.66357,-40.16375,20,22.068075,-0.52,0.47,7,7,(rownum 1510)
15/01/2007,12:09:17:280,-52.674065,-40.1618,20,20.916375,0.85,1.32,8,8,(rownum 1511)
15/01/2007,12:39:04:32,-52.697212,-40.156088,20,14.825042,0.1,1.42,7,7,(rownum 1513)
15/01/2007,12:54:11:232,-52.710003,-40.154455,20,9.028697,-0.46,1.42,5,5,(rownum 1514)
15/01/2007,13:09:22:752,-52.719656,-40.157613,20,2.875712,-0.77,0.65,6,6,(rownum 1515)
15/01/2007,13:24:04:32,-52.731156,-40.155026,20,5.115936,0.27,0.92,7,7,(rownum 1516)
15/01/2007,13:40:03:936,-52.746464,-40.148699,20,6.642,-0.61,0.92,5,5,(rownum 1518)
15/01/2007,13:55:41:376,-52.760363,-40.151382,20,0.648884,-0.15,0.92,4,4,(rownum 1519)
15/01/2007,14:11:12:768,-52.773433,-40.149145,20,13.676549,-0.32,0.6,6,6,(rownum 1520)
15/01/2007,14:46:05:376,-52.80144,-40.138589,20,17.438662,0.05,0.65,6,6,(rownum 1526)
15/01/2007,15:02:43:296,-52.802367,-40.142117,20,7.323759,0.74,0.65,5,5,(rownum 1527)
15/01/2007,15:18:26:784,-52.816402,-40.138986,20,17.985233,-0.23,0.42,8,8,(rownum 1529)
15/01/2007,15:33:13:248,-52.831195,-40.133196,20,10.445766,0.91,1.33,6,6,(rownum 1530)
15/01/2007,16:04:05:664,-52.861514,-40.125774,20,1.643108,-0.73,1.33,4,4,(rownum 1533)
15/01/2007,16:22:03:72,-52.870176,-40.122551,20,5.497566,-0.31,1.33,5,5,(rownum 1535)
15/01/2007,16:37:58:656,-52.872248,-40.128959,20,0.146939,-1.06,1.33,4,4,(rownum 1536)
15/01/2007,16:55:06:816,-52.875191,-40.07242,20,19.259709,3.3,1.33,4,4,(rownum 1538)
15/01/2007,17:10:02:784,-52.888269,-40.120897,20,0.374965,-0.89,1.33,4,4,(rownum 1539)
15/01/2007,18:43:31:8,-52.92872,-40.115689,20,0.294037,-0.3,1.33,4,5,(rownum 1553)
15/01/2007,19:19:56:928,-52.939716,-40.113296,20,12.390031,-0.91,1.33,4,4,(rownum 1558)
15/01/2007,19:36:28:800,-52.939537,-40.109311,20,1.602842,-0.56,1.33,5,5,(rownum 1560)
15/01/2007,19:52:07:104,-52.94197,-40.108431,20,3.106005,0.27,1.6,6,6,(rownum 1561)
15/01/2007,20:07:28:128,-52.942174,-40.10733,20,11.56407,-0.5,1.1,6,6,(rownum 1562)
15/01/2007,20:22:57:792,-52.942151,-40.107193,20,1.54809,-0.09,1.1,4,4,(rownum 1563)
15/01/2007,20:38:40:416,-52.943342,-40.105738,20,9.91446,0.18,1.28,6,7,(rownum 1564)
15/01/2007,20:55:26:976,-52.942528,-40.103647,20,27.438708,-0.54,1.28,5,6,(rownum 1566)
15/01/2007,21:29:01:824,-52.956847,-40.084045,20,0.564898,-1.06,1.28,4,4,(rownum 1572)
15/01/2007,21:44:07:296,-52.966171,-40.067544,20,2.877035,-0.22,1.28,5,5,(rownum 1573)
15/01/2007,21:59:00:672,-52.974393,-40.051368,20,10.05285,-0.2,1.28,5,5,(rownum 1574)
15/01/2007,22:17:17:88,-52.978063,-40.039393,20,13.902555,0.1,1.28,5,5,(rownum 1576)
15/01/2007,22:35:25:728,-52.974194,-40.036663,20,26.361454,-0.33,0.95,7,7,(rownum 1579)
15/01/2007,22:50:00:96,-52.982763,-40.021707,20,21.370954,0.61,0.95,5,5,(rownum 1580)
15/01/2007,23:05:03:840,-52.992443,-40.003496,20,20.290076,-0.2,0.75,8,8,(rownum 1581)
16/01/2007,00:19:39:360,-53.03451,-39.924891,20,6.478201,0.47,0.75,5,5,(rownum 1594)
16/01/2007,01:08:04:128,-53.048504,-39.892626,20,10.39352,0.75,1.5,7,7,(rownum 1600)
16/01/2007,01:27:52:128,-53.046024,-39.893339,20,16.970809,0.15,1.65,8,8,(rownum 1603)
16/01/2007,01:43:20:928,-53.059718,-39.86828,20,2.93535,-0.73,1.65,4,4,(rownum 1605)
16/01/2007,02:19:34:752,-53.06628,-39.858267,20,24.232351,-1.02,0.63,8,8,(rownum 1611)
16/01/2007,02:35:27:744,-53.069748,-39.849667,20,17.090187,0.05,0.68,8,8,(rownum 1613)
16/01/2007,02:54:04:32,-53.068887,-39.850798,20,7.195606,1.01,0.68,5,5,(rownum 1616)
16/01/2007,03:10:35:904,-53.06606,-39.851512,20,12.914129,-0.1,0.58,8,8,(rownum 1618)
16/01/2007,03:30:49:824,-53.063334,-39.854925,20,22.648552,0.53,1.11,7,7,(rownum 1622)
16/01/2007,03:47:20:832,-53.06796,-39.847767,20,10.50617,-0.33,0.78,8,8,(rownum 1624)
16/01/2007,04:02:55:680,-53.07205,-39.85034,20,5.099901,0.01,0.78,5,5,(rownum 1625)
16/01/2007,04:39:02:592,-53.087408,-39.832019,20,7.472958,0.16,0.78,5,5,(rownum 1632)
16/01/2007,04:54:26:208,-53.085789,-39.836791,20,20.66644,1.08,1.86,7,7,(rownum 1633)
16/01/2007,05:09:02:304,-53.084589,-39.839307,20,13.563522,-0.08,1.78,7,8,(rownum 1634)
16/01/2007,05:27:56:736,-53.091297,-39.832064,20,7.360157,-0.8,0.98,7,7,(rownum 1636)
16/01/2007,05:44:04:416,-53.105517,-39.823006,20,19.35197,0.38,0.98,5,5,(rownum 1639)
16/01/2007,06:18:59:616,-53.137201,-39.801603,20,20.131651,0.2,1.18,7,7,(rownum 1646)
16/01/2007,06:34:31:8,-53.151154,-39.79377,20,19.232532,0.52,1.18,5,5,(rownum 1647)
16/01/2007,06:49:59:808,-53.165097,-39.784526,20,4.794478,-0.26,0.92,8,8,(rownum 1649)
16/01/2007,07:05:40:704,-53.16639,-39.779612,20,4.370201,0.5,1.42,8,8,(rownum 1650)
16/01/2007,07:20:24:576,-53.164739,-39.778292,20,0.4076,-0.71,1.42,4,4,(rownum 1651)
16/01/2007,07:35:56:832,-53.159474,-39.829633,20,4.346527,-5.1,1.42,4,5,(rownum 1652)
16/01/2007,07:50:52:800,-53.163282,-39.778299,20,11.638807,-0.4,1.02,6,6,(rownum 1653)
16/01/2007,08:07:03:936,-53.161701,-39.776828,20,7.085266,-0.02,1.02,5,5,(rownum 1655)
16/01/2007,08:23:36:672,-53.160804,-39.776056,20,24.552084,0.16,1.18,8,8,(rownum 1656)
16/01/2007,08:38:55:968,-53.164256,-39.771524,20,6.015773,-0.15,1.03,6,8,(rownum 1657)
16/01/2007,08:54:14:400,-53.169635,-39.764103,20,26.362045,0.72,1.75,6,6,(rownum 1659)
16/01/2007,09:27:12:96,-53.184288,-39.752083,20,14.02826,-0.2,1.55,6,6,(rownum 1664)
16/01/2007,09:43:09:408,-53.192113,-39.743701,20,8.750117,-0.43,1.55,5,5,(rownum 1666)
16/01/2007,10:01:01:632,-53.200631,-39.739196,20,15.474721,-0.03,1.55,5,5,(rownum 1670)
16/01/2007,10:17:06:720,-53.210801,-39.732428,20,29.644455,-0.85,0.7,6,6,(rownum 1672)
16/01/2007,10:32:05:280,-53.21889,-39.731293,20,5.526549,1.24,0.7,5,5,(rownum 1673)
16/01/2007,11:07:37:632,-53.229243,-39.722816,20,7.459834,0.18,0.7,5,5,(rownum 1680)
16/01/2007,11:40:03:360,-53.256498,-39.70058,20,10.588684,0.37,1.07,8,8,(rownum 1685)
16/01/2007,14:14:10:752,-53.398739,-39.658676,20,17.675512,0.32,1.07,5,5,(rownum 1710)
16/01/2007,14:31:35:328,-53.416218,-39.653075,20,13.876556,0.11,1.18,7,7,(rownum 1712)
16/01/2007,14:46:44:256,-53.425383,-39.64857,20,0.427208,-0.11,1.18,4,4,(rownum 1713)
16/01/2007,15:02:00:960,-53.424373,-39.649669,20,16.852838,-0.79,0.39,8,8,(rownum 1714)
16/01/2007,15:23:12:768,-53.422579,-39.651638,20,17.506754,0.69,1.08,8,8,(rownum 1718)
16/01/2007,15:38:40:704,-53.42142,-39.65425,20,0.420331,0.37,1.08,4,4,(rownum 1719)
16/01/2007,15:53:59:136,-53.419811,-39.65436,20,15.662681,0.12,1.2,7,7,(rownum 1720)
16/01/2007,16:25:20:928,-53.424371,-39.654831,20,25.251473,0.1,1.3,7,7,(rownum 1722)
16/01/2007,16:40:03:936,-53.432306,-39.650759,20,4.345774,-0.33,1.3,5,5,(rownum 1723)
16/01/2007,16:55:01:632,-53.439052,-39.646062,20,4.391734,-0.02,1.28,6,6,(rownum 1724)
16/01/2007,17:10:01:56,-53.446524,-39.641987,20,10.739496,0.06,1.34,7,7,(rownum 1725)
16/01/2007,17:25:26:400,-53.457721,-39.633072,20,0.249199,0.43,1.34,4,4,(rownum 1726)
16/01/2007,17:42:02:592,-53.470285,-39.625478,20,19.308569,-0.15,1.19,7,7,(rownum 1729)
16/01/2007,17:57:26:208,-53.482776,-39.616164,20,15.530554,0,1.19,8,8,(rownum 1730)
16/01/2007,18:13:03:648,-53.492484,-39.606737,20,21.098626,0.07,1.26,6,6,(rownum 1732)
16/01/2007,18:28:10:848,-53.500792,-39.603979,20,0.528944,-0.08,1.26,4,4,(rownum 1733)
16/01/2007,18:43:09:408,-53.507787,-39.599556,20,7.948858,0.14,1.4,7,7,(rownum 1734)
16/01/2007,18:58:12:288,-53.516885,-39.591273,20,15.257036,0,1.4,5,5,(rownum 1735)
16/01/2007,19:13:10:848,-53.523621,-39.588641,20,2.833709,-0.82,1.4,5,5,(rownum 1736)
16/01/2007,19:48:06:48,-53.53568,-39.583178,20,21.207613,0.39,1.4,5,5,(rownum 1741)
16/01/2007,20:05:34:944,-53.536665,-39.588583,20,5.4168,-0.13,1.27,7,7,(rownum 1743)
16/01/2007,20:20:05:856,-53.543945,-39.585741,20,0.862879,0.06,1.27,4,4,(rownum 1744)
16/01/2007,20:36:29:952,-53.549042,-39.582098,20,17.009052,-0.39,0.88,8,8,(rownum 1745)
16/01/2007,20:51:04:320,-53.549209,-39.585763,20,9.752102,0.9,1.78,8,8,(rownum 1746)
16/01/2007,21:08:21:120,-53.554972,-39.584556,20,3.001877,-0.4,1.78,5,5,(rownum 1749)
16/01/2007,21:24:23:616,-53.567406,-39.573596,20,1.342496,-0.06,1.78,4,4,(rownum 1751)
16/01/2007,21:39:29:88,-53.573554,-39.568118,20,3.27891,-0.04,1.74,8,8,(rownum 1752)
16/01/2007,21:54:07:776,-53.575801,-39.569316,20,4.826082,-0.18,1.56,7,7,(rownum 1753)
16/01/2007,22:09:39:168,-53.577796,-39.57114,20,2.442912,0.35,1.56,5,5,(rownum 1754)
16/01/2007,22:24:55:8,-53.578877,-39.573575,20,11.906583,0.16,1.72,6,6,(rownum 1755)
16/01/2007,22:40:35:40,-53.590861,-39.560929,20,21.895791,0.59,2.31,7,7,(rownum 1756)
16/01/2007,22:54:59:904,-53.601298,-39.548619,20,25.744938,-1.16,1.15,6,6,(rownum 1757)
16/01/2007,23:10:05:376,-53.611411,-39.535283,20,9.050282,-0.08,1.07,6,6,(rownum 1758)
16/01/2007,23:26:32:928,-53.622729,-39.517681,20,20.521887,0.25,1.32,8,8,(rownum 1760)
17/01/2007,00:01:18:624,-53.644172,-39.479531,20,13.137863,0.29,1.61,8,8,(rownum 1767)
17/01/2007,00:16:05:952,-53.654384,-39.460298,20,28.898845,-0.44,1.17,8,8,(rownum 1768)
17/01/2007,00:32:04:992,-53.664887,-39.439734,20,10.346482,-0.15,1.17,5,5,(rownum 1770)
17/01/2007,00:47:31:200,-53.674056,-39.417767,20,19.863831,0.37,1.54,8,8,(rownum 1771)
17/01/2007,01:03:26:784,-53.685392,-39.402057,20,0.065495,-0.84,1.54,4,4,(rownum 1773)
17/01/2007,01:18:04:608,-53.693105,-39.380361,20,3.344885,-0.36,1.54,5,5,(rownum 1774)
17/01/2007,02:09:49:824,-53.731894,-39.31202,20,17.136011,-0.1,1.44,8,8,(rownum 1782)
17/01/2007,02:42:19:872,-53.756565,-39.260997,20,11.03343,-0.85,0.59,8,8,(rownum 1787)
17/01/2007,02:57:59:904,-53.769016,-39.23707,20,7.642804,0.78,1.37,8,8,(rownum 1789)
17/01/2007,03:15:01:152,-53.781542,-39.209283,20,18.859723,0.01,1.38,8,8,(rownum 1792)
17/01/2007,03:49:20:928,-53.805643,-39.150947,20,12.921101,-0.3,1.08,7,7,(rownum 1798)
17/01/2007,04:04:35:904,-53.815414,-39.123967,20,20.463113,-0.03,1.05,8,8,(rownum 1799)
17/01/2007,04:59:30:336,-53.852559,-39.030157,20,16.748255,0.69,1.74,8,8,(rownum 1810)
17/01/2007,05:25:33:312,-53.862175,-39.002227,20,9.274165,-0.12,1.62,8,8,(rownum 1813)
17/01/2007,05:43:20:352,-53.863361,-38.995841,20,2.522344,0.11,1.73,6,6,(rownum 1815)
17/01/2007,06:01:35:40,-53.865341,-38.995656,20,2.631896,0.51,2.24,6,6,(rownum 1817)
17/01/2007,06:16:16:320,-53.866655,-38.994804,20,8.49253,-0.89,1.35,8,8,(rownum 1818)
17/01/2007,06:34:43:968,-53.868925,-38.99294,20,13.355196,-0.11,1.24,6,6,(rownum 1821)
17/01/2007,07:07:00:192,-53.872082,-38.948736,20,20.749814,0.89,2.13,7,7,(rownum 1826)
17/01/2007,07:23:25:152,-53.877071,-38.913854,20,7.867163,-0.65,1.48,7,8,(rownum 1828)
17/01/2007,07:40:02:208,-53.879722,-38.877305,20,13.752385,0.02,1.5,7,7,(rownum 1830)
17/01/2007,07:58:22:80,-53.879299,-38.849122,20,10.108609,0.78,2.28,8,8,(rownum 1834)
17/01/2007,08:16:05:664,-53.880864,-38.81394,20,15.775787,-0.97,1.31,7,7,(rownum 1838)
17/01/2007,08:31:05:88,-53.881294,-38.786259,20,13.472706,0.4,1.71,7,8,(rownum 1839)
17/01/2007,08:49:23:232,-53.88343,-38.753944,20,25.882733,-0.16,1.55,7,7,(rownum 1843)
17/01/2007,09:04:06:240,-53.88367,-38.723801,20,9.168681,0.48,1.55,5,6,(rownum 1844)
17/01/2007,09:19:09:120,-53.882766,-38.701941,20,14.80006,0.1,1.65,7,7,(rownum 1845)
17/01/2007,09:37:36:768,-53.881328,-38.690507,20,5.563848,-0.3,1.35,7,7,(rownum 1846)
17/01/2007,10:27:45:216,-53.875742,-38.607503,20,15.279493,0.22,1.57,8,8,(rownum 1852)
17/01/2007,10:42:03:168,-53.872764,-38.583631,20,0.121597,0.88,1.57,4,4,(rownum 1853)
17/01/2007,11:01:14:880,-53.867085,-38.55384,20,10.485854,-0.2,1.37,8,8,(rownum 1857)
17/01/2007,11:16:11:712,-53.86528,-38.532325,20,4.880752,-0.32,1.37,5,5,(rownum 1858)
17/01/2007,11:30:59:904,-53.864813,-38.510692,20,11.684316,0.02,1.39,7,8,(rownum 1859)
17/01/2007,11:46:02:784,-53.864136,-38.48582,20,10.301874,-0.11,1.28,8,8,(rownum 1860)
17/01/2007,12:01:16:32,-53.864188,-38.460285,20,14.960081,0.97,2.25,6,6,(rownum 1861)
17/01/2007,12:33:03:744,-53.871947,-38.421532,20,14.872844,-0.98,2.25,5,5,(rownum 1865)
17/01/2007,12:48:12:672,-53.878506,-38.390988,20,25.108075,-0.3,1.95,6,6,(rownum 1866)
17/01/2007,13:03:27:648,-53.8881,-38.362163,20,26.457591,-0.4,1.55,8,8,(rownum 1867)
17/01/2007,13:33:00:576,-53.909685,-38.30825,20,7.574277,-0.14,1.55,5,5,(rownum 1869)
17/01/2007,13:48:07:776,-53.924003,-38.286815,20,13.882309,-0.25,1.3,7,7,(rownum 1870)
17/01/2007,14:03:02:880,-53.937046,-38.266316,20,15.134995,0.26,1.56,7,7,(rownum 1871)
17/01/2007,14:20:04:992,-53.949925,-38.238103,20,14.679923,0.02,1.58,6,6,(rownum 1874)
17/01/2007,15:13:01:920,-53.989705,-38.14621,20,17.627713,-0.08,1.58,5,5,(rownum 1884)
17/01/2007,15:30:42:48,-54.005813,-38.110041,20,23.204994,1.1,2.68,6,6,(rownum 1887)
17/01/2007,15:45:12:96,-54.024694,-38.088264,20,16.356864,-0.64,2.04,8,8,(rownum 1888)
17/01/2007,16:01:24:96,-54.01787,-38.060231,20,17.000764,-0.4,1.64,7,7,(rownum 1890)
17/01/2007,16:16:00:192,-54.009168,-38.050659,20,9.028594,0.72,1.64,5,5,(rownum 1891)
17/01/2007,16:30:59:616,-54.008834,-38.050807,20,20.389334,-0.28,1.64,5,5,(rownum 1892)
17/01/2007,16:45:59:904,-54.00903,-38.051064,20,15.276085,-0.1,1.54,7,7,(rownum 1893)
17/01/2007,17:19:00:192,-54.008737,-38.050518,20,1.213787,0.59,1.54,4,4,(rownum 1898)
17/01/2007,17:37:00:192,-54.00859,-38.051045,20,0.317827,0.33,1.54,4,4,(rownum 1902)
17/01/2007,18:09:59:616,-54.007921,-38.049991,20,12.439872,-0.17,1.54,5,5,(rownum 1907)
17/01/2007,18:24:59:904,-54.007611,-38.050521,20,6.361227,0,1.54,5,6,(rownum 1908)
17/01/2007,18:40:00:192,-54.007416,-38.048224,20,9.472317,0.2,1.54,5,5,(rownum 1909)
17/01/2007,18:54:59:616,-54.006855,-38.054002,20,17.621913,-0.2,1.34,7,7,(rownum 1910)
17/01/2007,19:09:59:904,-54.007527,-38.04584,20,0.260091,-0.17,1.34,4,4,(rownum 1911)
17/01/2007,19:25:00:192,-54.007172,-38.050585,20,11.54983,0.6,1.94,6,6,(rownum 1912)
17/01/2007,19:39:59:616,-54.008036,-38.049269,20,4.24254,0.08,1.94,5,5,(rownum 1913)
17/01/2007,19:54:59:904,-54.007645,-38.050285,20,9.467949,-0.85,1.09,6,6,(rownum 1914)
17/01/2007,20:10:00:192,-54.007596,-38.049947,20,11.487703,1.11,2.2,6,6,(rownum 1915)
17/01/2007,20:24:59:616,-54.007721,-38.049855,20,0.258745,-1.04,2.2,4,4,(rownum 1916)
17/01/2007,21:17:00:384,-54.00792,-38.05066,20,0.411466,-0.2,2.2,4,4,(rownum 1926)
17/01/2007,21:33:00:288,-54.007469,-38.051003,20,0.210819,-0.55,2.2,4,4,(rownum 1928)
17/01/2007,21:47:59:712,-54.007652,-38.050389,20,1.755508,-0.54,2.2,5,5,(rownum 1929)
17/01/2007,22:41:59:712,-54.007379,-38.050145,20,1.974855,-0.69,2.2,5,6,(rownum 1941)
17/01/2007,22:57:00:0,-54.006943,-38.049644,20,12.776974,-0.6,2.2,5,5,(rownum 1942)
17/01/2007,23:12:00:288,-54.0072,-38.050341,20,21.860113,-0.56,1.64,6,6,(rownum 1943)
17/01/2007,23:26:59:712,-54.007169,-38.049582,20,13.002496,0.04,1.68,7,8,(rownum 1944)
17/01/2007,23:42:00:0,-54.007533,-38.049662,20,9.650493,-0.02,1.66,6,6,(rownum 1945)
17/01/2007,23:57:00:288,-54.007548,-38.050256,20,17.421629,0.14,1.8,6,7,(rownum 1946)
18/01/2007,00:11:59:712,-54.007841,-38.049919,20,17.655126,-0.09,1.71,6,6,(rownum 1947)
18/01/2007,00:27:59:616,-54.008196,-38.049536,20,9.483714,-0.31,1.71,5,5,(rownum 1949)
18/01/2007,00:42:59:904,-54.008055,-38.049991,20,7.764116,-0.21,1.71,5,5,(rownum 1950)
18/01/2007,00:58:00:192,-54.007426,-38.050089,20,15.046256,0.06,1.77,7,7,(rownum 1951)
18/01/2007,01:12:59:616,-54.008675,-38.05114,20,0.596899,-0.06,1.77,4,4,(rownum 1952)
18/01/2007,01:27:59:904,-54.001784,-38.060267,20,0.231477,-1.17,1.77,4,4,(rownum 1953)
18/01/2007,01:43:00:192,-54.007583,-38.049144,20,10.181534,0.14,1.91,6,6,(rownum 1954)
18/01/2007,01:57:59:616,-54.007821,-38.049705,20,1.015068,-0.04,1.91,4,4,(rownum 1955)
18/01/2007,02:28:00:192,-54.007891,-38.049405,20,10.782981,0.04,1.95,8,8,(rownum 1957)
18/01/2007,02:42:59:616,-54.007804,-38.049917,20,13.340282,-1.02,0.93,8,8,(rownum 1958)
18/01/2007,02:57:59:904,-54.007021,-38.049151,20,22.752264,0.14,1.07,7,7,(rownum 1959)
18/01/2007,03:13:00:192,-54.007887,-38.050371,20,24.483568,1.06,2.13,6,6,(rownum 1960)
18/01/2007,03:42:59:904,-54.007598,-38.049356,20,2.718263,-0.9,1.23,8,8,(rownum 1962)
18/01/2007,03:58:00:192,-54.002059,-38.039903,20,0.40882,1.59,1.23,4,4,(rownum 1963)
18/01/2007,04:12:59:616,-54.007339,-38.05055,20,20.439479,-0.09,1.14,6,6,(rownum 1964)
18/01/2007,04:27:59:904,-54.007396,-38.050215,20,11.929282,0.12,1.26,8,8,(rownum 1965)
18/01/2007,04:43:00:192,-54.007705,-38.049165,20,28.630622,0.14,1.4,7,8,(rownum 1966)
18/01/2007,05:42:59:616,-54.007913,-38.049466,20,17.274486,0.08,1.48,7,8,(rownum 1970)
18/01/2007,07:25:00:192,-54.006407,-38.050595,20,0.178283,0.15,1.48,4,4,(rownum 1988)
18/01/2007,07:39:59:616,-54.001345,-38.041693,20,0.880212,1.25,1.48,4,4,(rownum 1989)
18/01/2007,07:54:59:904,-54.007249,-38.049878,20,16.368833,-0.71,0.77,7,8,(rownum 1990)
18/01/2007,08:24:59:616,-54.007516,-38.050192,20,18.861021,1.02,1.79,7,7,(rownum 1992)
18/01/2007,08:39:59:904,-54.007777,-38.049972,20,17.043354,-0.95,0.84,7,7,(rownum 1993)
18/01/2007,08:55:00:192,-54.007472,-38.049637,20,6.048765,1.13,1.97,6,6,(rownum 1994)
18/01/2007,09:09:59:616,-54.007064,-38.049531,20,15.36448,-1.07,0.9,6,6,(rownum 1995)
18/01/2007,09:24:59:904,-54.007348,-38.049539,20,9.128462,0.11,1.01,6,6,(rownum 1996)
18/01/2007,09:40:59:808,-54.007409,-38.049643,20,6.676575,0.57,1.58,6,6,(rownum 1998)
18/01/2007,09:56:00:96,-54.007273,-38.04962,20,10.594753,0.12,1.58,5,5,(rownum 1999)
18/01/2007,10:11:00:384,-54.007137,-38.049647,20,11.107944,0.24,1.58,5,5,(rownum 2000)
18/01/2007,10:25:59:808,-54.007339,-38.050062,20,10.264887,-0.66,0.92,6,6,(rownum 2001)
18/01/2007,10:41:00:96,-54.006798,-38.049076,20,19.841502,1.13,0.92,5,5,(rownum 2002)
18/01/2007,10:56:00:384,-54.007624,-38.049735,20,22.878321,0.17,1.09,7,7,(rownum 2003)
18/01/2007,11:26:00:96,-54.007941,-38.04997,20,17.631045,1.06,2.15,7,7,(rownum 2005)
18/01/2007,11:41:00:384,-54.007187,-38.049775,20,7.684198,-0.97,1.18,6,6,(rownum 2006)
18/01/2007,11:55:59:808,-54.007106,-38.04828,20,0.365766,-0.15,1.18,4,4,(rownum 2007)
