Date,Time,Latitude,Longitude,Logger ID,Deployment,Altitude,R-Err,C-Err,Total C-Err,Sats Used,# Sats,Duplicates,Notes
03/03/2013,20:10:00,-54.007909,-38.050832,SFL00000418,W8951_01_100313,0,1.156754,0.05,1.58,4,4,0,
03/03/2013,20:15:00,-54.008377,-38.051602,SFL00000418,W8951_01_100313,0,0.54022,-0.02,1.58,4,4,0,
03/03/2013,20:21:00,-54.007677,-38.051567,SFL00000418,W8951_01_100313,0,0.575784,0.12,1.58,4,4,0,
03/03/2013,20:26:00,-54.00801,-38.047374,SFL00000418,W8951_01_100313,0,0.44459,-0.06,1.58,4,4,0,
03/03/2013,20:31:00,-54.008407,-38.051609,SFL00000418,W8951_01_100313,0,6.082195,8.48,1.58,6,6,0,
03/03/2013,20:36:00,-54.008248,-38.051734,SFL00000418,W8951_01_100313,0,9.15799,0.02,1.58,5,5,0,
03/03/2013,20:41:00,-54.008492,-38.051833,SFL00000418,W8951_01_100313,0,3.791108,0.01,1.59,7,8,0,
03/03/2013,20:46:00,-54.008465,-38.051652,SFL00000418,W8951_01_100313,0,6.920521,-0.02,1.57,7,8,0,
03/03/2013,20:51:00,-54.008539,-38.051904,SFL00000418,W8951_01_100313,0,5.895948,0.03,1.6,7,8,0,
03/03/2013,20:56:00,-54.008761,-38.051994,SFL00000418,W8951_01_100313,0,4.289331,-0.02,1.58,8,8,0,
03/03/2013,21:04:12,-54.009243,-38.051716,SFL00000418,W8951_01_100313,0,2.319988,-0.1,1.58,5,5,0,
03/03/2013,21:19:07,-54.010077,-38.053387,SFL00000418,W8951_01_100313,0,11.890696,-0.41,1.17,8,8,0,
03/03/2013,21:24:00,-54.011354,-38.05412,SFL00000418,W8951_01_100313,0,0.830713,0.37,1.17,4,4,0,
03/03/2013,21:59:01,-54.027352,-38.069275,SFL00000418,W8951_01_100313,0,5.801198,-0.09,1.17,5,5,0,
03/03/2013,22:13:00,-54.036412,-38.083256,SFL00000418,W8951_01_100313,0,4.264698,0.64,1.81,8,8,0,
03/03/2013,22:21:02,-54.041782,-38.086882,SFL00000418,W8951_01_100313,0,10.899074,0.25,2.06,8,8,0,
03/03/2013,23:32:20,-54.089766,-38.167196,SFL00000418,W8951_01_100313,0,9.042494,-0.03,2.03,6,6,0,
04/03/2013,00:00:05,-54.100362,-38.181897,SFL00000418,W8951_01_100313,0,0.97801,-0.49,2.03,4,4,0,
04/03/2013,00:06:01,-54.100879,-38.184252,SFL00000418,W8951_01_100313,0,5.962558,-0.4,2.03,5,5,0,
04/03/2013,02:17:46,-54.139524,-38.272485,SFL00000418,W8951_01_100313,0,7.882344,-0.17,1.86,6,6,0,
04/03/2013,02:57:06,-54.148089,-38.283712,SFL00000418,W8951_01_100313,0,9.608871,-0.54,1.32,6,6,0,
04/03/2013,03:16:01,-54.152048,-38.285253,SFL00000418,W8951_01_100313,0,0.39972,-0.16,1.32,4,4,0,
04/03/2013,03:23:01,-54.153334,-38.284265,SFL00000418,W8951_01_100313,0,7.526782,0.25,1.57,6,7,0,
04/03/2013,03:38:01,-54.156622,-38.288008,SFL00000418,W8951_01_100313,0,4.159067,-0.35,1.57,5,5,0,
04/03/2013,04:40:38,-54.171448,-38.300447,SFL00000418,W8951_01_100313,0,6.524097,0.09,1.57,4,5,0,
04/03/2013,04:46:04,-54.171894,-38.301068,SFL00000418,W8951_01_100313,0,0.096888,-0.31,1.57,4,4,0,
04/03/2013,04:53:05,-54.173718,-38.303369,SFL00000418,W8951_01_100313,0,0.510988,-0.59,1.57,4,4,0,
04/03/2013,05:12:05,-54.178177,-38.304102,SFL00000418,W8951_01_100313,0,10.984372,-0.43,1.14,6,6,0,
04/03/2013,05:30:05,-54.182494,-38.306142,SFL00000418,W8951_01_100313,0,5.800331,0.65,1.79,7,7,0,
04/03/2013,06:01:01,-54.188818,-38.309555,SFL00000418,W8951_01_100313,0,14.197954,-0.67,1.12,7,7,0,
04/03/2013,06:20:00,-54.194407,-38.306562,SFL00000418,W8951_01_100313,0,12.210749,0.14,1.26,8,8,0,
04/03/2013,06:48:02,-54.201549,-38.307235,SFL00000418,W8951_01_100313,0,4.211835,0.29,1.55,6,6,0,
04/03/2013,07:05:09,-54.210877,-38.325042,SFL00000418,W8951_01_100313,0,0.559588,-1.3,1.55,4,4,0,
04/03/2013,07:12:02,-54.208131,-38.306429,SFL00000418,W8951_01_100313,0,1.346576,-0.62,0.93,7,7,0,
04/03/2013,07:30:01,-54.212612,-38.302606,SFL00000418,W8951_01_100313,0,9.369379,0.77,1.7,7,7,0,
04/03/2013,07:35:08,-54.213884,-38.302146,SFL00000418,W8951_01_100313,0,10.455209,-0.61,1.09,7,7,0,
04/03/2013,07:43:15,-54.215095,-38.300349,SFL00000418,W8951_01_100313,0,9.18812,0.6,1.69,8,8,0,
04/03/2013,07:48:17,-54.215277,-38.299024,SFL00000418,W8951_01_100313,0,4.438929,-0.23,1.69,5,5,0,
04/03/2013,07:54:00,-54.216295,-38.297593,SFL00000418,W8951_01_100313,0,14.074745,-0.37,1.32,6,6,0,
04/03/2013,08:00:08,-54.216011,-38.296747,SFL00000418,W8951_01_100313,0,5.553293,-0.12,1.2,6,6,0,
04/03/2013,08:05:03,-54.215603,-38.295665,SFL00000418,W8951_01_100313,0,14.241011,-0.01,1.19,8,8,0,
04/03/2013,08:23:25,-54.217455,-38.291979,SFL00000418,W8951_01_100313,0,13.804837,0.63,1.82,6,6,0,
04/03/2013,08:59:17,-54.218495,-38.301524,SFL00000418,W8951_01_100313,0,7.594761,-0.89,0.93,7,7,0,
04/03/2013,09:04:30,-54.218647,-38.301479,SFL00000418,W8951_01_100313,0,2.619259,0.88,1.81,8,8,0,
04/03/2013,09:09:06,-54.218887,-38.301813,SFL00000418,W8951_01_100313,0,1.891384,-0.37,1.44,6,6,0,
04/03/2013,09:14:00,-54.218946,-38.301143,SFL00000418,W8951_01_100313,0,0.583241,-0.05,1.44,4,4,0,
04/03/2013,09:28:00,-54.218808,-38.299235,SFL00000418,W8951_01_100313,0,11.111222,-0.12,1.32,8,8,0,
04/03/2013,09:33:00,-54.21913,-38.298139,SFL00000418,W8951_01_100313,0,11.031687,0.25,1.57,8,8,0,
04/03/2013,09:38:09,-54.218883,-38.297428,SFL00000418,W8951_01_100313,0,2.087937,-0.02,1.57,5,5,0,
04/03/2013,09:43:00,-54.218192,-38.296799,SFL00000418,W8951_01_100313,0,10.054298,-0.28,1.29,6,6,0,
04/03/2013,09:48:00,-54.218014,-38.295709,SFL00000418,W8951_01_100313,0,14.919065,0.01,1.3,6,6,0,
04/03/2013,09:53:00,-54.218078,-38.294432,SFL00000418,W8951_01_100313,0,12.371032,0.02,1.32,7,7,0,
04/03/2013,09:58:00,-54.217837,-38.29352,SFL00000418,W8951_01_100313,0,12.583407,0,1.32,8,8,0,
04/03/2013,10:05:13,-54.217447,-38.2935,SFL00000418,W8951_01_100313,0,8.661488,0,1.32,8,8,0,
04/03/2013,10:21:03,-54.216935,-38.295456,SFL00000418,W8951_01_100313,0,0.224465,-0.37,1.32,4,4,0,
04/03/2013,10:30:03,-54.217351,-38.294768,SFL00000418,W8951_01_100313,0,4.78664,-0.18,1.14,8,8,0,
04/03/2013,10:35:00,-54.217089,-38.294739,SFL00000418,W8951_01_100313,0,3.44942,0.14,1.28,7,7,0,
04/03/2013,10:42:00,-54.216737,-38.294794,SFL00000418,W8951_01_100313,0,5.983201,0,1.28,8,8,0,
04/03/2013,10:57:06,-54.215272,-38.294968,SFL00000418,W8951_01_100313,0,9.077617,0.03,1.31,8,8,0,
04/03/2013,11:04:11,-54.214847,-38.295451,SFL00000418,W8951_01_100313,0,7.61265,-0.42,0.89,6,6,0,
04/03/2013,11:13:07,-54.213618,-38.295665,SFL00000418,W8951_01_100313,0,0.596161,0.28,0.89,4,4,0,
04/03/2013,11:21:30,-54.213153,-38.29583,SFL00000418,W8951_01_100313,0,0.514765,0.74,0.89,4,4,0,
04/03/2013,11:28:00,-54.212533,-38.297884,SFL00000418,W8951_01_100313,0,0.201871,0.38,0.89,4,4,0,
04/03/2013,11:36:05,-54.213685,-38.302046,SFL00000418,W8951_01_100313,0,14.718787,0.1,0.99,7,7,0,
04/03/2013,11:42:00,-54.211357,-38.304101,SFL00000418,W8951_01_100313,0,2.280036,0.51,0.99,5,5,0,
04/03/2013,11:50:13,-54.211178,-38.306436,SFL00000418,W8951_01_100313,0,9.947016,0.02,1.01,6,6,0,
04/03/2013,11:59:25,-54.210009,-38.305068,SFL00000418,W8951_01_100313,0,0.207408,0.29,1.01,4,4,0,
04/03/2013,12:05:04,-54.210792,-38.306766,SFL00000418,W8951_01_100313,0,5.300201,-0.02,0.99,6,6,0,
04/03/2013,12:12:05,-54.210366,-38.3066,SFL00000418,W8951_01_100313,0,7.959441,0.51,1.5,8,8,0,
04/03/2013,12:26:01,-54.210187,-38.307817,SFL00000418,W8951_01_100313,0,7.466711,-0.41,1.09,6,6,0,
04/03/2013,12:33:02,-54.209503,-38.308919,SFL00000418,W8951_01_100313,0,14.027152,-0.09,1,7,7,0,
04/03/2013,12:59:09,-54.210822,-38.324062,SFL00000418,W8951_01_100313,0,5.833493,0.62,1.62,6,6,0,
04/03/2013,13:06:04,-54.212886,-38.328177,SFL00000418,W8951_01_100313,0,0.278223,-0.74,1.62,4,4,0,
04/03/2013,13:11:04,-54.215132,-38.326732,SFL00000418,W8951_01_100313,0,7.516795,-0.78,0.84,6,6,0,
04/03/2013,13:16:09,-54.215673,-38.326545,SFL00000418,W8951_01_100313,0,1.158715,0.14,0.84,4,4,0,
04/03/2013,13:43:12,-54.217859,-38.321192,SFL00000418,W8951_01_100313,0,0.92889,0.63,0.84,4,4,0,
04/03/2013,13:51:03,-54.218181,-38.319601,SFL00000418,W8951_01_100313,0,0.428861,0.73,0.84,4,4,0,
04/03/2013,13:56:04,-54.218366,-38.31859,SFL00000418,W8951_01_100313,0,8.084153,0.36,1.2,6,6,0,
04/03/2013,14:01:18,-54.218532,-38.316019,SFL00000418,W8951_01_100313,0,0.342986,-0.26,1.2,4,4,0,
04/03/2013,14:08:16,-54.218129,-38.316745,SFL00000418,W8951_01_100313,0,6.622003,0.37,1.2,5,5,0,
04/03/2013,14:25:19,-54.216995,-38.316251,SFL00000418,W8951_01_100313,0,0.608376,0.6,1.2,4,4,0,
04/03/2013,14:34:21,-54.218425,-38.314901,SFL00000418,W8951_01_100313,0,2.66569,0.39,1.2,5,5,0,
04/03/2013,14:39:11,-54.217373,-38.314196,SFL00000418,W8951_01_100313,0,0.939277,0.41,1.2,4,4,0,
04/03/2013,14:44:04,-54.217447,-38.313485,SFL00000418,W8951_01_100313,0,11.321917,0.01,1.21,6,6,0,
04/03/2013,14:49:19,-54.217995,-38.312742,SFL00000418,W8951_01_100313,0,1.849811,-0.39,1.21,5,5,0,
04/03/2013,14:57:08,-54.218367,-38.312167,SFL00000418,W8951_01_100313,0,9.557876,-0.02,1.19,6,6,0,
04/03/2013,15:02:02,-54.219802,-38.314435,SFL00000418,W8951_01_100313,0,0.573672,-0.31,1.19,4,4,0,
04/03/2013,15:07:14,-54.217965,-38.311646,SFL00000418,W8951_01_100313,0,1.498688,0.39,1.19,4,4,0,
04/03/2013,15:13:21,-54.217954,-38.311408,SFL00000418,W8951_01_100313,0,2.742527,0.14,1.33,6,6,0,
04/03/2013,15:20:24,-54.217882,-38.312902,SFL00000418,W8951_01_100313,0,8.773048,-0.15,1.18,6,6,0,
04/03/2013,15:26:13,-54.218313,-38.312997,SFL00000418,W8951_01_100313,0,10.579708,-0.1,1.08,6,6,0,
04/03/2013,15:37:53,-54.219986,-38.316448,SFL00000418,W8951_01_100313,0,0.537036,0.48,1.08,4,4,0,
04/03/2013,15:43:00,-54.220194,-38.315549,SFL00000418,W8951_01_100313,0,0.820825,0.24,1.08,4,4,0,
04/03/2013,15:48:00,-54.219419,-38.315758,SFL00000418,W8951_01_100313,0,0.389488,-0.08,1.08,4,4,0,
04/03/2013,15:56:11,-54.21971,-38.316959,SFL00000418,W8951_01_100313,0,13.100772,0.21,1.29,7,7,0,
04/03/2013,16:12:25,-54.217511,-38.322991,SFL00000418,W8951_01_100313,0,0.148045,-0.07,1.29,4,4,0,
04/03/2013,16:20:19,-54.219011,-38.324875,SFL00000418,W8951_01_100313,0,0.775337,-0.1,1.29,4,4,0,
04/03/2013,16:26:00,-54.218229,-38.324831,SFL00000418,W8951_01_100313,0,10.764668,0,1.29,7,7,0,
04/03/2013,16:49:07,-54.218326,-38.328783,SFL00000418,W8951_01_100313,0,2.102457,-0.27,1.02,6,6,0,
04/03/2013,16:54:07,-54.218236,-38.329601,SFL00000418,W8951_01_100313,0,13.826848,0,1.02,8,8,0,
04/03/2013,17:10:15,-54.218658,-38.330865,SFL00000418,W8951_01_100313,0,6.549951,-0.13,0.89,6,6,0,
04/03/2013,17:28:04,-54.218772,-38.33466,SFL00000418,W8951_01_100313,0,0.44378,0.39,0.89,4,4,0,
04/03/2013,17:36:11,-54.219414,-38.335939,SFL00000418,W8951_01_100313,0,9.398292,0.14,1.03,7,7,0,
04/03/2013,17:59:18,-54.219532,-38.34005,SFL00000418,W8951_01_100313,0,12.35244,0.27,1.03,5,6,0,
04/03/2013,18:13:01,-54.218747,-38.342117,SFL00000418,W8951_01_100313,0,5.966257,-0.01,1.02,7,8,0,
04/03/2013,18:18:00,-54.218361,-38.342939,SFL00000418,W8951_01_100313,0,8.38789,0.49,1.51,6,7,0,
04/03/2013,18:27:06,-54.217736,-38.34445,SFL00000418,W8951_01_100313,0,6.451983,-0.13,1.38,6,7,0,
04/03/2013,18:54:02,-54.218096,-38.348472,SFL00000418,W8951_01_100313,0,4.785213,-0.39,0.99,6,7,0,
04/03/2013,19:00:01,-54.21801,-38.349452,SFL00000418,W8951_01_100313,0,9.860925,0.22,1.21,6,7,0,
04/03/2013,19:17:04,-54.217861,-38.348237,SFL00000418,W8951_01_100313,0,7.053146,-0.23,0.98,6,7,0,
04/03/2013,19:42:06,-54.219599,-38.345505,SFL00000418,W8951_01_100313,0,10.229809,0.21,1.19,7,8,0,
04/03/2013,19:49:01,-54.220164,-38.344465,SFL00000418,W8951_01_100313,0,10.846617,0.02,1.21,6,7,0,
04/03/2013,19:54:09,-54.220308,-38.343061,SFL00000418,W8951_01_100313,0,5.653028,-0.52,0.69,6,7,0,
04/03/2013,20:28:00,-54.222621,-38.344318,SFL00000418,W8951_01_100313,0,14.169465,0.25,0.94,6,7,0,
04/03/2013,20:33:00,-54.223245,-38.343864,SFL00000418,W8951_01_100313,0,1.583613,0,0.94,4,5,0,
04/03/2013,20:41:00,-54.222553,-38.343313,SFL00000418,W8951_01_100313,0,6.734886,0.03,0.97,7,8,0,
04/03/2013,20:46:01,-54.222802,-38.343114,SFL00000418,W8951_01_100313,0,4.481522,-0.28,0.69,6,6,0,
04/03/2013,20:53:02,-54.223135,-38.343557,SFL00000418,W8951_01_100313,0,0.600728,0.57,0.69,4,4,0,
04/03/2013,21:00:03,-54.222826,-38.345734,SFL00000418,W8951_01_100313,0,7.94785,0.75,1.44,8,8,0,
04/03/2013,21:35:11,-54.220948,-38.363607,SFL00000418,W8951_01_100313,0,12.054891,-0.52,0.92,6,6,0,
04/03/2013,21:44:05,-54.223318,-38.370013,SFL00000418,W8951_01_100313,0,9.602597,-0.12,0.8,7,7,0,
04/03/2013,21:59:01,-54.226554,-38.382738,SFL00000418,W8951_01_100313,0,6.970544,0.18,0.98,7,7,0,
04/03/2013,22:04:40,-54.227879,-38.387445,SFL00000418,W8951_01_100313,0,0.282481,-0.25,0.98,4,4,0,
04/03/2013,22:22:26,-54.233394,-38.396828,SFL00000418,W8951_01_100313,0,10.73001,0.27,1.25,7,7,0,
05/03/2013,00:28:00,-54.22939,-38.488711,SFL00000418,W8951_01_100313,0,17.336149,-1.61,1.25,4,4,0,
05/03/2013,01:13:05,-54.237207,-38.490858,SFL00000418,W8951_01_100313,0,0.461299,-0.18,1.25,4,4,0,
05/03/2013,01:20:01,-54.239164,-38.494679,SFL00000418,W8951_01_100313,0,1.150586,-0.36,0.89,6,6,0,
05/03/2013,01:52:00,-54.23446,-38.499464,SFL00000418,W8951_01_100313,0,5.417662,0.44,0.89,5,5,0,
05/03/2013,02:10:09,-54.23298,-38.501867,SFL00000418,W8951_01_100313,0,7.281174,0.35,0.89,5,5,0,
05/03/2013,02:50:02,-54.231432,-38.510239,SFL00000418,W8951_01_100313,0,0.744002,-0.21,0.89,4,4,0,
05/03/2013,02:57:01,-54.229454,-38.511468,SFL00000418,W8951_01_100313,0,0.79429,-0.21,0.89,4,4,0,
05/03/2013,03:12:03,-54.225391,-38.510978,SFL00000418,W8951_01_100313,0,5.473981,0.41,1.3,6,6,0,
05/03/2013,03:22:17,-54.222235,-38.510536,SFL00000418,W8951_01_100313,0,0.20796,-0.67,1.3,4,4,0,
05/03/2013,03:37:01,-54.218739,-38.511485,SFL00000418,W8951_01_100313,0,1.272738,-0.15,1.3,4,4,0,
05/03/2013,04:13:05,-54.215769,-38.520021,SFL00000418,W8951_01_100313,0,1.136473,-0.33,1.3,4,4,0,
05/03/2013,04:35:04,-54.215888,-38.512245,SFL00000418,W8951_01_100313,0,6.247425,-0.53,0.77,6,7,0,
05/03/2013,04:55:02,-54.211647,-38.509916,SFL00000418,W8951_01_100313,0,5.327901,0.48,1.25,6,7,0,
05/03/2013,05:33:00,-54.207608,-38.514796,SFL00000418,W8951_01_100313,0,16.780664,-0.25,1,8,8,0,
05/03/2013,05:41:11,-54.209386,-38.513816,SFL00000418,W8951_01_100313,0,6.843558,-0.51,0.49,6,6,0,
05/03/2013,05:48:03,-54.210282,-38.514926,SFL00000418,W8951_01_100313,0,5.270068,0.9,1.39,8,8,0,
05/03/2013,05:53:19,-54.210833,-38.514045,SFL00000418,W8951_01_100313,0,6.985788,-0.62,0.77,6,6,0,
05/03/2013,05:58:02,-54.211217,-38.513589,SFL00000418,W8951_01_100313,0,8.208423,0.34,1.11,8,8,0,
05/03/2013,06:06:39,-54.211688,-38.511818,SFL00000418,W8951_01_100313,0,14.050484,0.27,1.11,5,5,0,
05/03/2013,06:45:03,-54.205905,-38.52009,SFL00000418,W8951_01_100313,0,14.319976,-0.39,0.72,8,8,0,
05/03/2013,06:52:00,-54.204273,-38.520929,SFL00000418,W8951_01_100313,0,7.931407,0.48,1.2,7,7,0,
05/03/2013,06:57:24,-54.203437,-38.52047,SFL00000418,W8951_01_100313,0,4.013051,-0.19,1.2,5,5,0,
05/03/2013,07:02:03,-54.202926,-38.522619,SFL00000418,W8951_01_100313,0,8.981684,-0.59,0.61,7,7,0,
05/03/2013,07:28:01,-54.207557,-38.530776,SFL00000418,W8951_01_100313,0,3.305675,0.39,1,6,6,0,
05/03/2013,07:33:02,-54.207238,-38.531104,SFL00000418,W8951_01_100313,0,3.387439,-0.3,0.7,8,8,0,
05/03/2013,07:39:16,-54.207331,-38.532621,SFL00000418,W8951_01_100313,0,17.482799,-0.17,0.53,7,7,0,
05/03/2013,07:44:13,-54.207768,-38.533575,SFL00000418,W8951_01_100313,0,5.47497,0.78,1.31,8,8,0,
05/03/2013,08:08:03,-54.209713,-38.538851,SFL00000418,W8951_01_100313,0,8.555372,-0.5,0.81,8,8,0,
05/03/2013,08:14:04,-54.210662,-38.539514,SFL00000418,W8951_01_100313,0,13.750353,-0.38,0.43,7,7,0,
05/03/2013,08:22:02,-54.211412,-38.54131,SFL00000418,W8951_01_100313,0,4.211399,0.02,0.45,7,7,0,
05/03/2013,08:30:04,-54.211879,-38.542088,SFL00000418,W8951_01_100313,0,7.517812,0.65,1.1,7,7,0,
05/03/2013,08:35:04,-54.21307,-38.542216,SFL00000418,W8951_01_100313,0,9.228516,-0.43,0.67,7,7,0,
05/03/2013,08:40:05,-54.213515,-38.542424,SFL00000418,W8951_01_100313,0,8.368307,0.52,1.19,7,7,0,
05/03/2013,08:45:09,-54.214055,-38.543137,SFL00000418,W8951_01_100313,0,1.477238,0.12,1.19,5,5,0,
05/03/2013,08:52:02,-54.214688,-38.543423,SFL00000418,W8951_01_100313,0,9.227767,-0.35,0.84,6,6,0,
05/03/2013,08:59:04,-54.215855,-38.543932,SFL00000418,W8951_01_100313,0,8.456648,-0.2,0.64,6,6,0,
05/03/2013,09:05:08,-54.216299,-38.543653,SFL00000418,W8951_01_100313,0,13.396089,0.18,0.82,7,7,0,
05/03/2013,09:12:08,-54.21705,-38.543659,SFL00000418,W8951_01_100313,0,7.279357,0.48,1.3,6,6,0,
05/03/2013,09:17:02,-54.21752,-38.544091,SFL00000418,W8951_01_100313,0,12.368374,-0.65,0.65,7,7,0,
05/03/2013,09:24:00,-54.218175,-38.544095,SFL00000418,W8951_01_100313,0,17.803772,0.27,0.92,6,6,0,
05/03/2013,09:31:05,-54.219267,-38.544314,SFL00000418,W8951_01_100313,0,17.025392,0.36,1.28,8,8,0,
05/03/2013,09:36:01,-54.21996,-38.544215,SFL00000418,W8951_01_100313,0,9.390784,-0.13,1.15,6,6,0,
05/03/2013,09:42:07,-54.21265,-38.566635,SFL00000418,W8951_01_100313,0,8.728688,-1.76,1.15,4,4,0,
05/03/2013,09:47:02,-54.221084,-38.543547,SFL00000418,W8951_01_100313,0,7.905617,-0.48,0.67,7,7,0,
05/03/2013,09:54:00,-54.221491,-38.543337,SFL00000418,W8951_01_100313,0,8.221404,0.24,0.91,7,7,0,
05/03/2013,09:59:00,-54.222106,-38.543284,SFL00000418,W8951_01_100313,0,9.413664,-0.02,0.89,8,8,0,
05/03/2013,10:06:03,-54.222431,-38.54296,SFL00000418,W8951_01_100313,0,9.690364,0.13,1.02,6,6,0,
05/03/2013,10:14:02,-54.223761,-38.542275,SFL00000418,W8951_01_100313,0,10.84596,-0.49,0.53,8,8,0,
05/03/2013,10:20:01,-54.224387,-38.541875,SFL00000418,W8951_01_100313,0,10.415462,0.6,1.13,7,7,0,
05/03/2013,10:25:00,-54.224934,-38.541361,SFL00000418,W8951_01_100313,0,8.181036,-0.25,0.88,8,8,0,
05/03/2013,10:31:02,-54.225149,-38.540685,SFL00000418,W8951_01_100313,0,10.890847,0.4,1.28,6,6,0,
05/03/2013,10:37:01,-54.226092,-38.540908,SFL00000418,W8951_01_100313,0,11.669687,-0.41,0.87,7,7,0,
05/03/2013,10:42:04,-54.226347,-38.540491,SFL00000418,W8951_01_100313,0,1.891509,0.42,1.29,7,7,0,
05/03/2013,10:50:02,-54.224378,-38.53823,SFL00000418,W8951_01_100313,0,5.279907,0.24,1.53,6,6,0,
05/03/2013,10:56:01,-54.228437,-38.539909,SFL00000418,W8951_01_100313,0,2.338201,-0.67,1.53,5,5,0,
05/03/2013,11:02:04,-54.228933,-38.539304,SFL00000418,W8951_01_100313,0,6.458807,-0.63,0.9,7,7,0,
05/03/2013,11:07:00,-54.230127,-38.53859,SFL00000418,W8951_01_100313,0,8.337108,-0.04,0.86,7,7,0,
05/03/2013,11:13:08,-54.229956,-38.537698,SFL00000418,W8951_01_100313,0,10.032,0.29,1.15,8,8,0,
05/03/2013,11:36:01,-54.231268,-38.535907,SFL00000418,W8951_01_100313,0,0.177409,0.04,1.15,4,4,0,
05/03/2013,11:41:00,-54.231367,-38.535958,SFL00000418,W8951_01_100313,0,0.272748,-0.32,1.15,4,4,0,
05/03/2013,11:46:00,-54.231571,-38.53493,SFL00000418,W8951_01_100313,0,7.023155,0.09,1.15,5,5,0,
05/03/2013,11:53:10,-54.231946,-38.534366,SFL00000418,W8951_01_100313,0,2.753894,0.06,1.15,5,5,0,
05/03/2013,12:02:03,-54.231763,-38.533824,SFL00000418,W8951_01_100313,0,10.540564,-0.27,0.88,8,8,0,
05/03/2013,12:10:05,-54.231497,-38.532751,SFL00000418,W8951_01_100313,0,10.321091,-0.29,0.59,8,8,0,
05/03/2013,12:15:05,-54.231244,-38.531864,SFL00000418,W8951_01_100313,0,6.174977,0.05,0.64,6,6,0,
05/03/2013,12:25:02,-54.231413,-38.53041,SFL00000418,W8951_01_100313,0,11.714781,-0.28,0.36,6,6,0,
05/03/2013,12:34:02,-54.231461,-38.531711,SFL00000418,W8951_01_100313,0,0.180524,0.83,0.36,4,4,0,
05/03/2013,12:43:09,-54.23116,-38.5303,SFL00000418,W8951_01_100313,0,0.229399,0.31,0.36,4,4,0,
05/03/2013,12:48:01,-54.231109,-38.528646,SFL00000418,W8951_01_100313,0,4.080549,0.36,0.72,6,6,0,
05/03/2013,13:03:00,-54.229068,-38.525731,SFL00000418,W8951_01_100313,0,0.118388,0.49,0.72,4,4,0,
05/03/2013,13:08:05,-54.22911,-38.52667,SFL00000418,W8951_01_100313,0,10.065511,-0.18,0.72,5,5,0,
05/03/2013,13:14:01,-54.228988,-38.525107,SFL00000418,W8951_01_100313,0,10.199009,-0.29,0.43,6,6,0,
05/03/2013,13:21:03,-54.228505,-38.523769,SFL00000418,W8951_01_100313,0,6.428774,0.02,0.45,6,6,0,
05/03/2013,13:35:05,-54.226903,-38.522095,SFL00000418,W8951_01_100313,0,11.223137,-0.15,0.3,6,6,0,
05/03/2013,13:49:01,-54.225503,-38.518747,SFL00000418,W8951_01_100313,0,7.404455,0.77,1.07,6,6,0,
05/03/2013,13:56:02,-54.224722,-38.517019,SFL00000418,W8951_01_100313,0,11.463733,-0.77,0.3,6,6,0,
05/03/2013,14:19:00,-54.223604,-38.512996,SFL00000418,W8951_01_100313,0,8.325122,0.49,0.3,5,5,0,
05/03/2013,14:27:06,-54.223346,-38.513369,SFL00000418,W8951_01_100313,0,3.959565,0.12,0.3,5,5,0,
05/03/2013,14:32:03,-54.22335,-38.513353,SFL00000418,W8951_01_100313,0,12.069191,0,0.3,5,5,0,
05/03/2013,14:40:16,-54.222858,-38.514114,SFL00000418,W8951_01_100313,0,5.119149,0.76,0.3,5,5,0,
05/03/2013,14:45:16,-54.223001,-38.513863,SFL00000418,W8951_01_100313,0,1.680566,0.26,0.3,5,5,0,
05/03/2013,14:53:18,-54.22256,-38.513051,SFL00000418,W8951_01_100313,0,8.982223,0.48,0.78,7,7,0,
05/03/2013,14:59:11,-54.222433,-38.512737,SFL00000418,W8951_01_100313,0,12.275669,0.02,0.78,5,5,0,
05/03/2013,15:05:16,-54.221861,-38.512184,SFL00000418,W8951_01_100313,0,7.372246,0.38,1.16,6,6,0,
05/03/2013,15:37:00,-54.218035,-38.514749,SFL00000418,W8951_01_100313,0,2.10045,-0.12,1.04,6,6,0,
05/03/2013,15:42:00,-54.217773,-38.51444,SFL00000418,W8951_01_100313,0,12.003854,-0.02,1.02,6,6,0,
05/03/2013,15:50:00,-54.217143,-38.512606,SFL00000418,W8951_01_100313,0,10.459152,0.04,1.06,6,6,0,
05/03/2013,15:55:00,-54.217186,-38.512695,SFL00000418,W8951_01_100313,0,2.628722,-0.04,1.06,5,5,0,
05/03/2013,16:09:00,-54.215672,-38.511531,SFL00000418,W8951_01_100313,0,6.3697,-0.32,0.74,7,7,0,
05/03/2013,16:14:00,-54.215163,-38.510992,SFL00000418,W8951_01_100313,0,4.903885,-0.03,0.71,7,7,0,
05/03/2013,16:19:00,-54.213813,-38.508213,SFL00000418,W8951_01_100313,0,1.68905,-0.07,0.71,4,4,0,
05/03/2013,16:35:00,-54.214006,-38.508407,SFL00000418,W8951_01_100313,0,7.567383,0.03,0.71,5,5,0,
05/03/2013,16:44:17,-54.21245,-38.50944,SFL00000418,W8951_01_100313,0,7.359691,0.29,1,8,8,0,
05/03/2013,16:49:19,-54.211811,-38.50916,SFL00000418,W8951_01_100313,0,10.746376,0.13,1.13,8,8,0,
05/03/2013,16:54:17,-54.211398,-38.508952,SFL00000418,W8951_01_100313,0,8.85124,-0.53,0.6,8,8,0,
05/03/2013,17:09:01,-54.209405,-38.510207,SFL00000418,W8951_01_100313,0,19.529244,0,0.6,7,7,0,
05/03/2013,17:15:07,-54.208339,-38.510403,SFL00000418,W8951_01_100313,0,1.12365,-0.15,0.6,5,5,0,
05/03/2013,17:20:04,-54.207433,-38.510995,SFL00000418,W8951_01_100313,0,6.868131,-0.1,0.5,7,7,0,
05/03/2013,17:26:00,-54.206598,-38.511527,SFL00000418,W8951_01_100313,0,8.512408,0.49,0.99,7,7,0,
05/03/2013,17:34:02,-54.205479,-38.518238,SFL00000418,W8951_01_100313,0,4.848083,-0.51,0.48,7,8,0,
05/03/2013,17:42:06,-54.203968,-38.526645,SFL00000418,W8951_01_100313,0,9.539757,0.25,0.73,6,7,0,
05/03/2013,17:47:03,-54.203359,-38.529953,SFL00000418,W8951_01_100313,0,2.602659,-0.38,0.73,5,6,0,
05/03/2013,17:55:01,-54.203651,-38.535736,SFL00000418,W8951_01_100313,0,12.716979,0.37,1.1,7,8,0,
05/03/2013,18:13:00,-54.200526,-38.547544,SFL00000418,W8951_01_100313,0,12.876072,-0.11,0.99,6,7,0,
05/03/2013,18:45:00,-54.195167,-38.562227,SFL00000418,W8951_01_100313,0,0.356929,0.01,0.99,4,5,0,
05/03/2013,18:53:31,-54.193995,-38.564825,SFL00000418,W8951_01_100313,0,8.443133,-0.44,0.99,5,6,0,
05/03/2013,19:00:02,-54.193209,-38.566307,SFL00000418,W8951_01_100313,0,3.897736,-0.68,0.99,5,6,0,
05/03/2013,19:14:03,-54.191051,-38.577543,SFL00000418,W8951_01_100313,0,0.160479,-0.48,0.99,4,5,0,
05/03/2013,19:23:08,-54.190186,-38.577547,SFL00000418,W8951_01_100313,0,5.264748,-0.4,0.99,5,6,0,
05/03/2013,19:28:09,-54.189803,-38.578254,SFL00000418,W8951_01_100313,0,0.365411,-0.67,0.99,4,5,0,
05/03/2013,19:37:01,-54.189707,-38.578573,SFL00000418,W8951_01_100313,0,5.084773,0.05,1.04,6,7,0,
05/03/2013,19:42:14,-54.189794,-38.578741,SFL00000418,W8951_01_100313,0,12.169733,-0.24,0.8,6,7,0,
05/03/2013,19:48:36,-54.19019,-38.578974,SFL00000418,W8951_01_100313,0,2.461687,-0.51,0.8,5,6,0,
05/03/2013,19:53:20,-54.189689,-38.579322,SFL00000418,W8951_01_100313,0,10.506488,-0.25,0.55,7,8,0,
05/03/2013,20:17:04,-54.188645,-38.585477,SFL00000418,W8951_01_100313,0,1.199245,0.1,0.55,4,4,0,
05/03/2013,20:35:08,-54.187436,-38.597691,SFL00000418,W8951_01_100313,0,5.576942,-0.38,0.17,6,6,0,
05/03/2013,20:43:01,-54.186618,-38.603459,SFL00000418,W8951_01_100313,0,7.575157,0.62,0.79,7,8,0,
05/03/2013,20:48:07,-54.187243,-38.604929,SFL00000418,W8951_01_100313,0,4.992245,0.15,0.94,8,8,0,
05/03/2013,20:55:06,-54.188351,-38.607129,SFL00000418,W8951_01_100313,0,6.020624,0.06,1,6,6,0,
05/03/2013,21:09:00,-54.188437,-38.612004,SFL00000418,W8951_01_100313,0,12.135667,0.04,1.04,7,8,0,
05/03/2013,21:17:02,-54.189739,-38.6171,SFL00000418,W8951_01_100313,0,1.319009,-0.33,1.04,5,5,0,
05/03/2013,21:31:04,-54.193579,-38.627055,SFL00000418,W8951_01_100313,0,7.414505,-0.27,0.77,7,7,0,
05/03/2013,21:46:05,-54.193485,-38.642891,SFL00000418,W8951_01_100313,0,0.98998,-0.09,0.68,6,6,0,
05/03/2013,22:27:01,-54.19105,-38.667967,SFL00000418,W8951_01_100313,0,8.827793,-0.47,0.21,6,6,0,
05/03/2013,22:47:00,-54.188448,-38.666338,SFL00000418,W8951_01_100313,0,6.112821,0.46,0.67,8,8,0,
05/03/2013,23:30:02,-54.18396,-38.672462,SFL00000418,W8951_01_100313,0,3.354949,0.21,0.67,5,5,0,
06/03/2013,00:23:02,-54.184079,-38.675142,SFL00000418,W8951_01_100313,0,13.611141,0.13,0.8,6,6,0,
06/03/2013,00:30:15,-54.183411,-38.673667,SFL00000418,W8951_01_100313,0,5.241855,-0.16,0.64,7,7,0,
06/03/2013,00:38:31,-54.182966,-38.673794,SFL00000418,W8951_01_100313,0,1.319489,0.17,0.64,5,5,0,
06/03/2013,00:47:51,-54.183097,-38.674317,SFL00000418,W8951_01_100313,0,11.114695,0.19,0.64,5,5,0,
06/03/2013,00:55:01,-54.181387,-38.673369,SFL00000418,W8951_01_100313,0,0.790613,-0.51,0.64,4,4,0,
06/03/2013,01:14:02,-54.182722,-38.677759,SFL00000418,W8951_01_100313,0,0.219714,-0.16,0.64,4,4,0,
06/03/2013,01:31:38,-54.179647,-38.670862,SFL00000418,W8951_01_100313,0,0.180712,0.21,0.64,4,4,0,
06/03/2013,01:42:00,-54.173808,-38.664144,SFL00000418,W8951_01_100313,0,0.199115,0.54,0.64,4,4,0,
06/03/2013,01:57:02,-54.176313,-38.672338,SFL00000418,W8951_01_100313,0,11.165045,0.16,0.8,8,8,0,
06/03/2013,02:22:03,-54.17662,-38.678346,SFL00000418,W8951_01_100313,0,6.056255,0.13,0.93,7,7,0,
06/03/2013,02:39:02,-54.171886,-38.679093,SFL00000418,W8951_01_100313,0,0.146025,-0.25,0.93,4,4,0,
06/03/2013,03:07:20,-54.176685,-38.668398,SFL00000418,W8951_01_100313,0,10.966707,-0.91,0.93,5,5,0,
06/03/2013,03:12:00,-54.177653,-38.668098,SFL00000418,W8951_01_100313,0,5.653336,-0.38,0.93,5,5,0,
06/03/2013,03:44:08,-54.182419,-38.673981,SFL00000418,W8951_01_100313,0,3.816604,-0.49,0.93,5,5,0,
06/03/2013,03:56:01,-54.173179,-38.680771,SFL00000418,W8951_01_100313,0,1.022148,-1.4,0.93,4,5,0,
06/03/2013,04:04:01,-54.184464,-38.679122,SFL00000418,W8951_01_100313,0,6.585562,-0.91,0.02,6,7,0,
06/03/2013,04:40:06,-54.1889,-38.682627,SFL00000418,W8951_01_100313,0,6.090364,-0.03,-0.01,6,7,0,
06/03/2013,04:59:03,-54.1861,-38.683192,SFL00000418,W8951_01_100313,0,5.078668,-0.02,-0.03,7,8,0,
06/03/2013,05:08:06,-54.184871,-38.68574,SFL00000418,W8951_01_100313,0,7.271069,0.79,0.76,8,8,0,
06/03/2013,05:18:01,-54.1847,-38.689226,SFL00000418,W8951_01_100313,0,7.917675,-0.15,0.61,8,8,0,
06/03/2013,05:25:13,-54.185265,-38.692153,SFL00000418,W8951_01_100313,0,12.589428,-0.5,0.11,7,7,0,
06/03/2013,05:34:05,-54.1858,-38.694583,SFL00000418,W8951_01_100313,0,0.227901,-0.05,0.11,4,4,0,
06/03/2013,05:52:31,-54.183498,-38.697,SFL00000418,W8951_01_100313,0,7.77475,-0.19,-0.08,6,6,0,
06/03/2013,06:53:02,-54.170997,-38.701668,SFL00000418,W8951_01_100313,0,9.690141,0.03,-0.05,7,7,0,
06/03/2013,07:03:01,-54.169434,-38.704285,SFL00000418,W8951_01_100313,0,18.388955,0.83,0.78,8,8,0,
06/03/2013,07:08:02,-54.168296,-38.70636,SFL00000418,W8951_01_100313,0,1.869642,-0.9,-0.12,7,7,0,
06/03/2013,07:13:11,-54.166663,-38.708401,SFL00000418,W8951_01_100313,0,11.115997,0.7,0.58,6,6,0,
06/03/2013,07:20:11,-54.166545,-38.712601,SFL00000418,W8951_01_100313,0,7.211835,-0.04,0.54,8,8,0,
06/03/2013,07:26:00,-54.166883,-38.713179,SFL00000418,W8951_01_100313,0,8.81545,0.11,0.65,8,8,0,
06/03/2013,07:35:01,-54.167001,-38.714514,SFL00000418,W8951_01_100313,0,17.77727,-0.76,-0.11,8,8,0,
06/03/2013,07:40:13,-54.167376,-38.714787,SFL00000418,W8951_01_100313,0,8.791604,0.9,0.79,8,8,0,
06/03/2013,07:46:00,-54.16735,-38.715548,SFL00000418,W8951_01_100313,0,6.686421,-0.51,0.28,8,8,0,
06/03/2013,07:53:01,-54.167897,-38.715946,SFL00000418,W8951_01_100313,0,11.137873,0.51,0.79,8,8,0,
06/03/2013,08:07:00,-54.168751,-38.717642,SFL00000418,W8951_01_100313,0,14.971341,0.01,0.8,8,8,0,
06/03/2013,08:30:04,-54.169362,-38.71954,SFL00000418,W8951_01_100313,0,2.531935,-0.12,0.68,6,6,0,
06/03/2013,08:37:05,-54.169711,-38.72015,SFL00000418,W8951_01_100313,0,0.597776,-0.17,0.68,4,4,0,
06/03/2013,08:43:02,-54.170005,-38.72064,SFL00000418,W8951_01_100313,0,6.763339,-0.52,0.16,8,8,0,
06/03/2013,08:50:13,-54.170403,-38.720994,SFL00000418,W8951_01_100313,0,4.306411,-0.28,-0.12,7,7,0,
06/03/2013,08:56:00,-54.170134,-38.721027,SFL00000418,W8951_01_100313,0,7.592493,0.15,0.03,8,8,0,
06/03/2013,09:01:00,-54.170172,-38.721244,SFL00000418,W8951_01_100313,0,17.281298,-0.04,-0.01,8,8,0,
06/03/2013,09:06:00,-54.171086,-38.721747,SFL00000418,W8951_01_100313,0,4.538986,0.39,-0.01,5,5,0,
06/03/2013,09:12:00,-54.170761,-38.721607,SFL00000418,W8951_01_100313,0,6.214667,0.02,0.01,7,7,0,
06/03/2013,09:17:00,-54.170918,-38.721837,SFL00000418,W8951_01_100313,0,3.46218,0.35,0.36,6,6,0,
06/03/2013,09:25:00,-54.170853,-38.721312,SFL00000418,W8951_01_100313,0,12.467368,-0.32,0.04,8,8,0,
06/03/2013,09:30:01,-54.171312,-38.720851,SFL00000418,W8951_01_100313,0,1.409096,0.04,0.04,5,5,0,
06/03/2013,09:35:00,-54.171186,-38.721348,SFL00000418,W8951_01_100313,0,8.405386,0.52,0.56,6,6,0,
06/03/2013,09:40:00,-54.171394,-38.721996,SFL00000418,W8951_01_100313,0,19.940158,-0.58,-0.02,7,7,0,
06/03/2013,09:45:00,-54.171446,-38.721962,SFL00000418,W8951_01_100313,0,6.415572,0,-0.02,6,6,0,
06/03/2013,09:50:04,-54.171679,-38.722244,SFL00000418,W8951_01_100313,0,8.348251,0.8,0.78,7,7,0,
06/03/2013,09:55:00,-54.17213,-38.722385,SFL00000418,W8951_01_100313,0,9.91833,-0.78,-3.33E-16,8,8,0,
06/03/2013,10:01:02,-54.17226,-38.722582,SFL00000418,W8951_01_100313,0,7.767686,0.36,0.36,8,8,0,
06/03/2013,10:07:02,-54.172759,-38.722615,SFL00000418,W8951_01_100313,0,8.867358,-0.35,0.01,6,6,0,
06/03/2013,10:12:00,-54.17313,-38.723336,SFL00000418,W8951_01_100313,0,11.296477,-0.04,-0.03,7,7,0,
06/03/2013,10:20:00,-54.173889,-38.722469,SFL00000418,W8951_01_100313,0,10.739292,0.32,-0.03,5,5,0,
06/03/2013,10:26:00,-54.173881,-38.723454,SFL00000418,W8951_01_100313,0,13.626191,0.02,-0.01,8,8,0,
06/03/2013,10:32:00,-54.174042,-38.723904,SFL00000418,W8951_01_100313,0,7.140681,-0.01,-0.01,5,5,0,
06/03/2013,10:47:05,-54.175589,-38.724795,SFL00000418,W8951_01_100313,0,0.702515,0.35,-0.01,4,4,0,
06/03/2013,10:52:01,-54.175238,-38.724617,SFL00000418,W8951_01_100313,0,8.580659,0.63,0.62,8,8,0,
06/03/2013,10:58:17,-54.175493,-38.725198,SFL00000418,W8951_01_100313,0,3.83534,-0.53,0.62,5,5,0,
06/03/2013,11:07:02,-54.175337,-38.724984,SFL00000418,W8951_01_100313,0,8.46037,0.07,0.69,6,6,0,
06/03/2013,11:12:01,-54.175163,-38.724599,SFL00000418,W8951_01_100313,0,3.273256,-0.64,0.69,5,5,0,
06/03/2013,11:17:02,-54.174246,-38.724238,SFL00000418,W8951_01_100313,0,17.442087,-0.08,0.61,8,8,0,
06/03/2013,11:22:03,-54.174181,-38.723186,SFL00000418,W8951_01_100313,0,4.17929,-0.78,-0.17,8,8,0,
06/03/2013,11:28:05,-54.173997,-38.721764,SFL00000418,W8951_01_100313,0,10.937119,0.64,0.47,8,8,0,
06/03/2013,11:33:02,-54.173814,-38.720709,SFL00000418,W8951_01_100313,0,15.797273,-0.27,0.2,8,8,0,
06/03/2013,11:39:07,-54.173305,-38.719702,SFL00000418,W8951_01_100313,0,8.368311,-0.16,0.04,7,7,0,
06/03/2013,11:57:09,-54.173341,-38.719298,SFL00000418,W8951_01_100313,0,14.158583,0.63,0.67,6,6,0,
06/03/2013,12:52:00,-54.173019,-38.713768,SFL00000418,W8951_01_100313,0,0.231248,-0.14,0.67,4,4,0,
06/03/2013,12:57:04,-54.173224,-38.71408,SFL00000418,W8951_01_100313,0,2.301057,-0.24,0.67,5,5,0,
06/03/2013,13:02:06,-54.173093,-38.714488,SFL00000418,W8951_01_100313,0,10.600121,-0.49,0.67,5,5,0,
06/03/2013,13:11:20,-54.173302,-38.714975,SFL00000418,W8951_01_100313,0,9.318476,-0.76,-0.09,7,7,0,
06/03/2013,13:17:03,-54.173053,-38.715448,SFL00000418,W8951_01_100313,0,11.227797,0.5,0.41,6,6,0,
06/03/2013,13:26:02,-54.172401,-38.716159,SFL00000418,W8951_01_100313,0,14.036635,-0.5,-0.09,7,7,0,
06/03/2013,13:35:02,-54.171882,-38.717037,SFL00000418,W8951_01_100313,0,16.26003,0.02,-0.07,6,6,0,
06/03/2013,13:42:00,-54.171778,-38.717147,SFL00000418,W8951_01_100313,0,13.753216,-0.01,-0.08,6,6,0,
06/03/2013,13:47:02,-54.171749,-38.716955,SFL00000418,W8951_01_100313,0,2.556614,-0.12,-0.08,5,5,0,
06/03/2013,13:56:05,-54.171477,-38.719978,SFL00000418,W8951_01_100313,0,9.564719,0.32,0.24,6,6,0,
06/03/2013,14:10:03,-54.170068,-38.721613,SFL00000418,W8951_01_100313,0,8.735994,0.43,0.67,6,6,0,
06/03/2013,14:17:04,-54.169454,-38.722415,SFL00000418,W8951_01_100313,0,7.068553,-0.15,0.67,5,5,0,
06/03/2013,14:25:06,-54.169562,-38.723058,SFL00000418,W8951_01_100313,0,5.349372,-0.77,0.67,5,5,0,
06/03/2013,14:31:01,-54.169316,-38.724237,SFL00000418,W8951_01_100313,0,1.425164,-0.02,0.67,5,5,0,
06/03/2013,14:38:02,-54.170107,-38.725137,SFL00000418,W8951_01_100313,0,1.693217,-0.52,0.67,4,4,0,
06/03/2013,14:43:09,-54.170513,-38.725615,SFL00000418,W8951_01_100313,0,2.018497,-0.03,0.67,5,5,0,
06/03/2013,14:49:00,-54.170753,-38.725922,SFL00000418,W8951_01_100313,0,5.426897,-0.78,-0.11,6,6,0,
06/03/2013,14:54:07,-54.171261,-38.725441,SFL00000418,W8951_01_100313,0,0.85132,-0.09,-0.11,5,5,0,
06/03/2013,15:03:02,-54.170706,-38.727578,SFL00000418,W8951_01_100313,0,3.512215,-0.11,-0.11,5,5,0,
06/03/2013,15:08:00,-54.17149,-38.726715,SFL00000418,W8951_01_100313,0,11.01943,0.49,0.38,6,6,0,
06/03/2013,15:13:01,-54.172198,-38.727109,SFL00000418,W8951_01_100313,0,16.57209,-0.63,-0.25,7,7,0,
06/03/2013,15:19:01,-54.172858,-38.727413,SFL00000418,W8951_01_100313,0,8.736184,0.14,-0.11,6,6,0,
06/03/2013,15:25:00,-54.173174,-38.726545,SFL00000418,W8951_01_100313,0,8.625797,0.77,-0.11,5,5,0,
06/03/2013,15:33:00,-54.173713,-38.725745,SFL00000418,W8951_01_100313,0,14.571892,-0.03,-0.14,6,6,0,
06/03/2013,15:56:01,-54.174442,-38.722499,SFL00000418,W8951_01_100313,0,6.948239,-0.14,-0.28,6,6,0,
06/03/2013,16:49:05,-54.175626,-38.717055,SFL00000418,W8951_01_100313,0,4.383554,0.13,-0.15,6,6,0,
06/03/2013,16:54:06,-54.174002,-38.71908,SFL00000418,W8951_01_100313,0,3.637545,0.1,-0.05,6,6,0,
06/03/2013,17:11:00,-54.170207,-38.724094,SFL00000418,W8951_01_100313,0,10.583246,-0.12,-0.17,8,8,0,
06/03/2013,17:17:09,-54.170207,-38.723929,SFL00000418,W8951_01_100313,0,10.461358,0.59,0.42,6,6,0,
06/03/2013,17:24:19,-54.169574,-38.724917,SFL00000418,W8951_01_100313,0,16.146083,0.15,0.57,7,7,0,
06/03/2013,17:31:00,-54.169737,-38.724551,SFL00000418,W8951_01_100313,0,10.698711,-0.73,-0.16,7,8,0,
06/03/2013,17:37:09,-54.169706,-38.724,SFL00000418,W8951_01_100313,0,14.561924,0.13,-0.03,7,8,0,
06/03/2013,17:42:11,-54.169853,-38.724131,SFL00000418,W8951_01_100313,0,13.120698,0.48,0.45,7,8,0,
06/03/2013,17:47:00,-54.169729,-38.72435,SFL00000418,W8951_01_100313,0,3.602088,-0.37,0.08,7,8,0,
06/03/2013,17:54:10,-54.169262,-38.723393,SFL00000418,W8951_01_100313,0,0.647077,-0.27,0.08,4,5,0,
06/03/2013,17:59:05,-54.169191,-38.722874,SFL00000418,W8951_01_100313,0,9.434939,-0.15,-0.07,7,8,0,
06/03/2013,18:23:42,-54.16946,-38.718258,SFL00000418,W8951_01_100313,0,3.615358,0.43,-0.07,5,6,0,
06/03/2013,19:17:07,-54.168725,-38.711735,SFL00000418,W8951_01_100313,0,0.226614,-0.32,-0.07,4,5,0,
06/03/2013,19:26:04,-54.165983,-38.711527,SFL00000418,W8951_01_100313,0,10.759555,0.11,-0.07,5,6,0,
06/03/2013,19:41:05,-54.159161,-38.714112,SFL00000418,W8951_01_100313,0,0.866327,0.2,-0.07,4,5,0,
06/03/2013,19:55:18,-54.154935,-38.715253,SFL00000418,W8951_01_100313,0,4.765335,0.44,-0.07,5,6,0,
06/03/2013,20:12:07,-54.152751,-38.71398,SFL00000418,W8951_01_100313,0,4.220054,0.33,-0.07,5,5,0,
06/03/2013,20:27:04,-54.149172,-38.713539,SFL00000418,W8951_01_100313,0,0.262449,-0.15,-0.07,4,4,0,
06/03/2013,20:33:05,-54.147321,-38.712408,SFL00000418,W8951_01_100313,0,10.505753,0.45,0.38,8,8,0,
06/03/2013,20:48:01,-54.142404,-38.709457,SFL00000418,W8951_01_100313,0,11.461329,-0.42,-0.04,6,7,0,
06/03/2013,20:53:03,-54.139527,-38.709215,SFL00000418,W8951_01_100313,0,9.012431,-0.1,-0.14,6,7,0,
06/03/2013,21:02:03,-54.134065,-38.707663,SFL00000418,W8951_01_100313,0,6.390771,-0.11,-0.25,7,7,0,
06/03/2013,21:07:05,-54.130998,-38.706288,SFL00000418,W8951_01_100313,0,7.957829,0.15,-0.1,7,7,0,
06/03/2013,21:12:03,-54.128621,-38.70396,SFL00000418,W8951_01_100313,0,0.176365,-0.18,-0.1,4,4,0,
06/03/2013,22:12:57,-54.098831,-38.723204,SFL00000418,W8951_01_100313,0,6.000098,-0.25,-0.35,6,6,0,
06/03/2013,23:13:05,-54.124416,-38.732637,SFL00000418,W8951_01_100313,0,21.059972,0.67,0.32,7,7,0,
06/03/2013,23:40:01,-54.123242,-38.731737,SFL00000418,W8951_01_100313,0,17.902364,-0.24,0.08,7,7,0,
06/03/2013,23:45:01,-54.123641,-38.731383,SFL00000418,W8951_01_100313,0,2.841701,-0.01,0.07,6,6,0,
07/03/2013,00:15:01,-54.12077,-38.733844,SFL00000418,W8951_01_100313,0,7.565387,-0.54,0.07,5,5,0,
07/03/2013,00:21:00,-54.119962,-38.732243,SFL00000418,W8951_01_100313,0,0.657779,0.33,0.07,4,4,0,
07/03/2013,00:35:02,-54.121741,-38.736194,SFL00000418,W8951_01_100313,0,8.761151,-0.29,-0.22,6,6,0,
07/03/2013,01:00:02,-54.12344,-38.741397,SFL00000418,W8951_01_100313,0,16.431552,0.34,-0.22,5,5,0,
07/03/2013,01:11:00,-54.125447,-38.745418,SFL00000418,W8951_01_100313,0,0.131933,0.46,-0.22,4,4,0,
07/03/2013,01:17:07,-54.12648,-38.747334,SFL00000418,W8951_01_100313,0,12.427055,0.09,-0.13,6,6,0,
07/03/2013,01:33:00,-54.127606,-38.75304,SFL00000418,W8951_01_100313,0,13.584461,-0.04,-0.17,7,7,0,
07/03/2013,01:49:06,-54.130076,-38.760131,SFL00000418,W8951_01_100313,0,7.91615,0.53,-0.17,5,5,0,
07/03/2013,01:59:01,-54.129848,-38.763043,SFL00000418,W8951_01_100313,0,5.193764,-0.33,-0.5,7,7,0,
07/03/2013,02:30:13,-54.132788,-38.77222,SFL00000418,W8951_01_100313,0,11.377313,-0.02,-0.52,7,7,0,
07/03/2013,02:39:01,-54.134211,-38.77493,SFL00000418,W8951_01_100313,0,0.417309,0.33,-0.52,4,4,0,
07/03/2013,02:49:04,-54.137976,-38.776941,SFL00000418,W8951_01_100313,0,0.465945,0.65,-0.52,5,5,0,
07/03/2013,02:54:00,-54.138481,-38.777977,SFL00000418,W8951_01_100313,0,8.676217,0.26,-0.26,6,6,0,
07/03/2013,03:04:23,-54.139452,-38.781285,SFL00000418,W8951_01_100313,0,2.849949,-0.22,-0.48,6,6,0,
07/03/2013,03:20:02,-54.140547,-38.786381,SFL00000418,W8951_01_100313,0,5.022825,0.19,-0.48,5,6,0,
07/03/2013,03:25:03,-54.140376,-38.788078,SFL00000418,W8951_01_100313,0,6.299002,-0.03,-0.51,6,7,0,
07/03/2013,03:33:00,-54.142494,-38.789503,SFL00000418,W8951_01_100313,0,7.213685,0.85,0.34,7,8,0,
07/03/2013,03:39:08,-54.142638,-38.788197,SFL00000418,W8951_01_100313,0,5.584408,0.01,0.35,7,8,0,
07/03/2013,03:44:05,-54.14334,-38.787298,SFL00000418,W8951_01_100313,0,6.128945,-0.28,0.07,6,6,0,
07/03/2013,04:14:00,-54.142117,-38.792266,SFL00000418,W8951_01_100313,0,0.280875,-0.43,0.07,4,4,0,
07/03/2013,04:34:02,-54.14214,-38.799258,SFL00000418,W8951_01_100313,0,7.733246,-0.15,-0.08,6,7,0,
07/03/2013,04:42:01,-54.143734,-38.802048,SFL00000418,W8951_01_100313,0,0.395092,0.31,-0.08,4,4,0,
07/03/2013,04:47:04,-54.14409,-38.802903,SFL00000418,W8951_01_100313,0,8.706511,-0.51,-0.59,7,8,0,
07/03/2013,04:54:06,-54.146231,-38.804615,SFL00000418,W8951_01_100313,0,6.016481,0.26,-0.33,6,7,0,
07/03/2013,04:59:07,-54.148114,-38.806444,SFL00000418,W8951_01_100313,0,7.753042,0.52,0.19,7,8,0,
07/03/2013,05:05:20,-54.149231,-38.809387,SFL00000418,W8951_01_100313,0,6.92425,-0.26,-0.07,6,6,0,
07/03/2013,05:12:05,-54.153766,-38.810531,SFL00000418,W8951_01_100313,0,7.788284,0.01,-0.06,6,6,0,
07/03/2013,05:27:03,-54.158147,-38.806273,SFL00000418,W8951_01_100313,0,15.545211,-0.25,-0.31,7,7,0,
07/03/2013,05:36:08,-54.157954,-38.806327,SFL00000418,W8951_01_100313,0,10.882071,0.12,-0.19,6,6,0,
07/03/2013,05:51:04,-54.152188,-38.800208,SFL00000418,W8951_01_100313,0,8.398196,0.04,-0.15,7,7,0,
07/03/2013,05:57:33,-54.152031,-38.800612,SFL00000418,W8951_01_100313,0,17.245524,-0.18,-0.33,8,8,0,
07/03/2013,06:05:05,-54.150647,-38.799546,SFL00000418,W8951_01_100313,0,2.74872,0.22,-0.11,7,7,0,
07/03/2013,06:10:00,-54.150596,-38.798514,SFL00000418,W8951_01_100313,0,9.455271,0.41,0.3,8,8,0,
07/03/2013,06:15:01,-54.151335,-38.797117,SFL00000418,W8951_01_100313,0,8.752416,-0.78,-0.48,7,7,0,
07/03/2013,06:32:03,-54.149206,-38.796107,SFL00000418,W8951_01_100313,0,3.98224,0.59,0.11,6,6,0,
07/03/2013,06:38:00,-54.148643,-38.796412,SFL00000418,W8951_01_100313,0,13.845541,-0.06,0.05,8,8,0,
07/03/2013,07:07:00,-54.147207,-38.788299,SFL00000418,W8951_01_100313,0,6.360575,-0.43,-0.38,8,8,0,
07/03/2013,07:19:14,-54.147403,-38.784909,SFL00000418,W8951_01_100313,0,11.339228,0.29,-0.09,8,8,0,
07/03/2013,07:30:09,-54.148968,-38.781358,SFL00000418,W8951_01_100313,0,4.794455,0.22,0.13,8,8,0,
07/03/2013,07:35:14,-54.150223,-38.780503,SFL00000418,W8951_01_100313,0,12.091985,-0.61,-0.48,7,7,0,
07/03/2013,07:41:18,-54.150635,-38.781672,SFL00000418,W8951_01_100313,0,15.509341,-0.09,-0.57,8,8,0,
07/03/2013,08:00:00,-54.149847,-38.782647,SFL00000418,W8951_01_100313,0,8.74724,0.48,-0.09,7,7,0,
07/03/2013,08:08:13,-54.151021,-38.783678,SFL00000418,W8951_01_100313,0,0.732264,-0.12,-0.09,4,4,0,
07/03/2013,08:13:07,-54.150664,-38.784418,SFL00000418,W8951_01_100313,0,3.806384,-0.41,-0.09,5,5,0,
07/03/2013,08:20:03,-54.151115,-38.785605,SFL00000418,W8951_01_100313,0,10.496221,-0.43,-0.52,8,8,0,
07/03/2013,08:35:05,-54.151313,-38.78661,SFL00000418,W8951_01_100313,0,2.563887,-0.1,-0.52,5,5,0,
07/03/2013,08:40:03,-54.151597,-38.786729,SFL00000418,W8951_01_100313,0,4.52773,0.5,-0.02,8,8,0,
07/03/2013,08:45:11,-54.151505,-38.787167,SFL00000418,W8951_01_100313,0,14.397781,-0.22,-0.24,8,8,0,
07/03/2013,08:51:00,-54.152212,-38.787832,SFL00000418,W8951_01_100313,0,10.828949,0.13,-0.11,6,6,0,
07/03/2013,08:56:01,-54.15196,-38.787828,SFL00000418,W8951_01_100313,0,0.935837,-0.27,-0.11,4,4,0,
07/03/2013,09:02:06,-54.152951,-38.788902,SFL00000418,W8951_01_100313,0,3.020301,0.2,0.09,6,6,0,
07/03/2013,09:16:06,-54.153471,-38.78989,SFL00000418,W8951_01_100313,0,10.558713,-0.25,-0.16,8,8,0,
07/03/2013,09:23:00,-54.153804,-38.789513,SFL00000418,W8951_01_100313,0,0.732274,0.07,-0.16,5,5,0,
07/03/2013,09:28:00,-54.154088,-38.789415,SFL00000418,W8951_01_100313,0,9.321374,0.03,-0.13,6,6,0,
07/03/2013,09:33:10,-54.158016,-38.798695,SFL00000418,W8951_01_100313,0,0.683521,-1.36,-0.13,4,4,0,
07/03/2013,09:38:06,-54.154602,-38.789812,SFL00000418,W8951_01_100313,0,14.310372,-0.53,-0.66,8,8,0,
07/03/2013,09:44:11,-54.154473,-38.790019,SFL00000418,W8951_01_100313,0,9.369887,0.12,-0.54,7,7,0,
07/03/2013,09:49:01,-54.154572,-38.789019,SFL00000418,W8951_01_100313,0,14.389344,0.1,-0.44,7,7,0,
07/03/2013,09:55:01,-54.154142,-38.791341,SFL00000418,W8951_01_100313,0,7.897873,-0.15,-0.59,6,6,0,
07/03/2013,10:02:02,-54.154119,-38.791492,SFL00000418,W8951_01_100313,0,11.568047,-0.02,-0.61,6,6,0,
07/03/2013,10:07:01,-54.154906,-38.793397,SFL00000418,W8951_01_100313,0,5.822971,-0.05,-0.66,7,7,0,
07/03/2013,10:12:02,-54.154277,-38.792644,SFL00000418,W8951_01_100313,0,4.668581,0.4,-0.26,6,6,0,
07/03/2013,10:17:09,-54.156553,-38.785942,SFL00000418,W8951_01_100313,0,4.498386,0.7,-0.26,4,4,0,
07/03/2013,10:22:00,-54.155482,-38.79339,SFL00000418,W8951_01_100313,0,6.27224,0.32,0.06,7,7,0,
07/03/2013,10:28:03,-54.155133,-38.794143,SFL00000418,W8951_01_100313,0,10.208099,-0.11,-0.05,6,6,0,
07/03/2013,10:33:02,-54.155026,-38.794529,SFL00000418,W8951_01_100313,0,8.75662,-0.44,-0.49,6,6,0,
07/03/2013,10:40:02,-54.154544,-38.795383,SFL00000418,W8951_01_100313,0,7.233181,0.14,-0.49,5,5,0,
07/03/2013,10:48:04,-54.155369,-38.796851,SFL00000418,W8951_01_100313,0,9.26963,0.3,-0.19,6,6,0,
07/03/2013,10:53:00,-54.15505,-38.79731,SFL00000418,W8951_01_100313,0,12.081194,-0.01,-0.2,8,8,0,
07/03/2013,10:58:06,-54.154986,-38.797548,SFL00000418,W8951_01_100313,0,4.00448,-0.31,-0.51,6,6,0,
07/03/2013,11:03:00,-54.154246,-38.796992,SFL00000418,W8951_01_100313,0,2.954352,0.38,-0.13,6,6,0,
07/03/2013,11:08:00,-54.154673,-38.797219,SFL00000418,W8951_01_100313,0,13.712729,-0.07,-0.2,8,8,0,
07/03/2013,11:14:09,-54.154327,-38.797046,SFL00000418,W8951_01_100313,0,10.093322,0.39,0.19,7,7,0,
07/03/2013,11:19:00,-54.154125,-38.797407,SFL00000418,W8951_01_100313,0,9.733839,-0.38,-0.19,8,8,0,
07/03/2013,11:26:00,-54.154134,-38.797216,SFL00000418,W8951_01_100313,0,10.824914,0.23,0.04,8,8,0,
07/03/2013,11:31:02,-54.153613,-38.796717,SFL00000418,W8951_01_100313,0,8.547064,0.17,0.04,5,5,0,
07/03/2013,11:38:00,-54.153184,-38.797876,SFL00000418,W8951_01_100313,0,11.211223,-0.22,0.04,5,5,0,
07/03/2013,11:44:00,-54.153174,-38.797409,SFL00000418,W8951_01_100313,0,8.087203,-0.22,0.04,5,5,0,
07/03/2013,11:51:00,-54.153388,-38.797537,SFL00000418,W8951_01_100313,0,7.129231,0.01,0.05,7,7,0,
07/03/2013,11:56:00,-54.153164,-38.79753,SFL00000418,W8951_01_100313,0,8.284699,0.03,0.08,7,7,0,
07/03/2013,12:01:00,-54.152994,-38.797853,SFL00000418,W8951_01_100313,0,15.083775,-0.3,-0.22,8,8,0,
07/03/2013,12:06:01,-54.153048,-38.798114,SFL00000418,W8951_01_100313,0,22.200428,0.41,0.19,7,7,0,
07/03/2013,12:11:00,-54.153021,-38.798367,SFL00000418,W8951_01_100313,0,6.210706,-0.14,0.05,8,8,0,
07/03/2013,12:18:00,-54.153282,-38.799347,SFL00000418,W8951_01_100313,0,3.418845,-0.3,-0.25,6,6,0,
07/03/2013,12:42:00,-54.153481,-38.801554,SFL00000418,W8951_01_100313,0,3.863848,-0.01,-0.26,6,6,0,
07/03/2013,12:47:00,-54.153398,-38.801655,SFL00000418,W8951_01_100313,0,1.616155,0.04,-0.26,5,5,0,
07/03/2013,12:55:00,-54.153092,-38.801694,SFL00000418,W8951_01_100313,0,0.115838,0.11,-0.26,4,4,0,
07/03/2013,13:00:00,-54.153391,-38.80104,SFL00000418,W8951_01_100313,0,0.26666,0.21,-0.26,4,4,0,
07/03/2013,13:16:01,-54.156047,-38.80346,SFL00000418,W8951_01_100313,0,4.0496,0.37,-0.26,5,5,0,
07/03/2013,13:22:00,-54.155704,-38.805257,SFL00000418,W8951_01_100313,0,1.313328,0.24,-0.26,5,5,0,
07/03/2013,13:31:07,-54.155966,-38.806326,SFL00000418,W8951_01_100313,0,6.005195,0.27,-0.26,5,5,0,
07/03/2013,13:39:00,-54.156377,-38.808083,SFL00000418,W8951_01_100313,0,0.321512,0.23,-0.26,4,4,0,
07/03/2013,13:46:04,-54.15581,-38.809507,SFL00000418,W8951_01_100313,0,1.46721,0.13,-0.26,5,5,0,
07/03/2013,13:53:11,-54.15616,-38.811604,SFL00000418,W8951_01_100313,0,9.791401,0,-0.26,5,5,0,
07/03/2013,14:09:06,-54.15703,-38.816874,SFL00000418,W8951_01_100313,0,11.956723,0.24,-0.02,6,6,0,
07/03/2013,14:14:02,-54.157268,-38.818484,SFL00000418,W8951_01_100313,0,4.378489,-0.76,-0.78,6,6,0,
07/03/2013,14:37:07,-54.161436,-38.823568,SFL00000418,W8951_01_100313,0,13.928572,0.15,-0.63,6,6,0,
07/03/2013,14:43:17,-54.162568,-38.8245,SFL00000418,W8951_01_100313,0,0.741347,0.72,-0.63,4,4,0,
07/03/2013,14:59:10,-54.165721,-38.827132,SFL00000418,W8951_01_100313,0,3.066435,-0.14,-0.77,6,6,0,
07/03/2013,15:06:08,-54.166399,-38.829165,SFL00000418,W8951_01_100313,0,1.567395,0.77,-0.77,5,5,0,
07/03/2013,15:11:21,-54.167924,-38.828366,SFL00000418,W8951_01_100313,0,8.322589,0.48,-0.77,5,5,0,
07/03/2013,15:17:22,-54.169186,-38.829369,SFL00000418,W8951_01_100313,0,16.304449,0.37,-0.4,6,6,0,
07/03/2013,15:23:13,-54.170493,-38.829905,SFL00000418,W8951_01_100313,0,6.45374,0.24,-0.4,5,5,0,
07/03/2013,15:28:02,-54.171499,-38.830596,SFL00000418,W8951_01_100313,0,8.085398,-0.02,-0.42,6,6,0,
07/03/2013,15:35:05,-54.172661,-38.831173,SFL00000418,W8951_01_100313,0,0.692188,-0.07,-0.42,4,4,0,
07/03/2013,15:43:06,-54.174483,-38.832436,SFL00000418,W8951_01_100313,0,3.448612,0.01,-0.41,7,7,0,
07/03/2013,15:52:06,-54.17627,-38.834213,SFL00000418,W8951_01_100313,0,2.913659,-0.39,-0.41,5,5,0,
07/03/2013,16:00:19,-54.177812,-38.835611,SFL00000418,W8951_01_100313,0,7.013526,-0.45,-0.86,6,6,0,
07/03/2013,16:34:01,-54.181981,-38.838342,SFL00000418,W8951_01_100313,0,6.933934,0.66,-0.2,6,6,0,
07/03/2013,16:48:38,-54.182368,-38.839194,SFL00000418,W8951_01_100313,0,3.552549,-0.02,-0.2,5,5,0,
07/03/2013,16:54:19,-54.183667,-38.838983,SFL00000418,W8951_01_100313,0,7.70803,0.23,-0.2,5,5,0,
07/03/2013,16:59:07,-54.18373,-38.839589,SFL00000418,W8951_01_100313,0,5.12505,-0.27,-0.47,7,7,0,
07/03/2013,17:07:01,-54.18464,-38.838411,SFL00000418,W8951_01_100313,0,13.345896,0.27,-0.2,7,7,0,
07/03/2013,17:14:06,-54.184919,-38.837985,SFL00000418,W8951_01_100313,0,4.888326,-0.5,-0.7,7,7,0,
07/03/2013,17:19:02,-54.185341,-38.837735,SFL00000418,W8951_01_100313,0,8.450066,0.12,-0.58,7,7,0,
07/03/2013,17:24:07,-54.185405,-38.837348,SFL00000418,W8951_01_100313,0,14.970821,0.5,-0.08,7,7,0,
07/03/2013,17:47:01,-54.187734,-38.837583,SFL00000418,W8951_01_100313,0,1.994008,-0.44,-0.52,6,7,0,
07/03/2013,18:23:15,-54.190289,-38.836954,SFL00000418,W8951_01_100313,0,4.93132,-0.05,-0.52,5,6,0,
07/03/2013,18:37:08,-54.192571,-38.838134,SFL00000418,W8951_01_100313,0,1.952305,-0.1,-0.52,4,5,0,
07/03/2013,18:44:07,-54.19233,-38.835413,SFL00000418,W8951_01_100313,0,0.252572,0.36,-0.52,4,5,0,
07/03/2013,18:51:07,-54.193248,-38.834765,SFL00000418,W8951_01_100313,0,0.555503,0.4,-0.52,4,5,0,
07/03/2013,18:56:16,-54.194299,-38.833819,SFL00000418,W8951_01_100313,0,0.448902,0.34,-0.52,4,5,0,
07/03/2013,19:03:15,-54.195756,-38.832643,SFL00000418,W8951_01_100313,0,0.483855,-0.33,-0.52,4,5,0,
07/03/2013,19:11:23,-54.196942,-38.832307,SFL00000418,W8951_01_100313,0,1.067531,-0.12,-0.52,5,6,0,
07/03/2013,19:19:06,-54.19863,-38.831093,SFL00000418,W8951_01_100313,0,1.5266,-0.18,-0.52,4,4,0,
07/03/2013,19:24:42,-54.199056,-38.831741,SFL00000418,W8951_01_100313,0,16.402523,0.43,-0.52,5,6,0,
07/03/2013,19:30:06,-54.19869,-38.830816,SFL00000418,W8951_01_100313,0,8.610406,-0.15,-0.52,5,6,0,
07/03/2013,20:16:11,-54.200617,-38.826846,SFL00000418,W8951_01_100313,0,20.025035,-0.26,-0.78,7,8,0,
07/03/2013,20:33:05,-54.200392,-38.824813,SFL00000418,W8951_01_100313,0,10.907561,0.49,-0.29,7,8,0,
07/03/2013,20:39:13,-54.200601,-38.824394,SFL00000418,W8951_01_100313,0,6.834895,0.26,-0.03,7,8,0,
07/03/2013,20:46:05,-54.201132,-38.823016,SFL00000418,W8951_01_100313,0,15.379586,-0.26,-0.29,7,8,0,
07/03/2013,20:51:00,-54.201065,-38.823044,SFL00000418,W8951_01_100313,0,11.052761,0.24,-0.05,8,8,0,
07/03/2013,20:56:02,-54.201869,-38.821959,SFL00000418,W8951_01_100313,0,6.217977,-0.76,-0.81,7,8,0,
07/03/2013,21:02:07,-54.203026,-38.820299,SFL00000418,W8951_01_100313,0,12.536396,0.54,-0.27,8,8,0,
07/03/2013,21:07:01,-54.204991,-38.81781,SFL00000418,W8951_01_100313,0,0.635794,-0.36,-0.27,4,4,0,
07/03/2013,21:12:08,-54.204049,-38.820665,SFL00000418,W8951_01_100313,0,9.469374,-0.51,-0.78,7,8,0,
07/03/2013,21:18:04,-54.205285,-38.820587,SFL00000418,W8951_01_100313,0,3.58032,0,-0.78,6,6,0,
07/03/2013,21:25:02,-54.205611,-38.82128,SFL00000418,W8951_01_100313,0,8.587542,0.11,-0.67,7,7,0,
07/03/2013,21:31:11,-54.205778,-38.823914,SFL00000418,W8951_01_100313,0,6.173434,0.51,-0.16,7,7,0,
07/03/2013,21:40:01,-54.206043,-38.831647,SFL00000418,W8951_01_100313,0,8.606367,-0.6,-0.16,5,5,0,
07/03/2013,21:45:06,-54.206325,-38.833907,SFL00000418,W8951_01_100313,0,0.428109,0.1,-0.16,4,4,0,
07/03/2013,21:53:06,-54.207439,-38.835304,SFL00000418,W8951_01_100313,0,0.5652,-0.32,-0.16,4,4,0,
07/03/2013,22:02:00,-54.212135,-38.838895,SFL00000418,W8951_01_100313,0,10.046291,-0.27,-0.43,7,7,0,
07/03/2013,22:09:01,-54.21441,-38.837423,SFL00000418,W8951_01_100313,0,5.075727,-0.52,-0.43,5,5,0,
07/03/2013,22:17:30,-54.213479,-38.834439,SFL00000418,W8951_01_100313,0,2.028233,0.25,-0.43,5,5,0,
07/03/2013,22:24:06,-54.212411,-38.834001,SFL00000418,W8951_01_100313,0,6.734685,0.25,-0.18,6,6,0,
07/03/2013,22:40:10,-54.210286,-38.835336,SFL00000418,W8951_01_100313,0,3.990129,-0.65,-0.83,6,6,0,
07/03/2013,23:14:27,-54.206682,-38.832879,SFL00000418,W8951_01_100313,0,10.67094,0.24,-0.59,7,7,0,
07/03/2013,23:24:09,-54.20578,-38.830698,SFL00000418,W8951_01_100313,0,6.256139,0.41,-0.18,8,8,0,
07/03/2013,23:29:04,-54.205519,-38.830903,SFL00000418,W8951_01_100313,0,14.466286,-0.19,-0.37,8,8,0,
07/03/2013,23:43:16,-54.205636,-38.833296,SFL00000418,W8951_01_100313,0,8.347748,-0.25,-0.62,6,6,0,
07/03/2013,23:48:00,-54.204868,-38.833494,SFL00000418,W8951_01_100313,0,3.515536,0.15,-0.62,5,5,0,
07/03/2013,23:54:00,-54.203319,-38.831829,SFL00000418,W8951_01_100313,0,0.430242,0.25,-0.62,4,4,0,
08/03/2013,00:02:01,-54.202803,-38.831549,SFL00000418,W8951_01_100313,0,9.168962,0.53,-0.09,8,8,0,
08/03/2013,00:07:05,-54.201632,-38.830597,SFL00000418,W8951_01_100313,0,1.743934,-0.22,-0.09,5,5,0,
08/03/2013,00:14:00,-54.201803,-38.830789,SFL00000418,W8951_01_100313,0,9.92251,-0.03,-0.12,8,8,0,
08/03/2013,00:22:06,-54.201327,-38.832804,SFL00000418,W8951_01_100313,0,12.379632,-0.21,-0.33,6,6,0,
08/03/2013,00:50:03,-54.198617,-38.82894,SFL00000418,W8951_01_100313,0,3.415516,0.48,-0.33,5,5,0,
08/03/2013,00:55:54,-54.205886,-38.837826,SFL00000418,W8951_01_100313,0,0.486962,-0.9,-0.33,4,4,0,
08/03/2013,01:02:05,-54.1981,-38.833769,SFL00000418,W8951_01_100313,0,8.507496,-0.44,-0.77,6,6,0,
08/03/2013,01:08:07,-54.197318,-38.834179,SFL00000418,W8951_01_100313,0,0.290177,-0.17,-0.77,4,4,0,
08/03/2013,01:13:00,-54.196686,-38.83485,SFL00000418,W8951_01_100313,0,0.375492,-0.06,-0.77,4,4,0,
08/03/2013,01:23:00,-54.196789,-38.836004,SFL00000418,W8951_01_100313,0,3.158981,-0.08,-0.77,5,5,0,
08/03/2013,01:29:06,-54.188253,-38.825061,SFL00000418,W8951_01_100313,0,1.090378,0.87,-0.77,4,4,0,
08/03/2013,01:37:00,-54.196218,-38.836737,SFL00000418,W8951_01_100313,0,2.515076,-0.13,-0.77,5,5,0,
08/03/2013,01:42:00,-54.19636,-38.836945,SFL00000418,W8951_01_100313,0,6.031012,0.12,-0.65,6,6,0,
08/03/2013,01:48:00,-54.196274,-38.836596,SFL00000418,W8951_01_100313,0,11.875833,0,-0.65,7,7,0,
08/03/2013,01:54:03,-54.195769,-38.836091,SFL00000418,W8951_01_100313,0,5.186068,-0.46,-1.11,8,8,0,
08/03/2013,02:00:00,-54.195769,-38.836818,SFL00000418,W8951_01_100313,0,5.373035,0.95,-1.11,5,5,0,
08/03/2013,02:07:01,-54.195245,-38.836866,SFL00000418,W8951_01_100313,0,3.041686,0.77,-0.34,7,7,0,
08/03/2013,02:12:00,-54.19472,-38.836196,SFL00000418,W8951_01_100313,0,13.561444,-0.1,-0.44,8,8,0,
08/03/2013,02:17:02,-54.194172,-38.836314,SFL00000418,W8951_01_100313,0,5.614239,-0.35,-0.79,6,6,0,
08/03/2013,02:22:00,-54.194199,-38.835877,SFL00000418,W8951_01_100313,0,8.939175,0.36,-0.43,8,8,0,
08/03/2013,02:27:00,-54.194392,-38.835041,SFL00000418,W8951_01_100313,0,5.449037,-0.01,-0.43,5,5,0,
08/03/2013,02:32:01,-54.194317,-38.835864,SFL00000418,W8951_01_100313,0,3.202002,0.02,-0.43,5,5,0,
08/03/2013,02:38:02,-54.191511,-38.838252,SFL00000418,W8951_01_100313,0,0.478501,0.32,-0.43,4,4,0,
08/03/2013,02:45:00,-54.193284,-38.839029,SFL00000418,W8951_01_100313,0,0.751082,0.04,-0.43,4,4,0,
08/03/2013,02:59:00,-54.192965,-38.839511,SFL00000418,W8951_01_100313,0,2.056691,0.31,-0.43,5,5,0,
08/03/2013,03:06:06,-54.193224,-38.841314,SFL00000418,W8951_01_100313,0,0.288806,-0.54,-0.43,4,5,0,
08/03/2013,03:11:00,-54.193763,-38.841627,SFL00000418,W8951_01_100313,0,1.083027,0.01,-0.42,6,7,0,
08/03/2013,03:16:00,-54.194032,-38.843681,SFL00000418,W8951_01_100313,0,3.431344,-0.03,-0.45,6,7,0,
08/03/2013,03:26:00,-54.192773,-38.842408,SFL00000418,W8951_01_100313,0,13.631625,0,-0.45,7,8,0,
08/03/2013,03:31:00,-54.19259,-38.842093,SFL00000418,W8951_01_100313,0,12.542161,0.01,-0.44,7,7,0,
08/03/2013,03:37:00,-54.192516,-38.841268,SFL00000418,W8951_01_100313,0,8.348333,0.01,-0.43,7,8,0,
08/03/2013,03:45:10,-54.192404,-38.843358,SFL00000418,W8951_01_100313,0,1.71193,-0.07,-0.43,5,6,0,
08/03/2013,03:53:01,-54.192635,-38.843353,SFL00000418,W8951_01_100313,0,10.064449,-0.65,-0.43,5,6,0,
08/03/2013,03:58:00,-54.192435,-38.843979,SFL00000418,W8951_01_100313,0,7.989419,-0.16,-0.59,6,7,0,
08/03/2013,04:04:00,-54.192584,-38.845588,SFL00000418,W8951_01_100313,0,10.271775,0.01,-0.58,7,8,0,
08/03/2013,04:11:00,-54.192725,-38.847348,SFL00000418,W8951_01_100313,0,11.977589,-0.03,-0.61,6,7,0,
08/03/2013,04:16:00,-54.192971,-38.847599,SFL00000418,W8951_01_100313,0,14.83314,0.04,-0.57,6,7,0,
08/03/2013,04:22:08,-54.193407,-38.849122,SFL00000418,W8951_01_100313,0,0.510784,-0.25,-0.82,6,7,0,
08/03/2013,04:29:11,-54.193924,-38.847806,SFL00000418,W8951_01_100313,0,5.379914,-0.04,-0.86,6,7,0,
08/03/2013,04:34:06,-54.192658,-38.84875,SFL00000418,W8951_01_100313,0,9.710193,-0.26,-1.12,6,7,0,
08/03/2013,04:39:00,-54.192078,-38.848016,SFL00000418,W8951_01_100313,0,6.975082,0.52,-0.6,7,8,0,
08/03/2013,04:44:05,-54.189853,-38.847377,SFL00000418,W8951_01_100313,0,1.130225,-0.38,-0.6,4,5,0,
08/03/2013,04:49:02,-54.191864,-38.846932,SFL00000418,W8951_01_100313,0,13.307335,-0.51,-1.11,7,8,0,
08/03/2013,05:00:00,-54.192557,-38.845659,SFL00000418,W8951_01_100313,0,8.27627,0.25,-0.86,8,8,0,
08/03/2013,05:18:00,-54.194961,-38.8484,SFL00000418,W8951_01_100313,0,5.08022,0.37,-0.49,8,8,0,
08/03/2013,05:23:00,-54.195201,-38.850446,SFL00000418,W8951_01_100313,0,8.027417,-0.35,-0.84,8,8,0,
08/03/2013,05:28:43,-54.195992,-38.851681,SFL00000418,W8951_01_100313,0,11.415317,0.36,-0.48,7,7,0,
08/03/2013,05:34:01,-54.195669,-38.853429,SFL00000418,W8951_01_100313,0,6.877503,-0.49,-0.97,8,8,0,
08/03/2013,05:41:04,-54.195333,-38.855347,SFL00000418,W8951_01_100313,0,3.068986,0.63,-0.34,7,7,0,
08/03/2013,05:46:03,-54.195027,-38.854854,SFL00000418,W8951_01_100313,0,9.390617,-0.66,-1,8,8,0,
08/03/2013,05:54:01,-54.194219,-38.853772,SFL00000418,W8951_01_100313,0,6.369001,0.76,-0.24,8,8,0,
08/03/2013,06:00:00,-54.193219,-38.853893,SFL00000418,W8951_01_100313,0,11.028691,-0.39,-0.63,8,8,0,
08/03/2013,06:05:00,-54.192852,-38.853655,SFL00000418,W8951_01_100313,0,13.874761,0.23,-0.4,8,8,0,
08/03/2013,06:13:05,-54.192888,-38.852958,SFL00000418,W8951_01_100313,0,3.362197,-0.82,-1.22,8,8,0,
08/03/2013,06:20:01,-54.193225,-38.853246,SFL00000418,W8951_01_100313,0,10.682141,0.36,-0.86,7,7,0,
08/03/2013,06:31:16,-54.193724,-38.853423,SFL00000418,W8951_01_100313,0,0.532477,0.05,-0.86,4,4,0,
08/03/2013,06:37:00,-54.194212,-38.853493,SFL00000418,W8951_01_100313,0,19.543005,0.09,-0.77,8,8,0,
08/03/2013,06:43:00,-54.194019,-38.854695,SFL00000418,W8951_01_100313,0,9.570849,0.01,-0.76,8,8,0,
08/03/2013,06:51:04,-54.194691,-38.855783,SFL00000418,W8951_01_100313,0,8.860288,0.22,-0.54,7,7,0,
08/03/2013,06:57:00,-54.194381,-38.856422,SFL00000418,W8951_01_100313,0,8.962766,-0.25,-0.79,7,7,0,
08/03/2013,07:03:05,-54.19434,-38.8548,SFL00000418,W8951_01_100313,0,4.160766,0.24,-0.55,7,7,0,
08/03/2013,07:11:15,-54.194922,-38.853478,SFL00000418,W8951_01_100313,0,7.282404,0.2,-0.35,8,8,0,
08/03/2013,07:19:04,-54.195636,-38.852857,SFL00000418,W8951_01_100313,0,7.032254,-0.28,-0.63,7,7,0,
08/03/2013,07:24:17,-54.195563,-38.853974,SFL00000418,W8951_01_100313,0,11.791789,-0.15,-0.78,8,8,0,
08/03/2013,07:29:00,-54.19489,-38.854182,SFL00000418,W8951_01_100313,0,8.122758,0.38,-0.78,5,5,0,
08/03/2013,07:37:04,-54.194762,-38.85521,SFL00000418,W8951_01_100313,0,7.814385,0.23,-0.55,8,8,0,
08/03/2013,07:51:01,-54.193821,-38.857503,SFL00000418,W8951_01_100313,0,12.517738,-0.12,-0.67,8,8,0,
08/03/2013,07:58:02,-54.193589,-38.858555,SFL00000418,W8951_01_100313,0,0.700454,0.23,-0.67,4,4,0,
08/03/2013,08:05:00,-54.193092,-38.85942,SFL00000418,W8951_01_100313,0,4.676211,0.25,-0.42,8,8,0,
08/03/2013,08:10:03,-54.193298,-38.859811,SFL00000418,W8951_01_100313,0,1.859015,-0.77,-0.42,5,5,0,
08/03/2013,08:24:11,-54.193261,-38.861731,SFL00000418,W8951_01_100313,0,10.295621,-0.64,-1.06,8,8,0,
08/03/2013,08:29:00,-54.193073,-38.862116,SFL00000418,W8951_01_100313,0,11.926039,0.64,-0.42,8,8,0,
08/03/2013,08:34:11,-54.193454,-38.862322,SFL00000418,W8951_01_100313,0,11.468844,-0.03,-0.45,6,6,0,
08/03/2013,08:41:15,-54.19257,-38.863059,SFL00000418,W8951_01_100313,0,0.71101,-0.52,-0.45,4,4,0,
08/03/2013,08:46:00,-54.193438,-38.863254,SFL00000418,W8951_01_100313,0,8.538968,0.03,-0.42,7,7,0,
08/03/2013,08:55:13,-54.193284,-38.863045,SFL00000418,W8951_01_100313,0,3.568445,-0.75,-1.17,6,6,0,
08/03/2013,09:00:00,-54.193274,-38.862829,SFL00000418,W8951_01_100313,0,13.235322,0.73,-0.44,8,8,0,
08/03/2013,09:05:01,-54.193693,-38.861959,SFL00000418,W8951_01_100313,0,0.203535,-0.21,-0.44,5,5,0,
08/03/2013,09:10:00,-54.193568,-38.862182,SFL00000418,W8951_01_100313,0,6.558093,-0.01,-0.45,7,7,0,
08/03/2013,09:15:00,-54.194029,-38.861979,SFL00000418,W8951_01_100313,0,15.250147,0.01,-0.44,6,6,0,
08/03/2013,09:20:01,-54.194251,-38.861635,SFL00000418,W8951_01_100313,0,8.406034,-0.12,-0.56,8,8,0,
08/03/2013,09:25:00,-54.194397,-38.861703,SFL00000418,W8951_01_100313,0,8.353822,0.12,-0.44,8,8,0,
08/03/2013,09:30:01,-54.194496,-38.861817,SFL00000418,W8951_01_100313,0,16.746012,-0.63,-1.07,8,8,0,
08/03/2013,09:36:00,-54.194634,-38.861823,SFL00000418,W8951_01_100313,0,12.696869,0.65,-0.42,8,8,0,
08/03/2013,09:41:05,-54.195054,-38.862225,SFL00000418,W8951_01_100313,0,14.411941,0.11,-0.31,6,6,0,
08/03/2013,09:46:00,-54.195765,-38.861922,SFL00000418,W8951_01_100313,0,7.876321,-0.13,-0.44,7,7,0,
08/03/2013,09:51:00,-54.195883,-38.863275,SFL00000418,W8951_01_100313,0,10.99363,-0.12,-0.56,6,6,0,
08/03/2013,09:59:00,-54.196149,-38.862014,SFL00000418,W8951_01_100313,0,10.311336,0.08,-0.48,6,6,0,
08/03/2013,10:04:01,-54.196356,-38.862066,SFL00000418,W8951_01_100313,0,9.837692,-0.74,-1.22,8,8,0,
08/03/2013,10:10:01,-54.196283,-38.862999,SFL00000418,W8951_01_100313,0,16.089997,-0.1,-1.22,5,5,0,
08/03/2013,10:15:00,-54.197047,-38.861883,SFL00000418,W8951_01_100313,0,8.433208,0.74,-0.48,8,8,0,
08/03/2013,10:20:00,-54.196217,-38.861791,SFL00000418,W8951_01_100313,0,0.674519,0.14,-0.48,5,5,0,
08/03/2013,10:25:01,-54.197551,-38.861354,SFL00000418,W8951_01_100313,0,14.112348,-0.74,-1.22,8,8,0,
08/03/2013,10:30:00,-54.197361,-38.860985,SFL00000418,W8951_01_100313,0,10.922512,0.74,-0.48,7,7,0,
08/03/2013,10:35:00,-54.197973,-38.861731,SFL00000418,W8951_01_100313,0,10.745845,-0.07,-0.55,6,6,0,
08/03/2013,10:40:01,-54.197768,-38.860846,SFL00000418,W8951_01_100313,0,4.326956,-0.45,-1,8,8,0,
08/03/2013,10:45:00,-54.198199,-38.860274,SFL00000418,W8951_01_100313,0,8.36298,0.5,-0.5,7,7,0,
08/03/2013,10:50:01,-54.197991,-38.859993,SFL00000418,W8951_01_100313,0,10.776662,-0.71,-1.21,7,7,0,
08/03/2013,10:55:00,-54.198337,-38.859271,SFL00000418,W8951_01_100313,0,1.519266,0.78,-1.21,5,5,0,
08/03/2013,11:00:00,-54.199008,-38.859102,SFL00000418,W8951_01_100313,0,8.332543,0.73,-0.48,7,7,0,
08/03/2013,11:05:00,-54.199195,-38.858651,SFL00000418,W8951_01_100313,0,3.403768,-0.02,-0.5,8,8,0,
08/03/2013,11:11:01,-54.199456,-38.8583,SFL00000418,W8951_01_100313,0,9.023005,-0.75,-1.25,6,6,0,
08/03/2013,11:16:00,-54.19986,-38.858013,SFL00000418,W8951_01_100313,0,8.593222,0.76,-0.49,7,7,0,
08/03/2013,11:21:01,-54.200081,-38.857248,SFL00000418,W8951_01_100313,0,10.808031,0.01,-0.48,7,7,0,
08/03/2013,11:26:01,-54.200026,-38.856712,SFL00000418,W8951_01_100313,0,14.964614,-0.79,-1.27,6,6,0,
08/03/2013,11:31:01,-54.200505,-38.85654,SFL00000418,W8951_01_100313,0,7.58805,0.04,-1.23,8,8,0,
08/03/2013,11:36:00,-54.200898,-38.856041,SFL00000418,W8951_01_100313,0,10.878533,0.74,-0.49,7,7,0,
08/03/2013,11:42:20,-54.200966,-38.855673,SFL00000418,W8951_01_100313,0,8.750961,-0.62,-1.11,8,8,0,
08/03/2013,11:47:17,-54.200808,-38.855216,SFL00000418,W8951_01_100313,0,7.73034,-0.01,-1.11,5,5,0,
08/03/2013,11:55:26,-54.20124,-38.854346,SFL00000418,W8951_01_100313,0,8.298549,0.69,-0.42,6,6,0,
08/03/2013,12:01:07,-54.201165,-38.854922,SFL00000418,W8951_01_100313,0,12.928742,-0.75,-1.17,8,8,0,
08/03/2013,12:06:01,-54.201025,-38.854601,SFL00000418,W8951_01_100313,0,8.105012,0.53,-0.64,8,8,0,
08/03/2013,12:11:12,-54.20122,-38.854824,SFL00000418,W8951_01_100313,0,6.906466,-0.01,-0.65,8,8,0,
08/03/2013,12:16:01,-54.201291,-38.854492,SFL00000418,W8951_01_100313,0,5.567511,0.31,-0.65,5,5,0,
08/03/2013,12:25:00,-54.201212,-38.854589,SFL00000418,W8951_01_100313,0,2.6396,0.17,-0.48,6,6,0,
08/03/2013,12:30:08,-54.201703,-38.854589,SFL00000418,W8951_01_100313,0,7.021044,-0.38,-0.86,6,6,0,
08/03/2013,12:39:02,-54.202767,-38.854817,SFL00000418,W8951_01_100313,0,13.301168,0.45,-0.41,6,6,0,
08/03/2013,14:23:04,-54.209033,-38.848059,SFL00000418,W8951_01_100313,0,0.251851,-0.11,-0.41,4,4,0,
08/03/2013,14:32:18,-54.209461,-38.848255,SFL00000418,W8951_01_100313,0,9.176404,-0.9,-1.31,7,7,0,
08/03/2013,14:53:45,-54.210609,-38.846616,SFL00000418,W8951_01_100313,0,6.056607,0.23,-1.08,6,6,0,
08/03/2013,15:49:50,-54.213976,-38.840323,SFL00000418,W8951_01_100313,0,0.52963,-0.24,-1.08,4,4,0,
08/03/2013,16:09:42,-54.215324,-38.839884,SFL00000418,W8951_01_100313,0,8.431317,0.21,-1.08,5,5,0,
08/03/2013,16:17:22,-54.215547,-38.837723,SFL00000418,W8951_01_100313,0,6.36517,0.33,-0.75,7,7,0,
08/03/2013,16:31:01,-54.214744,-38.848453,SFL00000418,W8951_01_100313,0,0.089246,-1,-0.75,4,4,0,
08/03/2013,16:37:14,-54.217604,-38.834803,SFL00000418,W8951_01_100313,0,0.589632,-0.16,-0.75,4,4,0,
08/03/2013,16:53:39,-54.220127,-38.832502,SFL00000418,W8951_01_100313,0,3.175903,-0.62,-1.37,6,6,0,
08/03/2013,16:58:13,-54.220651,-38.832154,SFL00000418,W8951_01_100313,0,15.017922,0.36,-1.01,8,8,0,
08/03/2013,17:05:19,-54.221235,-38.831017,SFL00000418,W8951_01_100313,0,7.412332,-0.26,-1.27,8,8,0,
08/03/2013,17:11:01,-54.222027,-38.829889,SFL00000418,W8951_01_100313,0,8.077753,0.14,-1.13,7,7,0,
08/03/2013,17:16:01,-54.222756,-38.82869,SFL00000418,W8951_01_100313,0,4.199262,-0.23,-1.36,6,6,0,
08/03/2013,17:22:59,-54.223943,-38.827944,SFL00000418,W8951_01_100313,0,3.222981,0.48,-0.88,6,7,0,
08/03/2013,17:31:01,-54.224714,-38.827046,SFL00000418,W8951_01_100313,0,8.225272,-0.14,-1.02,7,8,0,
08/03/2013,19:49:01,-54.237958,-38.813228,SFL00000418,W8951_01_100313,0,0.297401,0.4,-1.02,4,4,0,
08/03/2013,19:55:16,-54.238615,-38.813735,SFL00000418,W8951_01_100313,0,7.327224,-0.18,-1.2,7,8,0,
08/03/2013,20:01:09,-54.237912,-38.813449,SFL00000418,W8951_01_100313,0,1.710982,-0.1,-1.2,4,4,0,
08/03/2013,20:25:10,-54.240051,-38.810978,SFL00000418,W8951_01_100313,0,2.308916,0.61,-1.2,5,5,0,
08/03/2013,20:39:15,-54.240943,-38.809826,SFL00000418,W8951_01_100313,0,5.539007,-0.14,-1.34,7,8,0,
08/03/2013,20:46:06,-54.241139,-38.80931,SFL00000418,W8951_01_100313,0,13.739167,-0.14,-1.48,8,8,0,
08/03/2013,21:01:20,-54.240005,-38.809071,SFL00000418,W8951_01_100313,0,5.091036,0.26,-1.22,7,7,0,
08/03/2013,21:07:00,-54.239646,-38.80868,SFL00000418,W8951_01_100313,0,4.666602,0.13,-1.09,7,7,0,
08/03/2013,21:12:00,-54.239589,-38.808835,SFL00000418,W8951_01_100313,0,6.536297,0,-1.09,7,7,0,
08/03/2013,21:17:00,-54.239164,-38.808451,SFL00000418,W8951_01_100313,0,8.945239,-0.02,-1.11,8,8,0,
08/03/2013,21:22:00,-54.238628,-38.80812,SFL00000418,W8951_01_100313,0,14.537077,-0.01,-1.12,8,8,0,
08/03/2013,21:28:03,-54.238392,-38.807293,SFL00000418,W8951_01_100313,0,4.197674,0.05,-1.07,7,7,0,
08/03/2013,21:33:00,-54.237683,-38.806578,SFL00000418,W8951_01_100313,0,7.024884,-0.04,-1.11,8,8,0,
08/03/2013,21:38:19,-54.237337,-38.805158,SFL00000418,W8951_01_100313,0,12.063745,0.36,-0.75,8,8,0,
08/03/2013,21:43:12,-54.236147,-38.804453,SFL00000418,W8951_01_100313,0,15.015938,-0.71,-1.46,7,7,0,
08/03/2013,21:49:24,-54.234362,-38.802085,SFL00000418,W8951_01_100313,0,9.51436,0.24,-1.22,7,7,0,
08/03/2013,21:56:03,-54.235542,-38.799796,SFL00000418,W8951_01_100313,0,8.81221,0.59,-0.63,7,7,0,
08/03/2013,22:15:15,-54.234135,-38.787247,SFL00000418,W8951_01_100313,0,0.583969,-0.38,-0.63,5,5,0,
08/03/2013,22:22:06,-54.234521,-38.780627,SFL00000418,W8951_01_100313,0,5.872831,-0.38,-1.01,8,8,0,
08/03/2013,22:33:02,-54.235126,-38.775417,SFL00000418,W8951_01_100313,0,10.308732,-0.51,-1.52,8,8,0,
08/03/2013,22:38:41,-54.235242,-38.776432,SFL00000418,W8951_01_100313,0,6.383971,0.23,-1.29,7,7,0,
08/03/2013,22:53:28,-54.237788,-38.779622,SFL00000418,W8951_01_100313,0,0.376902,0.61,-1.29,4,4,0,
08/03/2013,23:11:04,-54.236927,-38.77562,SFL00000418,W8951_01_100313,0,1.452161,0.56,-0.73,7,7,0,
08/03/2013,23:18:01,-54.235906,-38.773854,SFL00000418,W8951_01_100313,0,4.495959,-0.29,-1.02,8,8,0,
08/03/2013,23:23:00,-54.235143,-38.776205,SFL00000418,W8951_01_100313,0,11.797621,0.25,-0.77,8,8,0,
09/03/2013,00:18:00,-54.211805,-38.791741,SFL00000418,W8951_01_100313,0,0.524607,-0.51,-0.77,4,4,0,
09/03/2013,00:24:02,-54.211401,-38.797505,SFL00000418,W8951_01_100313,0,7.079029,-0.2,-0.77,5,5,0,
09/03/2013,00:45:10,-54.207335,-38.806356,SFL00000418,W8951_01_100313,0,3.302227,0.03,-0.77,5,5,0,
09/03/2013,00:52:11,-54.210852,-38.81475,SFL00000418,W8951_01_100313,0,0.996724,-0.62,-0.77,4,4,0,
09/03/2013,00:59:00,-54.217872,-38.827463,SFL00000418,W8951_01_100313,0,16.821185,-0.81,-0.77,4,4,0,
09/03/2013,01:05:00,-54.214365,-38.823756,SFL00000418,W8951_01_100313,0,14.341241,-0.66,-1.43,6,6,0,
09/03/2013,01:31:00,-54.218191,-38.830912,SFL00000418,W8951_01_100313,0,6.988791,0.72,-1.43,5,5,0,
09/03/2013,02:14:01,-54.223932,-38.85572,SFL00000418,W8951_01_100313,0,11.144485,0.57,-0.86,6,6,0,
09/03/2013,02:55:06,-54.231725,-38.86237,SFL00000418,W8951_01_100313,0,6.828012,0.01,-0.85,6,6,0,
09/03/2013,03:00:57,-54.231448,-38.865249,SFL00000418,W8951_01_100313,0,9.748344,-0.47,-0.85,5,5,0,
09/03/2013,03:07:00,-54.231595,-38.868713,SFL00000418,W8951_01_100313,0,10.253398,-0.76,-0.85,5,5,0,
09/03/2013,03:15:18,-54.230785,-38.870325,SFL00000418,W8951_01_100313,0,0.944698,0,-0.85,4,4,0,
09/03/2013,03:23:01,-54.232337,-38.8715,SFL00000418,W8951_01_100313,0,14.41613,-0.53,-1.38,6,6,0,
09/03/2013,03:39:01,-54.235908,-38.871437,SFL00000418,W8951_01_100313,0,6.882782,0.34,-1.04,6,6,0,
09/03/2013,03:54:06,-54.232854,-38.882167,SFL00000418,W8951_01_100313,0,20.148495,0.03,-1.01,6,6,0,
09/03/2013,03:59:25,-54.231834,-38.884683,SFL00000418,W8951_01_100313,0,0.357525,-0.65,-1.01,4,4,0,
09/03/2013,04:13:05,-54.232486,-38.891951,SFL00000418,W8951_01_100313,0,8.400584,-0.14,-1.15,6,6,0,
09/03/2013,04:19:00,-54.233182,-38.894871,SFL00000418,W8951_01_100313,0,4.137387,-0.3,-1.45,8,8,0,
09/03/2013,04:46:02,-54.235138,-38.898065,SFL00000418,W8951_01_100313,0,14.23662,-0.14,-1.59,8,8,0,
09/03/2013,05:04:10,-54.23468,-38.900575,SFL00000418,W8951_01_100313,0,5.459425,0.6,-0.99,8,8,0,
09/03/2013,05:22:02,-54.233844,-38.899373,SFL00000418,W8951_01_100313,0,10.506502,0.17,-0.82,6,6,0,
09/03/2013,05:30:01,-54.235255,-38.898126,SFL00000418,W8951_01_100313,0,12.735825,-0.43,-1.25,6,6,0,
09/03/2013,05:49:07,-54.238138,-38.903556,SFL00000418,W8951_01_100313,0,3.335692,-0.1,-1.25,5,5,0,
09/03/2013,06:32:02,-54.240512,-38.905776,SFL00000418,W8951_01_100313,0,8.538462,-0.41,-1.66,6,6,0,
09/03/2013,06:52:01,-54.238316,-38.909899,SFL00000418,W8951_01_100313,0,12.170792,0.6,-1.06,8,8,0,
09/03/2013,07:03:00,-54.238876,-38.912197,SFL00000418,W8951_01_100313,0,4.718747,-0.02,-1.08,7,7,0,
09/03/2013,07:22:05,-54.23883,-38.909903,SFL00000418,W8951_01_100313,0,11.643149,-0.65,-1.73,7,7,0,
09/03/2013,07:32:05,-54.239034,-38.907146,SFL00000418,W8951_01_100313,0,3.628118,0.63,-1.1,8,8,0,
09/03/2013,07:37:00,-54.239272,-38.90812,SFL00000418,W8951_01_100313,0,12.615197,0.11,-1.1,5,5,0,
09/03/2013,07:42:00,-54.239048,-38.909374,SFL00000418,W8951_01_100313,0,3.338549,-0.15,-1.25,6,6,0,
09/03/2013,07:50:07,-54.239054,-38.911309,SFL00000418,W8951_01_100313,0,9.645924,0.26,-0.99,7,7,0,
09/03/2013,07:55:01,-54.238675,-38.912775,SFL00000418,W8951_01_100313,0,6.358161,0.05,-0.94,6,6,0,
09/03/2013,08:19:06,-54.237197,-38.920033,SFL00000418,W8951_01_100313,0,8.703365,-0.13,-1.07,6,6,0,
09/03/2013,08:24:00,-54.237032,-38.920841,SFL00000418,W8951_01_100313,0,7.172968,0.2,-0.87,8,8,0,
09/03/2013,08:30:02,-54.23683,-38.921949,SFL00000418,W8951_01_100313,0,4.580819,-0.12,-0.99,7,7,0,
09/03/2013,08:35:00,-54.236968,-38.92321,SFL00000418,W8951_01_100313,0,9.452025,-0.17,-1.16,7,7,0,
09/03/2013,08:40:00,-54.236416,-38.923984,SFL00000418,W8951_01_100313,0,14.144765,-0.44,-1.6,8,8,0,
09/03/2013,08:45:06,-54.235865,-38.924811,SFL00000418,W8951_01_100313,0,13.691881,0.73,-0.87,7,7,0,
09/03/2013,08:52:01,-54.235019,-38.924201,SFL00000418,W8951_01_100313,0,9.179025,-0.34,-1.21,7,7,0,
09/03/2013,08:59:09,-54.234228,-38.923426,SFL00000418,W8951_01_100313,0,11.04999,-0.03,-1.24,8,8,0,
09/03/2013,09:05:00,-54.233759,-38.924907,SFL00000418,W8951_01_100313,0,0.938857,-0.15,-1.24,5,5,0,
09/03/2013,09:10:01,-54.233457,-38.925557,SFL00000418,W8951_01_100313,0,15.487032,-0.11,-1.35,6,6,0,
09/03/2013,09:16:06,-54.233434,-38.927949,SFL00000418,W8951_01_100313,0,4.556801,-0.05,-1.35,5,5,0,
09/03/2013,09:24:05,-54.232434,-38.928991,SFL00000418,W8951_01_100313,0,5.645551,-0.2,-1.35,5,5,0,
09/03/2013,09:29:04,-54.231749,-38.930629,SFL00000418,W8951_01_100313,0,0.557913,0.27,-1.35,4,4,0,
09/03/2013,09:34:12,-54.231791,-38.930288,SFL00000418,W8951_01_100313,0,0.674743,0.44,-1.35,4,4,0,
09/03/2013,09:41:36,-54.229803,-38.934544,SFL00000418,W8951_01_100313,0,9.188654,-0.25,-1.35,5,5,0,
09/03/2013,09:57:03,-54.227256,-38.938242,SFL00000418,W8951_01_100313,0,6.365894,0.01,-1.35,5,5,0,
09/03/2013,10:02:00,-54.226439,-38.939642,SFL00000418,W8951_01_100313,0,18.535631,0.29,-1.06,8,8,0,
09/03/2013,10:07:14,-54.225981,-38.941472,SFL00000418,W8951_01_100313,0,0.642693,-0.69,-1.06,5,5,0,
09/03/2013,10:14:00,-54.224308,-38.942132,SFL00000418,W8951_01_100313,0,14.657624,-0.6,-1.66,8,8,0,
09/03/2013,10:19:00,-54.223261,-38.942383,SFL00000418,W8951_01_100313,0,8.427954,0.08,-1.58,6,6,0,
09/03/2013,10:24:05,-54.223418,-38.943294,SFL00000418,W8951_01_100313,0,7.7226,0.45,-1.13,6,6,0,
09/03/2013,10:32:00,-54.222854,-38.943934,SFL00000418,W8951_01_100313,0,14.189746,-0.55,-1.68,8,8,0,
09/03/2013,10:37:00,-54.221458,-38.944963,SFL00000418,W8951_01_100313,0,8.690133,0.26,-1.42,7,7,0,
09/03/2013,10:44:00,-54.220888,-38.946094,SFL00000418,W8951_01_100313,0,11.522985,-0.3,-1.72,6,6,0,
09/03/2013,10:49:00,-54.219899,-38.946298,SFL00000418,W8951_01_100313,0,8.577607,0.04,-1.68,6,6,0,
09/03/2013,10:54:00,-54.21855,-38.947215,SFL00000418,W8951_01_100313,0,6.396165,0.03,-1.68,5,5,0,
09/03/2013,10:59:00,-54.218353,-38.947742,SFL00000418,W8951_01_100313,0,5.372889,0,-1.68,7,7,0,
09/03/2013,11:04:00,-54.217611,-38.948545,SFL00000418,W8951_01_100313,0,5.482456,-0.01,-1.69,6,6,0,
09/03/2013,11:09:00,-54.216792,-38.949345,SFL00000418,W8951_01_100313,0,4.699474,0,-1.69,8,8,0,
09/03/2013,11:18:01,-54.215695,-38.951483,SFL00000418,W8951_01_100313,0,4.738955,0.13,-1.56,6,6,0,
09/03/2013,11:27:36,-54.208281,-38.946597,SFL00000418,W8951_01_100313,0,8.021974,1.79,-1.56,4,4,0,
09/03/2013,11:32:01,-54.213008,-38.953947,SFL00000418,W8951_01_100313,0,3.518064,0.27,-1.29,8,8,0,
09/03/2013,11:37:01,-54.211941,-38.954848,SFL00000418,W8951_01_100313,0,5.466916,0.22,-1.07,7,7,0,
09/03/2013,11:46:04,-54.211284,-38.957058,SFL00000418,W8951_01_100313,0,9.44947,-0.75,-1.82,6,6,0,
09/03/2013,11:52:00,-54.20997,-38.958067,SFL00000418,W8951_01_100313,0,11.934946,0.79,-1.03,8,8,0,
09/03/2013,11:57:18,-54.209392,-38.959699,SFL00000418,W8951_01_100313,0,9.717675,-0.02,-1.05,8,8,0,
09/03/2013,12:02:00,-54.208938,-38.960375,SFL00000418,W8951_01_100313,0,9.176308,-0.15,-1.2,7,7,0,
09/03/2013,12:07:00,-54.208299,-38.960735,SFL00000418,W8951_01_100313,0,10.171621,-0.46,-1.66,7,7,0,
09/03/2013,12:14:19,-54.207109,-38.963463,SFL00000418,W8951_01_100313,0,6.851128,0.48,-1.66,5,5,0,
09/03/2013,12:30:07,-54.20465,-38.968717,SFL00000418,W8951_01_100313,0,0.889824,0.67,-1.66,4,4,0,
09/03/2013,12:45:14,-54.203398,-38.973029,SFL00000418,W8951_01_100313,0,2.427752,0.11,-1.66,5,5,0,
09/03/2013,12:51:03,-54.203142,-38.97553,SFL00000418,W8951_01_100313,0,5.463764,0.33,-1.33,6,6,0,
09/03/2013,12:56:03,-54.202404,-38.976884,SFL00000418,W8951_01_100313,0,6.541369,-0.52,-1.85,6,6,0,
09/03/2013,13:12:01,-54.200383,-38.983335,SFL00000418,W8951_01_100313,0,5.964613,0.6,-1.85,5,5,0,
09/03/2013,13:27:00,-54.198772,-38.985684,SFL00000418,W8951_01_100313,0,3.008956,0.13,-1.72,6,6,0,
09/03/2013,14:15:07,-54.194154,-38.992937,SFL00000418,W8951_01_100313,0,0.444,0.37,-1.72,4,4,0,
09/03/2013,14:20:02,-54.196688,-38.997806,SFL00000418,W8951_01_100313,0,2.096346,0.68,-1.72,4,4,0,
09/03/2013,14:26:01,-54.192939,-38.994968,SFL00000418,W8951_01_100313,0,4.013272,0.35,-1.72,5,5,0,
09/03/2013,14:31:06,-54.192233,-38.994828,SFL00000418,W8951_01_100313,0,4.874257,0.11,-1.61,6,6,0,
09/03/2013,14:39:09,-54.191006,-38.995311,SFL00000418,W8951_01_100313,0,1.828922,-0.15,-1.61,4,4,0,
09/03/2013,14:48:16,-54.190556,-38.995029,SFL00000418,W8951_01_100313,0,11.80936,-0.14,-1.75,6,6,0,
09/03/2013,14:55:00,-54.190439,-38.996406,SFL00000418,W8951_01_100313,0,5.344178,-0.02,-1.75,5,5,0,
09/03/2013,15:00:00,-54.190211,-38.99674,SFL00000418,W8951_01_100313,0,12.293222,0.5,-1.75,5,5,0,
09/03/2013,15:05:02,-54.190193,-38.997308,SFL00000418,W8951_01_100313,0,18.836558,-0.15,-1.9,6,6,0,
09/03/2013,15:10:00,-54.189678,-38.997837,SFL00000418,W8951_01_100313,0,1.507018,0.92,-1.9,5,5,0,
09/03/2013,15:16:00,-54.189594,-38.998439,SFL00000418,W8951_01_100313,0,11.854634,0.43,-1.9,5,5,0,
09/03/2013,15:21:00,-54.189454,-38.99927,SFL00000418,W8951_01_100313,0,1.733553,0.13,-1.9,5,5,0,
09/03/2013,15:26:00,-54.189275,-39.000622,SFL00000418,W8951_01_100313,0,0.277975,0.84,-1.9,4,4,0,
09/03/2013,15:31:00,-54.189492,-39.000413,SFL00000418,W8951_01_100313,0,8.453549,0.11,-1.79,6,6,0,
09/03/2013,15:37:00,-54.189244,-39.000963,SFL00000418,W8951_01_100313,0,14.766258,0,-1.79,6,6,0,
09/03/2013,15:42:00,-54.189238,-39.001676,SFL00000418,W8951_01_100313,0,0.236718,0.47,-1.79,4,4,0,
09/03/2013,15:47:00,-54.189511,-39.001174,SFL00000418,W8951_01_100313,0,14.014984,0.09,-1.79,5,5,0,
09/03/2013,16:12:15,-54.190589,-39.006031,SFL00000418,W8951_01_100313,0,0.607363,0.71,-1.79,4,4,0,
09/03/2013,16:20:00,-54.189254,-39.004093,SFL00000418,W8951_01_100313,0,4.537658,0.02,-1.77,6,6,0,
09/03/2013,16:27:01,-54.189398,-39.005206,SFL00000418,W8951_01_100313,0,3.248,0.48,-1.77,5,5,0,
09/03/2013,16:35:09,-54.189524,-39.00538,SFL00000418,W8951_01_100313,0,5.071885,0.72,-1.05,8,8,0,
09/03/2013,16:49:09,-54.1899,-39.003897,SFL00000418,W8951_01_100313,0,6.008717,0.01,-1.04,8,8,0,
09/03/2013,17:11:40,-54.190158,-39.004376,SFL00000418,W8951_01_100313,0,4.59546,-0.5,-1.54,7,7,0,
09/03/2013,17:56:00,-54.190109,-39.004778,SFL00000418,W8951_01_100313,0,8.891628,0.48,-1.54,5,6,0,
09/03/2013,18:59:00,-54.190724,-39.000579,SFL00000418,W8951_01_100313,0,1.072544,0.39,-1.54,4,5,0,
09/03/2013,19:04:00,-54.190182,-38.99857,SFL00000418,W8951_01_100313,0,9.23467,0.48,-1.06,6,7,0,
09/03/2013,19:09:07,-54.19021,-38.997526,SFL00000418,W8951_01_100313,0,6.527672,-0.52,-1.06,5,6,0,
09/03/2013,19:18:09,-54.190441,-38.996148,SFL00000418,W8951_01_100313,0,9.000449,-0.3,-1.06,5,6,0,
09/03/2013,19:33:14,-54.19088,-38.991919,SFL00000418,W8951_01_100313,0,9.194008,-0.41,-1.47,7,8,0,
09/03/2013,19:38:00,-54.191105,-38.990548,SFL00000418,W8951_01_100313,0,9.771836,0.36,-1.11,6,7,0,
09/03/2013,19:43:00,-54.19095,-38.99,SFL00000418,W8951_01_100313,0,5.852263,-0.02,-1.13,6,7,0,
09/03/2013,19:49:02,-54.190994,-38.988367,SFL00000418,W8951_01_100313,0,5.545675,-0.64,-1.77,6,7,0,
09/03/2013,19:54:01,-54.190197,-38.988004,SFL00000418,W8951_01_100313,0,4.630876,0.06,-1.77,5,6,0,
09/03/2013,19:59:00,-54.190728,-38.986347,SFL00000418,W8951_01_100313,0,3.232046,0.65,-1.77,5,6,0,
09/03/2013,20:04:01,-54.190126,-38.985715,SFL00000418,W8951_01_100313,0,7.751526,-0.09,-1.86,6,7,0,
09/03/2013,20:09:06,-54.189718,-38.985073,SFL00000418,W8951_01_100313,0,5.656141,0.48,-1.38,6,7,0,
09/03/2013,20:14:00,-54.189535,-38.983796,SFL00000418,W8951_01_100313,0,0.421754,0.29,-1.38,4,4,0,
09/03/2013,20:22:02,-54.188942,-38.983266,SFL00000418,W8951_01_100313,0,3.699345,-0.22,-1.6,7,8,0,
09/03/2013,20:29:00,-54.188796,-38.981556,SFL00000418,W8951_01_100313,0,5.970601,0.48,-1.12,6,7,0,
09/03/2013,20:38:02,-54.188456,-38.979705,SFL00000418,W8951_01_100313,0,5.642809,-0.37,-1.49,7,7,0,
09/03/2013,20:54:01,-54.188324,-38.976088,SFL00000418,W8951_01_100313,0,9.913854,0.12,-1.37,8,8,0,
09/03/2013,21:00:18,-54.188677,-38.974625,SFL00000418,W8951_01_100313,0,5.007373,-0.24,-1.61,6,6,0,
09/03/2013,21:15:07,-54.189797,-38.9697,SFL00000418,W8951_01_100313,0,6.806887,-0.26,-1.87,8,8,0,
09/03/2013,21:24:08,-54.191968,-38.971135,SFL00000418,W8951_01_100313,0,4.246496,-0.03,-1.9,6,6,0,
09/03/2013,21:30:07,-54.192845,-38.972074,SFL00000418,W8951_01_100313,0,16.272528,0.51,-1.39,6,6,0,
09/03/2013,22:22:02,-54.200118,-38.943141,SFL00000418,W8951_01_100313,0,10.240582,0.1,-1.29,8,8,0,
09/03/2013,22:52:00,-54.196353,-38.940934,SFL00000418,W8951_01_100313,0,4.869851,-0.62,-1.91,7,7,0,
09/03/2013,23:08:00,-54.196534,-38.94097,SFL00000418,W8951_01_100313,0,11.871278,0.35,-1.56,8,8,0,
09/03/2013,23:15:00,-54.195281,-38.940143,SFL00000418,W8951_01_100313,0,8.939579,0,-1.56,8,8,0,
09/03/2013,23:23:04,-54.193515,-38.940263,SFL00000418,W8951_01_100313,0,3.124256,-0.25,-1.81,6,6,0,
09/03/2013,23:29:19,-54.191457,-38.940019,SFL00000418,W8951_01_100313,0,7.848801,0.52,-1.29,7,7,0,
10/03/2013,00:05:25,-54.189234,-38.939572,SFL00000418,W8951_01_100313,0,0.386072,-0.05,-1.29,4,4,0,
10/03/2013,00:14:00,-54.188003,-38.938158,SFL00000418,W8951_01_100313,0,11.283715,-0.52,-1.81,6,6,0,
10/03/2013,00:30:07,-54.184475,-38.933731,SFL00000418,W8951_01_100313,0,0.458988,0.33,-1.81,4,4,0,
10/03/2013,00:44:02,-54.170035,-38.91795,SFL00000418,W8951_01_100313,0,3.754232,1.7,-1.81,4,4,0,
10/03/2013,00:49:01,-54.180086,-38.927792,SFL00000418,W8951_01_100313,0,8.396129,0.1,-1.81,5,5,0,
10/03/2013,00:57:02,-54.174325,-38.92781,SFL00000418,W8951_01_100313,0,9.060424,-0.03,-1.81,5,5,0,
10/03/2013,01:22:00,-54.169323,-38.92933,SFL00000418,W8951_01_100313,0,5.723227,-0.33,-1.81,5,5,0,
10/03/2013,01:27:00,-54.167594,-38.930219,SFL00000418,W8951_01_100313,0,0.877683,-0.04,-1.81,5,5,0,
10/03/2013,01:34:01,-54.165909,-38.931448,SFL00000418,W8951_01_100313,0,7.768707,-0.06,-1.87,6,6,0,
10/03/2013,01:40:07,-54.163393,-38.932665,SFL00000418,W8951_01_100313,0,12.383891,0.12,-1.75,6,6,0,
10/03/2013,01:47:00,-54.162208,-38.931695,SFL00000418,W8951_01_100313,0,9.536062,0.25,-1.5,6,6,0,
10/03/2013,02:01:20,-54.160493,-38.932459,SFL00000418,W8951_01_100313,0,1.196801,-0.56,-1.5,4,4,0,
10/03/2013,02:08:16,-54.159107,-38.935014,SFL00000418,W8951_01_100313,0,0.819605,0.12,-1.5,4,4,0,
10/03/2013,02:16:08,-54.15625,-38.934588,SFL00000418,W8951_01_100313,0,8.74773,-0.5,-2,6,6,0,
10/03/2013,02:43:25,-54.158488,-38.942082,SFL00000418,W8951_01_100313,0,4.426716,0.13,-2,5,5,0,
10/03/2013,03:06:01,-54.151865,-38.951934,SFL00000418,W8951_01_100313,0,14.274726,0.41,-2,5,5,0,
10/03/2013,03:15:04,-54.151294,-38.951859,SFL00000418,W8951_01_100313,0,9.421275,0.7,-2,5,5,0,
10/03/2013,03:20:01,-54.15006,-38.953245,SFL00000418,W8951_01_100313,0,0.438449,0.07,-2,4,4,0,
10/03/2013,03:38:14,-54.146193,-38.958287,SFL00000418,W8951_01_100313,0,12.019421,0.33,-1.67,8,8,0,
10/03/2013,04:02:02,-54.146864,-38.960294,SFL00000418,W8951_01_100313,0,2.690474,-0.14,-1.67,5,5,0,
10/03/2013,04:27:18,-54.141679,-38.955467,SFL00000418,W8951_01_100313,0,1.438313,-0.17,-1.67,4,4,0,
10/03/2013,04:32:08,-54.139919,-38.952682,SFL00000418,W8951_01_100313,0,14.335012,-0.27,-1.94,8,8,0,
10/03/2013,04:38:03,-54.13893,-38.952619,SFL00000418,W8951_01_100313,0,6.588385,-0.13,-2.07,8,8,0,
10/03/2013,04:53:11,-54.137254,-38.945409,SFL00000418,W8951_01_100313,0,0.886872,0.13,-2.07,5,5,0,
10/03/2013,05:01:10,-54.136807,-38.944784,SFL00000418,W8951_01_100313,0,15.078834,0.01,-2.06,7,7,0,
10/03/2013,05:10:03,-54.138468,-38.945236,SFL00000418,W8951_01_100313,0,10.538587,-0.13,-2.19,8,8,0,
10/03/2013,05:15:03,-54.138565,-38.94327,SFL00000418,W8951_01_100313,0,19.339645,0.67,-1.52,6,6,0,
10/03/2013,05:20:00,-54.137113,-38.939474,SFL00000418,W8951_01_100313,0,5.566703,0.19,-1.33,8,8,0,
10/03/2013,05:47:00,-54.134378,-38.933358,SFL00000418,W8951_01_100313,0,9.398787,-0.36,-1.69,8,8,0,
10/03/2013,06:04:12,-54.131456,-38.925021,SFL00000418,W8951_01_100313,0,8.748547,-0.4,-2.09,8,8,0,
10/03/2013,06:20:07,-54.128047,-38.915581,SFL00000418,W8951_01_100313,0,5.717205,-0.03,-2.12,6,6,0,
10/03/2013,06:27:06,-54.125891,-38.909885,SFL00000418,W8951_01_100313,0,2.179654,-0.02,-2.12,5,5,0,
10/03/2013,06:35:03,-54.123555,-38.905656,SFL00000418,W8951_01_100313,0,12.015221,-0.03,-2.15,6,6,0,
10/03/2013,07:02:03,-54.118396,-38.884461,SFL00000418,W8951_01_100313,0,13.122886,0.02,-2.13,8,8,0,
10/03/2013,07:08:15,-54.117336,-38.87833,SFL00000418,W8951_01_100313,0,9.979658,0,-2.13,8,8,0,
10/03/2013,07:13:03,-54.117276,-38.874475,SFL00000418,W8951_01_100313,0,12.514472,-0.11,-2.24,8,8,0,
10/03/2013,07:45:01,-54.108695,-38.832306,SFL00000418,W8951_01_100313,0,7.392058,0.64,-1.6,6,6,0,
10/03/2013,07:51:02,-54.107089,-38.825156,SFL00000418,W8951_01_100313,0,9.863614,0.22,-1.38,8,8,0,
10/03/2013,07:57:10,-54.105338,-38.817081,SFL00000418,W8951_01_100313,0,3.428075,-0.91,-2.29,6,6,0,
10/03/2013,08:43:04,-54.090275,-38.753956,SFL00000418,W8951_01_100313,0,5.455874,0.78,-1.51,6,6,0,
10/03/2013,08:48:32,-54.088793,-38.747286,SFL00000418,W8951_01_100313,0,0.336742,-0.36,-1.51,4,4,0,
10/03/2013,09:03:19,-54.082858,-38.726121,SFL00000418,W8951_01_100313,0,1.777757,-0.4,-1.51,4,4,0,
10/03/2013,09:08:03,-54.081206,-38.719976,SFL00000418,W8951_01_100313,0,0.617448,-0.4,-1.51,4,4,0,
10/03/2013,09:17:55,-54.078139,-38.703201,SFL00000418,W8951_01_100313,0,4.108918,-0.16,-1.67,6,6,0,
10/03/2013,09:22:33,-54.077218,-38.698391,SFL00000418,W8951_01_100313,0,13.52621,-0.38,-2.05,8,8,0,
10/03/2013,09:31:00,-54.074853,-38.688599,SFL00000418,W8951_01_100313,0,14.414909,0.11,-1.94,8,8,0,
10/03/2013,09:36:00,-54.073811,-38.686314,SFL00000418,W8951_01_100313,0,10.688246,0.05,-1.89,8,8,0,
10/03/2013,09:44:23,-54.072613,-38.679973,SFL00000418,W8951_01_100313,0,15.674639,-0.27,-2.16,7,7,0,
10/03/2013,09:52:32,-54.070534,-38.669946,SFL00000418,W8951_01_100313,0,5.879486,0.42,-1.74,7,7,0,
10/03/2013,09:58:20,-54.067854,-38.663727,SFL00000418,W8951_01_100313,0,11.923909,-0.12,-1.86,7,7,0,
10/03/2013,10:14:07,-54.059946,-38.640206,SFL00000418,W8951_01_100313,0,9.323561,0.41,-1.45,7,7,0,
10/03/2013,10:19:32,-54.058312,-38.634502,SFL00000418,W8951_01_100313,0,10.391377,-0.22,-1.67,8,8,0,
10/03/2013,10:24:03,-54.057328,-38.633206,SFL00000418,W8951_01_100313,0,17.890769,-0.16,-1.83,6,6,0,
10/03/2013,10:31:04,-54.055714,-38.628585,SFL00000418,W8951_01_100313,0,8.272135,-0.23,-1.83,5,5,0,
10/03/2013,10:39:01,-54.052273,-38.617535,SFL00000418,W8951_01_100313,0,12.599446,-0.26,-2.09,7,7,0,
10/03/2013,10:46:32,-54.048147,-38.606603,SFL00000418,W8951_01_100313,0,14.863534,0.77,-2.09,5,5,0,
10/03/2013,10:51:35,-54.045975,-38.600177,SFL00000418,W8951_01_100313,0,14.629795,-0.02,-2.11,6,6,0,
10/03/2013,10:58:55,-54.04422,-38.588429,SFL00000418,W8951_01_100313,0,11.283995,0.4,-1.71,6,6,0,
10/03/2013,11:32:07,-54.033436,-38.538682,SFL00000418,W8951_01_100313,0,10.937672,-0.35,-2.06,6,6,0,
10/03/2013,11:57:07,-54.024428,-38.504904,SFL00000418,W8951_01_100313,0,12.681738,-0.14,-2.2,7,7,0,
10/03/2013,12:21:13,-54.016453,-38.471125,SFL00000418,W8951_01_100313,0,1.097116,0.35,-2.2,4,4,0,
10/03/2013,12:27:03,-54.013341,-38.465181,SFL00000418,W8951_01_100313,0,7.76431,0.03,-2.17,6,6,0,
10/03/2013,12:32:17,-54.011951,-38.462494,SFL00000418,W8951_01_100313,0,0.144018,0.39,-2.17,4,4,0,
10/03/2013,13:02:22,-54.001773,-38.421991,SFL00000418,W8951_01_100313,0,0.696959,0.55,-2.17,4,4,0,
10/03/2013,13:16:21,-53.999316,-38.40109,SFL00000418,W8951_01_100313,0,7.461242,-0.08,-2.25,6,6,0,
10/03/2013,13:23:00,-53.998032,-38.392223,SFL00000418,W8951_01_100313,0,0.733069,0.34,-2.25,4,4,0,
10/03/2013,13:29:11,-53.99813,-38.387293,SFL00000418,W8951_01_100313,0,4.691545,0.39,-1.86,6,6,0,
10/03/2013,13:36:31,-53.997447,-38.378827,SFL00000418,W8951_01_100313,0,1.317813,-0.51,-1.86,4,4,0,
10/03/2013,13:42:22,-53.996901,-38.371903,SFL00000418,W8951_01_100313,0,2.321481,-0.04,-1.86,5,5,0,
10/03/2013,13:50:02,-53.995762,-38.361246,SFL00000418,W8951_01_100313,0,0.673076,0.24,-1.86,4,4,0,
10/03/2013,13:58:05,-53.996667,-38.35049,SFL00000418,W8951_01_100313,0,0.136054,-0.13,-1.86,4,4,0,
10/03/2013,14:22:03,-54.001309,-38.323322,SFL00000418,W8951_01_100313,0,1.664293,0.24,-1.86,5,5,0,
10/03/2013,14:28:01,-54.004461,-38.31537,SFL00000418,W8951_01_100313,0,0.121014,0.06,-1.86,4,4,0,
10/03/2013,14:33:13,-54.006472,-38.30943,SFL00000418,W8951_01_100313,0,0.443435,-0.57,-1.86,4,4,0,
10/03/2013,14:48:07,-54.012589,-38.298679,SFL00000418,W8951_01_100313,0,12.738176,-0.03,-1.86,5,5,0,
10/03/2013,14:55:00,-54.015449,-38.292857,SFL00000418,W8951_01_100313,0,0.306907,-0.23,-1.86,4,4,0,
10/03/2013,15:18:05,-54.025013,-38.263639,SFL00000418,W8951_01_100313,0,0.397432,-0.01,-1.86,4,4,0,
10/03/2013,15:27:04,-54.027344,-38.251048,SFL00000418,W8951_01_100313,0,2.872558,0.19,-1.86,5,5,0,
10/03/2013,15:41:23,-54.029262,-38.227321,SFL00000418,W8951_01_100313,0,5.349707,0.19,-1.67,6,6,0,
10/03/2013,15:48:17,-54.028266,-38.21694,SFL00000418,W8951_01_100313,0,0.745475,0.05,-1.67,5,5,0,
10/03/2013,16:05:29,-54.023274,-38.190503,SFL00000418,W8951_01_100313,0,2.694383,-0.62,-1.67,5,5,0,
10/03/2013,16:14:05,-54.021382,-38.176571,SFL00000418,W8951_01_100313,0,0.182072,-0.3,-1.67,4,4,0,
10/03/2013,16:19:13,-54.020067,-38.170161,SFL00000418,W8951_01_100313,0,11.573039,-0.21,-1.88,6,6,0,
10/03/2013,16:35:17,-54.020309,-38.144106,SFL00000418,W8951_01_100313,0,15.927697,-0.55,-2.43,6,6,0,
10/03/2013,16:41:07,-54.017704,-38.136172,SFL00000418,W8951_01_100313,0,0.330337,0.62,-2.43,4,4,0,
10/03/2013,16:48:03,-54.020391,-38.123039,SFL00000418,W8951_01_100313,0,2.066966,0.25,-2.18,7,7,0,
10/03/2013,17:03:06,-54.026452,-38.098602,SFL00000418,W8951_01_100313,0,5.688057,0.5,-1.68,7,7,0,
10/03/2013,17:08:15,-54.027823,-38.091043,SFL00000418,W8951_01_100313,0,8.793667,0.02,-1.66,7,7,0,
10/03/2013,17:14:12,-54.027813,-38.083673,SFL00000418,W8951_01_100313,0,11.250662,-0.37,-1.66,5,6,0,
10/03/2013,17:37:36,-54.01708,-38.056726,SFL00000418,W8951_01_100313,0,10.724721,-0.25,-1.91,7,8,0,
10/03/2013,17:42:01,-54.014548,-38.055216,SFL00000418,W8951_01_100313,0,9.253276,-0.01,-1.91,5,6,0,
10/03/2013,17:47:18,-54.010468,-38.053022,SFL00000418,W8951_01_100313,0,11.722849,-0.51,-2.42,6,7,0,
10/03/2013,17:52:00,-54.008483,-38.052865,SFL00000418,W8951_01_100313,0,8.612393,0.4,-2.42,5,6,0,
10/03/2013,17:57:00,-54.0085,-38.052018,SFL00000418,W8951_01_100313,0,10.128965,0.38,-2.04,7,8,0,
10/03/2013,18:02:00,-54.0086,-38.05249,SFL00000418,W8951_01_100313,0,7.615907,-0.01,-2.05,6,7,0,
10/03/2013,18:07:00,-54.00658,-38.052056,SFL00000418,W8951_01_100313,0,0.445343,0.3,-2.05,4,4,0,
10/03/2013,18:12:00,-54.008637,-38.051802,SFL00000418,W8951_01_100313,0,1.341192,0,-2.05,5,6,0,
10/03/2013,18:17:00,-54.008532,-38.051794,SFL00000418,W8951_01_100313,0,6.47351,-0.02,-2.05,5,6,0,
10/03/2013,18:22:00,-54.008077,-38.052242,SFL00000418,W8951_01_100313,0,1.875959,-0.07,-2.05,5,6,0,
10/03/2013,18:27:00,-54.00824,-38.052195,SFL00000418,W8951_01_100313,0,0.237851,-0.06,-2.05,4,5,0,
